node,tag,name,type,area,group,plant_E,plant_N,utm39_E,utm39_N,base_EL,height_m,top_EL,height_source,has_geometry,source_sheet,notes,flags,confidence
50-a-0002,50-A-0002,"Sea water filtration package (bar screens, gates, drum screen channels)",other,Process & Utility,Area_Process & Utility,923.2,609.3,245404.38,3179809.9,96.15,4.56,100.71,cloud,yes,Plot Plan for Process & Utility,"Concrete screen-house deck / channel structure E 879-967.4, N 588-630.6. Drum screens and spray pumps traced as separate untagged items. 4 large intake pipes enter the north face at E ~914/922/929/936.5 coming from NE (not modelled).",plan_offset,medium
50-tc-09,50-TC-09,Sea water intake pit (forebay),basin,Process & Utility,Area_Process & Utility,924.85,579.98,245396.89,3179781.5,91.0,9.3,100.3,indicative,yes,Plot Plan for Process & Utility,Trapezoidal forebay between screen house (N 587.6) and pump bay (N 572.5). Depth indicative.,,medium
50-p-0001a-n,50-P-0001A~N,ORV sea water supply pumps A~N (14 vertical pumps),pump_group,Process & Utility,Area_Process & Utility,936.7,562.4,245402.73,3179761.12,97.66,8.49,106.15,cloud,yes,Plot Plan for Process & Utility,14 vertical can pumps E 909.2-964.2 at N 562.4 on the pump bay deck; vertical label 50-P-0001A~N at x~0.31.,plan_offset,high
70-ub-03,70-UB-03,Sea water (fire) pump shelter,shelter,Process & Utility,Area_Process & Utility,892.3,565.65,245361.51,3179777.94,97.29,9.6,106.89,cloud,yes,Plot Plan for Process & Utility,"Outline E 883.5-901.1, N 558.8-572.5 over the fire sea water pumps.; Defaults: beam_d, column, roof_overhang, roof_t, slab_t.",plan_offset,medium
70-p-0005b,70-P-0005B,Fire sea water pump B (diesel),pump,Process & Utility,Area_Process & Utility,887.0,564.3,245356.05,3179778.29,97.43,9.52,106.95,cloud,yes,Plot Plan for Process & Utility,Label 70-P-0005B~D covers the three diesel-driven units; B/C/D assigned west to east.; Defaults: plinth.,,medium
70-p-0005c,70-P-0005C,Fire sea water pump C (diesel),pump,Process & Utility,Area_Process & Utility,891.2,564.3,245360.04,3179776.99,97.53,9.46,106.99,cloud,yes,Plot Plan for Process & Utility,B/C/D order assumed west to east.; Defaults: plinth.,,medium
70-p-0005d,70-P-0005D,Fire sea water pump D (diesel),pump,Process & Utility,Area_Process & Utility,895.4,564.3,245364.04,3179775.69,97.56,9.47,107.03,cloud,yes,Plot Plan for Process & Utility,B/C/D order assumed west to east.; Defaults: plinth.,,medium
70-p-0005b-v-01,70-P-0005B-V-01,Diesel tank for 70-P-0005B,storage_tank_small,Process & Utility,Area_Process & Utility,873.7,571.6,245345.66,3179789.34,97.11,1.04,98.15,cloud,yes,Plot Plan for Process & Utility,"Group label 70-P-0005B~D-V-01; B/C/D assigned west to east.; Defaults: bund_h_m, roof_slope.",plan_offset,medium
70-p-0005c-v-01,70-P-0005C-V-01,Diesel tank for 70-P-0005C,storage_tank_small,Process & Utility,Area_Process & Utility,876.9,571.6,245348.7,3179788.35,97.18,1.46,98.64,cloud,yes,Plot Plan for Process & Utility,"Group label 70-P-0005B~D-V-01.; Defaults: bund_h_m, roof_slope.",plan_offset,medium
70-p-0005d-v-01,70-P-0005D-V-01,Diesel tank for 70-P-0005D,storage_tank_small,Process & Utility,Area_Process & Utility,880.1,571.6,245351.74,3179787.36,97.22,1.41,98.63,cloud,yes,Plot Plan for Process & Utility,"Group label 70-P-0005B~D-V-01.; Defaults: bund_h_m, roof_slope.",,medium
70-ub-04,70-UB-04,Fire water pump shelter,shelter,Process & Utility,Area_Process & Utility,879.6,520.4,245335.45,3179738.82,98.09,9.5,107.59,cloud,yes,Plot Plan for Process & Utility,"Column grid E 869.2-890.0, N 515.6-525.2; label 70-UB-04 west of matchline with leader.; Defaults: beam_d, column, roof_overhang, roof_t, slab_t.",plan_offset,medium
70-p-0006a,70-P-0006A,Fire water pump A,pump,Process & Utility,Area_Process & Utility,872.45,521.45,245328.97,3179742.03,98.09,9.5,107.59,cloud,yes,Plot Plan for Process & Utility,Label 70-P-0006A/B; A/B order and driver assumed.; Defaults: plinth.,,medium
70-p-0006b,70-P-0006B,Fire water pump B,pump,Process & Utility,Area_Process & Utility,881.4,520.55,245337.21,3179738.41,98.32,9.32,107.64,cloud,yes,Plot Plan for Process & Utility,Label 70-P-0006A/B; A/B order assumed.; Defaults: plinth.,,medium
70-v-0003,70-V-0003,Vessel 70-V-0003,vessel_h,Process & Utility,Area_Process & Utility,892.5,517.45,245346.8,3179732.03,98.31,8.29,106.6,cloud,yes,Plot Plan for Process & Utility,"Capsule vessel on paved pad east of 70-UB-04; label 70-V-0003 ends next to it.; Defaults: head, insulated, nozzles, saddle_h_m.",,medium
70-p-0009b,70-P-0009B,Pump 70-P-0009B,pump,Process & Utility,Area_Process & Utility,895.5,512.0,245347.97,3179725.92,100.0,1.2,101.2,indicative,yes,Plot Plan for Process & Utility,"Defaults: driver, plinth.",plan_offset,high
70-p-0009a,70-P-0009A,Pump 70-P-0009A,pump,Process & Utility,Area_Process & Utility,895.5,509.4,245347.17,3179723.45,100.0,1.2,101.2,indicative,yes,Plot Plan for Process & Utility,"Defaults: driver, plinth.",missing_in_cloud,high
70-p-0010b,70-P-0010B,Pump 70-P-0010B,pump,Process & Utility,Area_Process & Utility,895.5,506.4,245346.24,3179720.6,98.47,2.56,101.03,cloud,yes,Plot Plan for Process & Utility,"Defaults: driver, plinth.",,high
70-p-0010a,70-P-0010A,Pump 70-P-0010A,pump,Process & Utility,Area_Process & Utility,895.5,503.4,245345.32,3179717.74,100.0,1.2,101.2,indicative,yes,Plot Plan for Process & Utility,"Label line at bottom edge of package (70-P-0010A partly cut).; Defaults: driver, plinth.",plan_offset,medium
70-t-0002,70-T-0002,Tank 70-T-0002,storage_tank_small,Process & Utility,Area_Process & Utility,879.4,503.4,245330.0,3179722.72,98.39,13.79,112.18,cloud,yes,Plot Plan for Process & Utility,"Label 70-T-0002 just south of the package with leader up to the circle; octagonal ring around it (curb/stair) not modelled.; Defaults: bund_h_m, handrail, ladder, roof_slope.",plan_offset,medium
50-t-0002a,50-T-0002A,Sodium hypochlorite tank A,storage_tank_small,Process & Utility,Area_Process & Utility,962.5,496.5,245406.91,3179690.48,100.57,13.19,113.76,cloud,yes,Plot Plan for Process & Utility,"8 tanks in 2 columns x 4 rows under shelter 70-UB-02. Label 50-T-0002A/C/E/G leads to east column; individual letter order N->S assumed.; Defaults: bund_h_m, form, handrail, ladder, roof, roof_slope.",,medium
50-t-0002b,50-T-0002B,Sodium hypochlorite tank B,storage_tank_small,Process & Utility,Area_Process & Utility,955.0,496.5,245399.77,3179692.8,99.43,12.1,111.53,cloud,yes,Plot Plan for Process & Utility,"Label 50-T-0002B/D/F/H leads to west column; letter order N->S assumed.; Defaults: bund_h_m, form, handrail, ladder, roof, roof_slope.",,medium
50-t-0002c,50-T-0002C,Sodium hypochlorite tank C,storage_tank_small,Process & Utility,Area_Process & Utility,962.5,487.5,245404.12,3179681.92,110.17,3.74,113.91,cloud,yes,Plot Plan for Process & Utility,"Letter order assumed.; Defaults: bund_h_m, form, handrail, ladder, roof, roof_slope.",,medium
50-t-0002d,50-T-0002D,Sodium hypochlorite tank D,storage_tank_small,Process & Utility,Area_Process & Utility,955.0,487.5,245396.99,3179684.24,99.9,11.66,111.56,cloud,yes,Plot Plan for Process & Utility,"Letter order assumed.; Defaults: bund_h_m, form, handrail, ladder, roof, roof_slope.",,medium
50-t-0002e,50-T-0002E,Sodium hypochlorite tank E,storage_tank_small,Process & Utility,Area_Process & Utility,962.5,480.5,245401.96,3179675.26,110.28,3.75,114.03,cloud,yes,Plot Plan for Process & Utility,"Letter order assumed.; Defaults: bund_h_m, form, handrail, ladder, roof, roof_slope.",,medium
50-t-0002f,50-T-0002F,Sodium hypochlorite tank F,storage_tank_small,Process & Utility,Area_Process & Utility,955.0,480.5,245394.83,3179677.58,99.99,11.77,111.76,cloud,yes,Plot Plan for Process & Utility,"Letter order assumed.; Defaults: bund_h_m, form, handrail, ladder, roof, roof_slope.",,medium
50-t-0002g,50-T-0002G,Sodium hypochlorite tank G,storage_tank_small,Process & Utility,Area_Process & Utility,962.5,471.5,245399.18,3179666.7,99.49,14.76,114.25,cloud,yes,Plot Plan for Process & Utility,"Letter order assumed.; Defaults: bund_h_m, form, handrail, ladder, roof, roof_slope.",,medium
50-t-0002h,50-T-0002H,Sodium hypochlorite tank H,storage_tank_small,Process & Utility,Area_Process & Utility,955.0,471.5,245392.05,3179669.02,99.46,12.03,111.49,cloud,yes,Plot Plan for Process & Utility,"Letter order assumed.; Defaults: bund_h_m, form, handrail, ladder, roof, roof_slope.",,medium
70-ub-02,70-UB-02,Sodium hypochlorite tank shelter,shelter,Process & Utility,Area_Process & Utility,959.9,484.0,245400.57,3179679.39,99.25,14.62,113.87,cloud,yes,Plot Plan for Process & Utility,"Dash-dot column grid E 950.0-969.8, N 467.0-501.0 over 50-T-0002A~H.; Defaults: bay, beam_d, column, roof_overhang, roof_t, slab_t.",plan_offset,medium
50-a-0003,50-A-0003,Sodium hypochlorite package,package,Process & Utility,Area_Process & Utility,973.2,481.8,245412.54,3179673.19,99.3,9.63,108.93,cloud,yes,Plot Plan for Process & Utility,"Skid inside a dash-dot enclosure E 969.8-977.1, N 474.7-488.1 (east annex of 70-UB-02).; Defaults: colour.",,medium
70-v-1001,70-V-1001,Air receiver,vessel_v,Process & Utility,Area_Process & Utility,950.9,452.0,245382.12,3179651.74,99.73,7.11,106.84,cloud,yes,Plot Plan for Process & Utility,"Small octagon foundation on receiver pad; tag assignment by elimination (70-V-1002A/B leader runs through the two big ones).; Defaults: d_m, head, insulated, ladder, nozzles, skirt_h_m, top_platform.",,low
70-v-1002a,70-V-1002A,Air receiver A,vessel_v,Process & Utility,Area_Process & Utility,957.8,452.0,245388.68,3179649.61,99.78,22.96,122.74,cloud,yes,Plot Plan for Process & Utility,"Circle d 4.9 m drawn inside octagon foundation (~5.3 m); may be foundation rather than shell. A/B order W->E assumed.; Defaults: d_m, head, insulated, ladder, nozzles, skirt_h_m, top_platform.",,medium
70-v-1002b,70-V-1002B,Air receiver B,vessel_v,Process & Utility,Area_Process & Utility,966.4,452.0,245396.86,3179646.95,99.83,22.55,122.38,cloud,yes,Plot Plan for Process & Utility,"See 70-V-1002A.; Defaults: d_m, head, insulated, ladder, nozzles, skirt_h_m, top_platform.",plan_offset,medium
70-ub-01,70-UB-01,Air compressor shelter,shelter,Process & Utility,Area_Process & Utility,957.4,430.6,245381.69,3179629.38,100.08,12.71,112.79,cloud,yes,Plot Plan for Process & Utility,"Column grid E 950.3-964.5, N 415.5-445.7; houses compressors, dryers and crane 70-XC-0001.; Defaults: bay, beam_d, column, roof_overhang, roof_t, slab_t.",plan_offset,high
70-xc-0001,70-XC-0001,Compressor shelter overhead crane,other,Process & Utility,Area_Process & Utility,957.4,430.6,245381.69,3179629.38,100.34,12.13,112.47,cloud,yes,Plot Plan for Process & Utility,Overhead crane in 70-UB-01 (no catalogue type); modelled as a runway beam along the shelter axis. Crossed maintenance bay at N ~425-428.,,low
70-a-1002a,70-A-1002A,Air dryer A,package,Process & Utility,Area_Process & Utility,956.5,442.4,245384.48,3179640.88,100.14,12.47,112.61,cloud,yes,Plot Plan for Process & Utility,Label 70-A-1002A/B; A/B order N->S assumed.; Defaults: colour.,plan_offset,medium
70-a-1002b,70-A-1002B,Air dryer B,package,Process & Utility,Area_Process & Utility,956.5,438.6,245383.31,3179637.27,100.45,12.24,112.69,cloud,yes,Plot Plan for Process & Utility,A/B order assumed.; Defaults: colour.,plan_offset,medium
70-a-1001b,70-A-1001B,Air compressor B,compressor,Process & Utility,Area_Process & Utility,957.0,432.2,245381.81,3179631.02,100.62,12.19,112.81,cloud,yes,Plot Plan for Process & Utility,"Upper (north) compressor package in 70-UB-01.; Defaults: enclosure, operating_floor_m, throws.",,high
70-a-1001a,70-A-1001A,Air compressor A,compressor,Process & Utility,Area_Process & Utility,957.0,420.2,245378.1,3179619.61,100.28,12.67,112.95,cloud,yes,Plot Plan for Process & Utility,"Lower (south) compressor package in 70-UB-01.; Defaults: enclosure, operating_floor_m, throws.",,high
70-a-1001b-s-01,70-A-1001B-S-01,Air compressor B intake filter,package,Process & Utility,Area_Process & Utility,967.4,432.3,245391.73,3179627.91,100.03,10.75,110.78,cloud,yes,Plot Plan for Process & Utility,Drawing text reads 70-A-1001B-S01; outside east side of 70-UB-01.; Defaults: colour.,,medium
70-a-1001a-s-01,70-A-1001A-S-01,Air compressor A intake filter,package,Process & Utility,Area_Process & Utility,967.4,420.6,245388.11,3179616.78,100.25,10.74,110.99,cloud,yes,Plot Plan for Process & Utility,Drawing text reads 70-A-1001A-S01.; Defaults: colour.,plan_offset,medium
70-p-0008a,70-P-0008A,Water pump 0008A,pump,Process & Utility,Area_Process & Utility,938.0,455.5,245370.94,3179659.05,99.6,1.92,101.52,cloud,yes,Plot Plan for Process & Utility,"Six pump skids in a column at E 938; pair-to-tag mapping (0008 north, 0001 middle, 0002 south) inferred from label positions; A/B order assumed N->S.; Defaults: driver, plinth.",,low
70-p-0008b,70-P-0008B,Water pump 0008B,pump,Process & Utility,Area_Process & Utility,938.0,452.5,245370.01,3179656.2,100.0,1.5,101.5,indicative,yes,Plot Plan for Process & Utility,"See 70-P-0008A.; Defaults: driver, plinth.",plan_offset,low
70-p-0001a,70-P-0001A,Water pump 0001A,pump,Process & Utility,Area_Process & Utility,938.0,449.5,245369.08,3179653.35,100.0,1.5,101.5,indicative,yes,Plot Plan for Process & Utility,"Mapping inferred; see 70-P-0008A.; Defaults: driver, plinth.",plan_offset,low
70-p-0001b,70-P-0001B,Water pump 0001B,pump,Process & Utility,Area_Process & Utility,938.0,446.5,245368.15,3179650.49,99.69,2.73,102.42,cloud,yes,Plot Plan for Process & Utility,"Mapping inferred.; Defaults: driver, plinth.",,low
70-p-0002a,70-P-0002A,Water pump 0002A,pump,Process & Utility,Area_Process & Utility,938.0,438.5,245365.68,3179642.89,99.86,1.91,101.77,cloud,yes,Plot Plan for Process & Utility,"Leader from 70-P-0002A/B runs up along E ~940 to this pair.; Defaults: driver, plinth.",plan_offset,medium
70-p-0002b,70-P-0002B,Water pump 0002B,pump,Process & Utility,Area_Process & Utility,938.0,435.5,245364.75,3179640.03,100.0,1.5,101.5,indicative,yes,Plot Plan for Process & Utility,"Defaults: driver, plinth.",plan_offset,medium
70-s-0001a,70-S-0001A,Sea water cooling filter A,vessel_v,Process & Utility,Area_Process & Utility,934.2,485.0,245376.44,3179688.29,100.0,2.5,102.5,indicative,yes,Plot Plan for Process & Utility,"Twin-filter skid E 933.2-937.4, N 483.8-486.1 at end of 70-S-0001A/B label underline.; Defaults: d_m, head, insulated, ladder, nozzles, skirt_h_m, top_platform.",,low
70-s-0001b,70-S-0001B,Sea water cooling filter B,vessel_v,Process & Utility,Area_Process & Utility,936.6,485.0,245378.72,3179687.54,98.99,2.43,101.42,cloud,yes,Plot Plan for Process & Utility,"Defaults: d_m, head, insulated, ladder, nozzles, skirt_h_m, top_platform.",,low
70-a-0004b,70-A-0004B,Package 70-A-0004B,package,Process & Utility,Area_Process & Utility,933.3,471.2,245371.32,3179675.44,99.26,4.44,103.7,cloud,yes,Plot Plan for Process & Utility,Leader ends at N 471.2 beside this skid.; Defaults: colour.,plan_offset,medium
70-a-0004a,70-A-0004A,Package 70-A-0004A,package,Process & Utility,Area_Process & Utility,933.3,460.05,245367.87,3179664.83,99.42,6.39,105.81,cloud,yes,Plot Plan for Process & Utility,Defaults: colour.,plan_offset,medium
70-v-0002,70-V-0002,Vessel 70-V-0002,vessel_v,Process & Utility,Area_Process & Utility,932.0,455.8,245365.32,3179661.19,99.51,7.29,106.8,cloud,yes,Plot Plan for Process & Utility,"Octagon foundation; leader from west label list.; Defaults: d_m, head, insulated, ladder, nozzles, skirt_h_m, top_platform.",,medium
70-v-0001,70-V-0001,Horizontal vessel 70-V-0001,vessel_h,Process & Utility,Area_Process & Utility,930.7,450.25,245362.37,3179656.32,99.56,4.11,103.67,cloud,yes,Plot Plan for Process & Utility,"Defaults: d_m, head, insulated, nozzles, orient, saddle_h_m.",plan_offset,medium
70-a-0003,70-A-0003,Package 70-A-0003,package,Process & Utility,Area_Process & Utility,937.8,442.5,245366.73,3179646.75,99.78,4.63,104.41,cloud,yes,Plot Plan for Process & Utility,Leader runs along N ~445 then down to this skid; partly inferred.; Defaults: colour.,plan_offset,low
70-t-0001b,70-T-0001B,Tank 70-T-0001B,storage_tank_small,Process & Utility,Area_Process & Utility,929.1,444.2,245358.98,3179651.06,99.64,6.63,106.27,cloud,yes,Plot Plan for Process & Utility,"Octagon foundation ~4.6 m, shell circle ~3.8 m.; Defaults: bund_h_m, form, handrail, ladder, roof, roof_slope.",plan_offset,high
70-t-0001a,70-T-0001A,Tank 70-T-0001A,storage_tank_small,Process & Utility,Area_Process & Utility,929.1,435.2,245356.2,3179642.5,99.81,6.92,106.73,cloud,yes,Plot Plan for Process & Utility,"Defaults: bund_h_m, form, handrail, ladder, roof, roof_slope.",plan_offset,high
70-ub-08,70-UB-08,Shelter for 70-A-0016,shelter,Process & Utility,Area_Process & Utility,931.1,428.55,245356.05,3179635.56,99.99,6.86,106.85,cloud,yes,Plot Plan for Process & Utility,"Defaults: bay, beam_d, column, roof_overhang, roof_t, slab_t.",plan_offset,high
70-a-0016,70-A-0016,Package 70-A-0016,package,Process & Utility,Area_Process & Utility,931.05,428.65,245356.03,3179635.67,100.01,6.87,106.88,cloud,yes,Plot Plan for Process & Utility,Defaults: colour.,,high
70-a-0002,70-A-0002,Package 70-A-0002 plot,paved,Process & Utility,Area_Process & Utility,932.15,419.1,245354.12,3179626.24,100.0,0.3,100.3,indicative,yes,Plot Plan for Process & Utility,"Leader ends on the package boundary line; subitems E-02A/B, E-03, H-04, V-05 registered separately.",,medium
70-a-0002-e-03,70-A-0002-E-03,70-A-0002 exchanger E-03,other,Process & Utility,Area_Process & Utility,930.9,423.6,245354.33,3179630.91,100.18,21.33,121.51,cloud,yes,Plot Plan for Process & Utility,Grated (fin) unit.,,medium
70-a-0002-e-02a,70-A-0002-E-02A,70-A-0002 exchanger E-02A,other,Process & Utility,Area_Process & Utility,935.8,422.7,245358.71,3179628.54,100.21,6.75,106.96,cloud,yes,Plot Plan for Process & Utility,Two grated units (air coolers?) assigned E-02A/B by elimination; A/B order assumed N->S.,,low
70-a-0002-e-02b,70-A-0002-E-02B,70-A-0002 exchanger E-02B,other,Process & Utility,Area_Process & Utility,935.8,418.6,245357.44,3179624.64,100.23,6.72,106.95,cloud,yes,Plot Plan for Process & Utility,,plan_offset,low
70-a-0002-v-05,70-A-0002-V-05,70-A-0002 vessel V-05,vessel_v,Process & Utility,Area_Process & Utility,929.0,420.7,245351.62,3179628.74,100.11,21.07,121.18,cloud,yes,Plot Plan for Process & Utility,"Defaults: d_m, head, insulated, ladder, nozzles, skirt_h_m, top_platform.",plan_offset,high
70-a-0002-h-04,70-A-0002-H-04,70-A-0002 heater H-04,other,Process & Utility,Area_Process & Utility,931.45,414.9,245352.16,3179622.47,100.0,1.2,101.2,indicative,yes,Plot Plan for Process & Utility,Slender in-line element at end of H-04 leader.,missing_in_cloud,medium
70-ss-01,70-SS-01,Main electrical substation,substation,Process & Utility,Area_Process & Utility,897.65,347.2,245299.09,3179568.52,102.4,9.19,111.59,cloud,yes,Plot Plan for Process & Utility,"Main switchroom core E853.9-941.4 N333.4-361.0; transformer bays, west annex and north block registered separately.; Defaults: door_h, door_w, doors, hvac, parapet_h, parapet_t, plinth_h, roof_overhang, roof_t, sill_h, storey_h, window_h, windows.",plan_offset,high
70-a-0012,70-A-0012,Main emergency power generation pad,paved,Process & Utility,Area_Process & Utility,825.3,350.66,245231.36,3179594.17,100.0,0.2,100.2,indicative,yes,Plot Plan for Process & Utility,Concrete pad of package 70-A-0012; generators and day tanks separate.,,high
70-tc-0001,70-TC-0001,Sanitary lift station,basin,Process & Utility,Area_Process & Utility,796.25,369.5,245209.55,3179621.06,96.5,3.8,100.3,indicative,yes,Plot Plan for Process & Utility,"Defaults: floor_t, freeboard, kerb_h, wall_t.",,high
70-p-0011a,70-P-0011A,Sanitary lift pump A,pump,Process & Utility,Area_Process & Utility,796.3,367.7,245209.04,3179619.34,100.3,1.0,101.3,indicative,yes,Plot Plan for Process & Utility,"Submersible pump in 70-TC-0001; leader to east pump.; Defaults: driver, plinth.",,medium
70-p-0011b,70-P-0011B,Sanitary lift pump B,pump,Process & Utility,Area_Process & Utility,794.7,367.7,245207.52,3179619.83,100.3,1.0,101.3,indicative,yes,Plot Plan for Process & Utility,"Submersible pump in 70-TC-0001; leader to west pump.; Defaults: driver, plinth.",,medium
50-b-14,50-B-14,Operator house,building,Process & Utility,Area_Process & Utility,976.6,337.65,245371.23,3179535.04,101.75,5.23,106.98,cloud,yes,Plot Plan for Process & Utility,"Label underline extends north to this small hut E974.9-978.3 N333.8-341.5; could instead refer to large building-pu3-02.; Defaults: door_h, door_w, doors, hvac, parapet_h, parapet_t, plinth_h, roof_overhang, roof_t, sill_h, storey_h, window_h, windows.",plan_offset,medium
70-a-0015,70-A-0015,Water treatment package (west pad),paved,Process & Utility,Area_Process & Utility,898.42,276.37,245277.94,3179500.92,100.0,0.2,100.2,indicative,yes,Plot Plan for Process & Utility,Package area as pad; split from 70-A-0014 at E916.1 by label position; equipment registered separately.,,medium
70-a-0014,70-A-0014,Water treatment package (east pad),paved,Process & Utility,Area_Process & Utility,923.75,276.85,245302.18,3179493.55,100.0,0.2,100.2,indicative,yes,Plot Plan for Process & Utility,,,medium
70-ub-05,70-UB-05,Water treatment shelter,shelter,Process & Utility,Area_Process & Utility,898.05,279.1,245278.43,3179503.63,102.29,6.97,109.26,cloud,yes,Plot Plan for Process & Utility,"Defaults: bay, beam_d, column, roof_overhang, roof_t, slab_t.",plan_offset,high
70-ub-07,70-UB-07,Water treatment shelter (east),shelter,Process & Utility,Area_Process & Utility,923.25,275.8,245301.38,3179492.71,102.45,4.74,107.19,cloud,yes,Plot Plan for Process & Utility,"Dashed roof outline E917.3-929.2 N272.2-279.4 under the 70-UB-07 label.; Defaults: bay, beam_d, column, roof_overhang, roof_t, slab_t.",plan_offset,medium
70-ub-06,70-UB-06,Neutralization package shelter,shelter,Process & Utility,Area_Process & Utility,960.7,275.15,245336.8,3179480.52,102.5,13.12,115.62,cloud,yes,Plot Plan for Process & Utility,"Defaults: bay, beam_d, column, roof_overhang, roof_t, slab_t.",plan_offset,high
50-a-0004,50-A-0004,Neutralization package skid,package,Process & Utility,Area_Process & Utility,962.9,274.7,245338.75,3179479.41,102.59,13.24,115.83,cloud,yes,Plot Plan for Process & Utility,"Skid next to tank under 70-UB-06; sub-items M-01, P-01A~C not individually legible (likely on this skid / tank).; Defaults: colour.",,medium
50-e-0001l,50-E-0001L,Open rack vaporizer L,vaporizer_orv,Process & Utility,Area_Process & Utility,1044.55,584.2,245512.04,3179748.53,97.37,11.03,108.4,cloud,yes,Plot Plan for Process & Utility,Upper unit of pair L/K; long axis E-W. Grade HPFS EL 100.0.; Defaults: stairs.,,high
50-e-0001k,50-E-0001K,Open rack vaporizer K,vaporizer_orv,Process & Utility,Area_Process & Utility,1044.55,561.1,245504.9,3179726.56,97.91,10.75,108.66,cloud,yes,Plot Plan for Process & Utility,Defaults: stairs.,plan_offset,high
50-e-0001j,50-E-0001J,Open rack vaporizer J,vaporizer_orv,Process & Utility,Area_Process & Utility,1044.55,542.0,245499.0,3179708.4,98.16,11.02,109.18,cloud,yes,Plot Plan for Process & Utility,Defaults: stairs.,,high
50-e-0001i,50-E-0001I,Open rack vaporizer I,vaporizer_orv,Process & Utility,Area_Process & Utility,1044.55,518.9,245491.86,3179686.43,98.68,10.76,109.44,cloud,yes,Plot Plan for Process & Utility,Defaults: stairs.,plan_offset,high
50-e-0001h,50-E-0001H,Open rack vaporizer H,vaporizer_orv,Process & Utility,Area_Process & Utility,1044.55,499.3,245485.8,3179667.79,98.94,11.02,109.96,cloud,yes,Plot Plan for Process & Utility,Defaults: stairs.,,high
50-e-0001g,50-E-0001G,Open rack vaporizer G,vaporizer_orv,Process & Utility,Area_Process & Utility,1044.55,477.5,245479.07,3179647.05,99.44,10.78,110.22,cloud,yes,Plot Plan for Process & Utility,Defaults: stairs.,plan_offset,high
50-e-0001f,50-E-0001F,Open rack vaporizer F,vaporizer_orv,Process & Utility,Area_Process & Utility,1044.55,440.3,245467.57,3179611.67,99.99,11.06,111.05,cloud,yes,Plot Plan for Process & Utility,Defaults: stairs.,,high
50-e-0001e,50-E-0001E,Open rack vaporizer E,vaporizer_orv,Process & Utility,Area_Process & Utility,1044.55,417.7,245460.59,3179590.18,100.45,10.85,111.3,cloud,yes,Plot Plan for Process & Utility,Defaults: stairs.,plan_offset,high
50-e-0001d,50-E-0001D,Open rack vaporizer D,vaporizer_orv,Process & Utility,Area_Process & Utility,1044.55,398.5,245454.66,3179571.92,100.7,11.08,111.78,cloud,yes,Plot Plan for Process & Utility,Defaults: stairs.,,high
50-e-0001c,50-E-0001C,Open rack vaporizer C,vaporizer_orv,Process & Utility,Area_Process & Utility,1044.55,376.6,245447.89,3179551.09,101.17,10.86,112.03,cloud,yes,Plot Plan for Process & Utility,Defaults: stairs.,,high
50-e-0001b,50-E-0001B,Open rack vaporizer B,vaporizer_orv,Process & Utility,Area_Process & Utility,1044.55,355.9,245441.49,3179531.4,101.42,11.04,112.46,cloud,yes,Plot Plan for Process & Utility,Defaults: stairs.,plan_offset,high
50-e-0001a,50-E-0001A,Open rack vaporizer A,vaporizer_orv,Process & Utility,Area_Process & Utility,1044.55,333.5,245434.57,3179510.1,101.87,10.78,112.65,cloud,yes,Plot Plan for Process & Utility,Defaults: stairs.,plan_offset,high
50-a-0007-l-01a,50-A-0007-L-01A,Pig launcher,vessel_h,Process & Utility,Area_Process & Utility,1038.5,629.2,245520.19,3179793.2,96.61,5.91,102.52,cloud,yes,Plot Plan for Process & Utility,"Label reads '...0007-L-01A' (prefix 50-A- cut at region edge, matches equipment list). Barrel E 1031-1046; kicker/piping continues east to ~E 1053.; Defaults: head, insulated, orient.",plan_offset,medium
50-a-0005-l-01c,50-A-0005-L-01C,Pig launcher,vessel_h,Process & Utility,Area_Process & Utility,1039.0,623.6,245518.94,3179787.72,96.75,3.2,99.95,cloud,yes,Plot Plan for Process & Utility,"Label reads '...0005-L-01C' (prefix 50-A- cut at region edge).; Defaults: head, insulated, orient.",,medium
50-a-0005-l-01a,50-A-0005-L-01A,Pig launcher,vessel_h,Process & Utility,Area_Process & Utility,1039.0,610.5,245514.89,3179775.26,96.99,3.07,100.06,cloud,yes,Plot Plan for Process & Utility,"Label reads '-0005-L-01A' (prefix 50-A- cut at region edge).; Defaults: head, insulated, orient.",plan_offset,medium
50-tc-10,50-TC-10,Sea water outfall pit,basin,Process & Utility,Area_Process & Utility,1027.55,289.55,245404.82,3179473.55,96.0,4.3,100.3,indicative,yes,Plot Plan for Process & Utility,"Outer outline E 1015.9-1039.2, N 279.3-299.8; four outfall pipes leave the south wall. Depth not given.; Defaults: floor_t, freeboard, kerb_h, wall_t.",,high
30-v-0001,30-V-0001,Recondenser,vessel_v,Process & Utility,Area_Process & Utility,1092.9,418.5,245506.82,3179576.0,104.55,21.05,125.6,cloud,yes,Plot Plan for Process & Utility,"Circle at E 1092.9 N 418.5 inside its structure (just east of package edge); top estimated above PF EL 124.0.; Defaults: d_m, head, insulated, ladder, nozzles, skirt_h_m, top_platform.",,medium
50-ah-0001,50-AH-0001,Analyzer house,analyzer_house,Process & Utility,Area_Process & Utility,1084.25,618.6,245560.43,3179768.98,97.04,17.35,114.39,cloud,yes,Plot Plan for Process & Utility,"Leader from label runs west then south to this hut west of the metering shelter. Grade HPFS EL 100.000.; Defaults: door_h, door_w, doors, hvac, parapet_h, parapet_t, plinth_h, roof_overhang, roof_t, sill_h, storey_h, window_h, windows.",,medium
50-b-13,50-B-13,Operator house process I,building,Process & Utility,Area_Process & Utility,1094.75,637.6,245576.28,3179783.81,96.46,5.53,101.99,cloud,yes,Plot Plan for Process & Utility,"Small house north of the metering shelter.; Defaults: door_h, door_w, doors, hvac, parapet_h, parapet_t, plinth_h, roof_overhang, roof_t, sill_h, storey_h, window_h, windows.",,medium
50-ms-01,50-MS-01,Metering station shelter I,shelter,Process & Utility,Area_Process & Utility,1124.0,617.35,245597.84,3179755.51,96.92,21.44,118.36,cloud,yes,Plot Plan for Process & Utility,"Column grid E1093-1155, N604.1-630.6, ~7 m bays. Houses 50-A-0006 and overhead crane 50-XC-0001.; Defaults: beam_d, column, roof_overhang, roof_t, slab_t.",plan_offset,high
50-a-0006,50-A-0006,Metering station package (refineries gas duct),package,Process & Utility,Area_Process & Utility,1118.85,616.6,245592.71,3179756.39,97.35,21.06,118.41,cloud,yes,Plot Plan for Process & Utility,"Dense metering skids inside shelter 50-MS-01 (E1094.4-1143.3, N605.9-627.3).; Defaults: colour.",plan_offset,medium
50-xc-0001,50-XC-0001,Overhead crane for metering station shelter,other,Process & Utility,Area_Process & Utility,1152.0,617.35,245624.47,3179746.86,97.39,21.01,118.4,cloud,yes,Plot Plan for Process & Utility,"Overhead crane bridge modelled as a beam across the shelter at the crossed maintenance bay (E1149-1155, N612.5-630.6) at the east end of 50-MS-01; rail elevation not given.",,low
heater-pu5-50f-a,50-F-0002A,NG trim heater A,heater,Process & Utility,Area_Process & Utility,1139.2,544.5,245589.79,3179681.53,98.27,7.76,106.03,cloud,yes,Plot Plan for Process & Utility,"Five heaters stacked N-S on one pad (E1129.3-1147.9, N539.4-589.7); labels E (top) to A (bottom) assigned north to south.",plan_offset,medium
heater-pu5-50f-b,50-F-0002B,NG trim heater B,heater,Process & Utility,Area_Process & Utility,1139.2,554.9,245593.0,3179691.42,98.1,7.58,105.68,cloud,yes,Plot Plan for Process & Utility,,plan_offset,medium
heater-pu5-50f-c,50-F-0002C,NG trim heater C,heater,Process & Utility,Area_Process & Utility,1139.2,565.0,245596.12,3179701.02,97.91,7.54,105.45,cloud,yes,Plot Plan for Process & Utility,,plan_offset,medium
heater-pu5-50f-d,50-F-0002D,NG trim heater D,heater,Process & Utility,Area_Process & Utility,1139.2,575.0,245599.21,3179710.54,97.73,7.5,105.23,cloud,yes,Plot Plan for Process & Utility,,plan_offset,medium
heater-pu5-50f-e,50-F-0002E,NG trim heater E,heater,Process & Utility,Area_Process & Utility,1139.2,584.9,245602.27,3179719.95,97.54,7.56,105.1,cloud,yes,Plot Plan for Process & Utility,,plan_offset,medium
30-hef-002,30-HEF-002,Foam system package for 30-TC-04,package,Process & Utility,Area_Process & Utility,1188.95,571.7,245645.51,3179692.02,97.74,3.45,101.19,cloud,yes,Plot Plan for Process & Utility,"Enclosure on pad E1185.7-1191.7, N567.6-576.4; label 30-HEF-002 (second of two identical labels) sits at this northing right of the BL.",plan_offset,medium
30-tc-04,30-TC-04,Impound basin,basin,Process & Utility,Area_Process & Utility,1167.0,549.6,245617.81,3179677.79,97.0,3.3,100.3,indicative,yes,Plot Plan for Process & Utility,"Pit inside a 9.5x8.4 m kerb (E1162.8-1172.3, N545.3-553.7); R6000 circle drawn around it. Depth not given.; Defaults: floor_t, freeboard, kerb_h, wall_t.",,medium
30-heg-002,30-HEG-002,Foam generator,package,Process & Utility,Area_Process & Utility,1169.5,551.2,245620.68,3179678.54,95.37,4.52,99.89,cloud,yes,Plot Plan for Process & Utility,Small unit on the NE edge of basin 30-TC-04.,,medium
30-p-0003,30-P-0003,Process area impound basin pump,pump,Process & Utility,Area_Process & Utility,1168.2,548.1,245618.48,3179675.99,95.35,4.8,100.15,cloud,yes,Plot Plan for Process & Utility,"Pump in the SE quarter of basin 30-TC-04.; Defaults: driver, plinth.",,medium
40-bc-01,40-BC-01,BOG compressors shelter,shelter,Process & Utility,Area_Process & Utility,1120.35,507.15,245560.32,3179651.83,100.0,22.3,122.3,drawing,yes,Plot Plan for Process & Utility,"Section A-A: 20 m span, HPFS EL 100.000, crane rail/platform PF EL 114.385, top platform PF EL 118.000, eaves ~116.8, ridge ~122.3 (scaled).; Defaults: beam_d, column, roof_overhang, roof_t, slab_t.",plan_offset;height_mismatch,high
40-k-0001d,40-K-0001D,BOG compressor D,compressor,Process & Utility,Area_Process & Utility,1094.7,510.8,245537.05,3179663.23,100.0,7.6,107.6,drawing,yes,Plot Plan for Process & Utility,"Westmost unit (leader). Operating floor PF EL 103.800 from Section A-A; top scaled.; Defaults: enclosure, throws.",plan_offset;height_mismatch,medium
40-k-0001c,40-K-0001C,BOG compressor C,compressor,Process & Utility,Area_Process & Utility,1108.8,510.8,245550.46,3179658.87,100.0,7.6,107.6,drawing,yes,Plot Plan for Process & Utility,"Defaults: enclosure, throws.",plan_offset;height_mismatch,medium
40-k-0001b,40-K-0001B,BOG compressor B,compressor,Process & Utility,Area_Process & Utility,1131.8,510.8,245572.34,3179651.76,100.0,7.6,107.6,drawing,yes,Plot Plan for Process & Utility,"Defaults: enclosure, throws.",plan_offset;height_mismatch,medium
40-k-0001a,40-K-0001A,BOG compressor A,compressor,Process & Utility,Area_Process & Utility,1145.8,510.8,245585.65,3179647.44,100.0,7.6,107.6,drawing,yes,Plot Plan for Process & Utility,"Eastmost unit (leader from 40-K-0001A label).; Defaults: enclosure, throws.",height_mismatch,medium
40-xc-0001,40-XC-0001,Overhead crane (5 ton) for BOG compressor area,other,Process & Utility,Area_Process & Utility,1120.5,507.15,245560.46,3179651.78,114.4,0.8,115.2,drawing,yes,Plot Plan for Process & Utility,Bridge across the shelter at the crossed maintenance bay (E1117-1124) between C and B; rail EL 114.385 per Section A-A.,plan_offset;height_mismatch,medium
40-dcp-004,40-DCP-004,Dry chemical package for 40-K-0001D,package,Process & Utility,Area_Process & Utility,1168.7,513.7,245608.33,3179643.12,98.83,4.14,102.97,cloud,yes,Plot Plan for Process & Utility,Four DCP units stacked N-S; labels 004 (top) to 001 (bottom) assigned north to south.,,medium
40-dcp-003,40-DCP-003,Dry chemical package for 40-K-0001C,package,Process & Utility,Area_Process & Utility,1168.7,509.2,245606.94,3179638.84,98.96,4.1,103.06,cloud,yes,Plot Plan for Process & Utility,,plan_offset,medium
40-dcp-002,40-DCP-002,Dry chemical package for 40-K-0001B,package,Process & Utility,Area_Process & Utility,1168.7,504.6,245605.52,3179634.46,99.04,4.09,103.13,cloud,yes,Plot Plan for Process & Utility,,,medium
40-dcp-001,40-DCP-001,Dry chemical package for 40-K-0001A,package,Process & Utility,Area_Process & Utility,1168.7,500.2,245604.16,3179630.28,99.14,4.03,103.17,cloud,yes,Plot Plan for Process & Utility,,plan_offset,medium
40-pr-001,40-PR-001,BOG pipe rack,pipe_rack,Process & Utility,Area_Process & Utility,1119.55,490.1,245554.29,3179635.86,99.9,20.44,120.34,cloud,yes,Plot Plan for Process & Utility,"Column rows at N487.7 and N492.7; extends west beyond the package region.; Defaults: beam_depth_m, bent_spacing_m, bracing, column_section_m, columns_across, lines, n_tiers, pipe_fill, tier_gap_m.",,high
40-m-0001,40-M-0001,BOG compressors desuperheater,vessel_h,Process & Utility,Area_Process & Utility,1090.0,488.3,245525.63,3179643.28,99.56,18.11,117.67,cloud,yes,Plot Plan for Process & Utility,"Label sits west of the region; leader runs east to a 6x3.2 m frame (E1087.1-1093.0, N486.7-489.9) holding a small horizontal cylinder under 40-PR-001.; Defaults: d_m, head, insulated, nozzles, orient, saddle_h_m.",,low
40-v-0003,40-V-0003,Fuel gas KO drum,vessel_h,Process & Utility,Area_Process & Utility,1109.75,481.6,245542.34,3179630.81,99.5,5.08,104.58,cloud,yes,Plot Plan for Process & Utility,"Horizontal drum directly above the 40-V-0003 label.; Defaults: d_m, head, insulated, nozzles, orient, saddle_h_m.",plan_offset,medium
40-h-0001,40-H-0001,Fuel gas electric heater,package,Process & Utility,Area_Process & Utility,1129.7,477.85,245560.16,3179621.08,99.58,5.96,105.54,cloud,yes,Plot Plan for Process & Utility,Leader drops to this skid; stair box adjacent to the east (E1132.5-1135.7).; Defaults: colour.,plan_offset,medium
40-e-0001a,40-E-0001A,Fuel gas heater A,vessel_h,Process & Utility,Area_Process & Utility,1139.5,473.7,245568.2,3179614.1,99.62,9.61,109.23,cloud,yes,Plot Plan for Process & Utility,"South row of four 4-footing supports (A~D label is the lower label); letters assigned west to east. Supports 3.5x2.8 m.; Defaults: d_m, head, insulated, nozzles, orient, saddle_h_m.",,low
40-e-0001b,40-E-0001B,Fuel gas heater B,vessel_h,Process & Utility,Area_Process & Utility,1144.5,473.7,245572.95,3179612.55,99.65,9.57,109.22,cloud,yes,Plot Plan for Process & Utility,"Defaults: d_m, head, insulated, nozzles, orient, saddle_h_m.",,low
40-e-0001c,40-E-0001C,Fuel gas heater C,vessel_h,Process & Utility,Area_Process & Utility,1149.5,473.7,245577.71,3179611.01,99.65,9.59,109.24,cloud,yes,Plot Plan for Process & Utility,"Defaults: d_m, head, insulated, nozzles, orient, saddle_h_m.",,low
40-e-0001d,40-E-0001D,Fuel gas heater D,vessel_h,Process & Utility,Area_Process & Utility,1154.5,473.7,245582.46,3179609.46,99.61,9.5,109.11,cloud,yes,Plot Plan for Process & Utility,"Defaults: d_m, head, insulated, nozzles, orient, saddle_h_m.",,low
40-e-0001e,40-E-0001E,Fuel gas heater E,vessel_h,Process & Utility,Area_Process & Utility,1139.5,484.1,245571.41,3179623.99,100.1,8.8,108.9,cloud,yes,Plot Plan for Process & Utility,"North row (E~H label is the upper label); letters assigned west to east.; Defaults: d_m, head, insulated, nozzles, orient, saddle_h_m.",,low
40-e-0001f,40-E-0001F,Fuel gas heater F,vessel_h,Process & Utility,Area_Process & Utility,1144.5,484.1,245576.17,3179622.45,100.73,8.35,109.08,cloud,yes,Plot Plan for Process & Utility,"Defaults: d_m, head, insulated, nozzles, orient, saddle_h_m.",plan_offset,low
40-e-0001g,40-E-0001G,Fuel gas heater G,vessel_h,Process & Utility,Area_Process & Utility,1149.5,484.1,245580.92,3179620.9,100.12,8.75,108.87,cloud,yes,Plot Plan for Process & Utility,"Defaults: d_m, head, insulated, nozzles, orient, saddle_h_m.",,low
40-e-0001h,40-E-0001H,Fuel gas heater H,vessel_h,Process & Utility,Area_Process & Utility,1154.5,484.1,245585.68,3179619.36,99.54,9.48,109.02,cloud,yes,Plot Plan for Process & Utility,"Defaults: d_m, head, insulated, nozzles, orient, saddle_h_m.",,low
30-pr-002,30-PR-002,HP LNG pump row structure (vent drum structure) 30-PR-002,platform,Process & Utility,Area_Process & Utility,1117.5,443.1,245537.82,3179591.8,100.0,16.45,116.45,drawing,yes,Plot Plan for Process & Utility,"9 m wide column bay N438.6-447.6, columns at 6 m pitch E1086-1149. Deck levels from Section B-B (PF 104.5/107.5/111.5, TOS 114.0, PF 116.45). North edge lies just outside package top edge.; Defaults: beam_depth_m, bracing, column_section_m, grating_m, handrail, post_spacing_m, stair_side.",plan_offset;height_mismatch,medium
30-pr-001,30-PR-001,HP LNG pump row structure (vent drum structure) 30-PR-001,platform,Process & Utility,Area_Process & Utility,1117.5,394.05,245522.66,3179545.15,100.0,16.45,116.45,drawing,yes,Plot Plan for Process & Utility,"9 m column bay N389.6-398.5, columns at 6 m pitch E1086-1149. Levels from Section B-B (section cut at this row, labelled 30-V-0002A).; Defaults: beam_depth_m, bracing, column_section_m, grating_m, handrail, post_spacing_m, stair_side.",plan_offset;height_mismatch,medium
30-str-001,30-STR-001,Stair tower between HP pump rows,stair_tower,Process & Utility,Area_Process & Utility,1105.35,418.5,245518.66,3179572.15,100.68,24.07,124.75,cloud,yes,Plot Plan for Process & Utility,"X-box with stair hatching between PR-001 and PR-002; vertical text read as 30-STR-001 (scan, last digit slightly unclear). Levels assumed equal to Section B-B structure levels.; Defaults: base_slab, column_section_m, flight_rise_m, landing_m.",plan_offset,medium
30-v-0002h,30-V-0002H,HP LNG pump vent drum,vessel_v,Process & Utility,Area_Process & Utility,1106.2,436.5,245525.03,3179589.01,104.5,3.2,107.7,drawing,yes,Plot Plan for Process & Utility,"Range label 30-V-0002H~N; individual letters assigned west to east (assumption). On PF EL 104.5 per Section B-B.; Defaults: d_m, head, insulated, ladder, skirt_h_m, top_platform.",height_mismatch,medium
30-v-0002i,30-V-0002I,HP LNG pump vent drum,vessel_v,Process & Utility,Area_Process & Utility,1112.2,436.5,245530.74,3179587.16,104.5,3.2,107.7,drawing,yes,Plot Plan for Process & Utility,"Range label H~N; letter order west to east assumed.; Defaults: d_m, head, insulated, ladder, skirt_h_m, top_platform.",height_mismatch,medium
30-v-0002j,30-V-0002J,HP LNG pump vent drum,vessel_v,Process & Utility,Area_Process & Utility,1118.2,436.5,245536.45,3179585.3,104.5,3.2,107.7,drawing,yes,Plot Plan for Process & Utility,"Range label H~N; letter order west to east assumed.; Defaults: d_m, head, insulated, ladder, skirt_h_m, top_platform.",height_mismatch,medium
30-v-0002k,30-V-0002K,HP LNG pump vent drum,vessel_v,Process & Utility,Area_Process & Utility,1124.2,436.5,245542.15,3179583.45,104.5,3.2,107.7,drawing,yes,Plot Plan for Process & Utility,"Range label H~N; letter order west to east assumed.; Defaults: d_m, head, insulated, ladder, skirt_h_m, top_platform.",height_mismatch,medium
30-v-0002l,30-V-0002L,HP LNG pump vent drum,vessel_v,Process & Utility,Area_Process & Utility,1130.2,436.5,245547.86,3179581.59,104.5,3.2,107.7,drawing,yes,Plot Plan for Process & Utility,"Range label H~N; letter order west to east assumed.; Defaults: d_m, head, insulated, ladder, skirt_h_m, top_platform.",height_mismatch,medium
30-v-0002m,30-V-0002M,HP LNG pump vent drum,vessel_v,Process & Utility,Area_Process & Utility,1136.2,436.5,245553.56,3179579.74,104.5,3.2,107.7,drawing,yes,Plot Plan for Process & Utility,"Range label H~N; letter order west to east assumed.; Defaults: d_m, head, insulated, ladder, skirt_h_m, top_platform.",height_mismatch,medium
30-v-0002n,30-V-0002N,HP LNG pump vent drum,vessel_v,Process & Utility,Area_Process & Utility,1142.2,436.5,245559.27,3179577.89,104.5,3.2,107.7,drawing,yes,Plot Plan for Process & Utility,"Range label H~N; letter order west to east assumed.; Defaults: d_m, head, insulated, ladder, skirt_h_m, top_platform.",height_mismatch,medium
30-v-0002a,30-V-0002A,HP LNG pump vent drum,vessel_v,Process & Utility,Area_Process & Utility,1106.2,400.6,245513.94,3179554.87,104.5,3.2,107.7,drawing,yes,Plot Plan for Process & Utility,"Range label 30-V-0002A~G; letters assigned west to east (assumption). Section B-B shows 30-V-0002A on PF EL 104.5, TL EL 105.3.; Defaults: d_m, head, insulated, ladder, skirt_h_m, top_platform.",height_mismatch,medium
30-v-0002b,30-V-0002B,HP LNG pump vent drum,vessel_v,Process & Utility,Area_Process & Utility,1112.2,400.6,245519.65,3179553.01,104.5,3.2,107.7,drawing,yes,Plot Plan for Process & Utility,"Range label A~G; letter order west to east assumed.; Defaults: d_m, head, insulated, ladder, skirt_h_m, top_platform.",height_mismatch,medium
30-v-0002c,30-V-0002C,HP LNG pump vent drum,vessel_v,Process & Utility,Area_Process & Utility,1118.2,400.6,245525.35,3179551.16,104.5,3.2,107.7,drawing,yes,Plot Plan for Process & Utility,"Range label A~G; letter order west to east assumed.; Defaults: d_m, head, insulated, ladder, skirt_h_m, top_platform.",height_mismatch,medium
30-v-0002d,30-V-0002D,HP LNG pump vent drum,vessel_v,Process & Utility,Area_Process & Utility,1124.2,400.6,245531.06,3179549.31,104.5,3.2,107.7,drawing,yes,Plot Plan for Process & Utility,"Range label A~G; letter order west to east assumed.; Defaults: d_m, head, insulated, ladder, skirt_h_m, top_platform.",height_mismatch,medium
30-v-0002e,30-V-0002E,HP LNG pump vent drum,vessel_v,Process & Utility,Area_Process & Utility,1130.2,400.6,245536.76,3179547.45,104.5,3.2,107.7,drawing,yes,Plot Plan for Process & Utility,"Range label A~G; letter order west to east assumed.; Defaults: d_m, head, insulated, ladder, skirt_h_m, top_platform.",height_mismatch,medium
30-v-0002f,30-V-0002F,HP LNG pump vent drum,vessel_v,Process & Utility,Area_Process & Utility,1136.2,400.6,245542.47,3179545.6,104.5,3.2,107.7,drawing,yes,Plot Plan for Process & Utility,"Range label A~G; letter order west to east assumed.; Defaults: d_m, head, insulated, ladder, skirt_h_m, top_platform.",height_mismatch,medium
30-v-0002g,30-V-0002G,HP LNG pump vent drum,vessel_v,Process & Utility,Area_Process & Utility,1142.2,400.6,245548.18,3179543.74,104.5,3.2,107.7,drawing,yes,Plot Plan for Process & Utility,"Range label A~G; letter order west to east assumed.; Defaults: d_m, head, insulated, ladder, skirt_h_m, top_platform.",height_mismatch,medium
30-p-0001h,30-P-0001H,HP LNG pump (in can),pump,Process & Utility,Area_Process & Utility,1106.2,433.3,245524.04,3179585.97,100.52,2.46,102.98,cloud,yes,Plot Plan for Process & Utility,"Range label 30-P-0001H~N; letters assigned west to east (assumption). Pump symbol ~3.4 x 5.2 m incl. base.; Defaults: driver, plinth.",,medium
30-p-0001i,30-P-0001I,HP LNG pump (in can),pump,Process & Utility,Area_Process & Utility,1112.2,433.3,245529.75,3179584.11,100.58,2.6,103.18,cloud,yes,Plot Plan for Process & Utility,"Range label H~N; letter order west to east assumed.; Defaults: driver, plinth.",,medium
30-p-0001j,30-P-0001J,HP LNG pump (in can),pump,Process & Utility,Area_Process & Utility,1118.2,433.3,245535.46,3179582.26,100.52,2.71,103.23,cloud,yes,Plot Plan for Process & Utility,"Range label H~N; letter order west to east assumed.; Defaults: driver, plinth.",,medium
30-p-0001k,30-P-0001K,HP LNG pump (in can),pump,Process & Utility,Area_Process & Utility,1124.2,433.3,245541.16,3179580.4,100.47,2.73,103.2,cloud,yes,Plot Plan for Process & Utility,"Range label H~N; letter order west to east assumed.; Defaults: driver, plinth.",,medium
30-p-0001l,30-P-0001L,HP LNG pump (in can),pump,Process & Utility,Area_Process & Utility,1130.2,433.3,245546.87,3179578.55,100.49,2.68,103.17,cloud,yes,Plot Plan for Process & Utility,"Range label H~N; letter order west to east assumed.; Defaults: driver, plinth.",,medium
30-p-0001m,30-P-0001M,HP LNG pump (in can),pump,Process & Utility,Area_Process & Utility,1136.2,433.3,245552.58,3179576.7,100.52,2.75,103.27,cloud,yes,Plot Plan for Process & Utility,"Range label H~N; letter order west to east assumed.; Defaults: driver, plinth.",,medium
30-p-0001n,30-P-0001N,HP LNG pump (in can),pump,Process & Utility,Area_Process & Utility,1142.2,433.3,245558.28,3179574.84,100.45,2.77,103.22,cloud,yes,Plot Plan for Process & Utility,"Range label H~N; letter order west to east assumed.; Defaults: driver, plinth.",,medium
30-p-0001a,30-P-0001A,HP LNG pump (in can),pump,Process & Utility,Area_Process & Utility,1106.2,403.8,245514.93,3179557.91,102.57,16.75,119.32,cloud,yes,Plot Plan for Process & Utility,"Range label 30-P-0001A~G; letters assigned west to east (assumption).; Defaults: driver, plinth.",,medium
30-p-0001b,30-P-0001B,HP LNG pump (in can),pump,Process & Utility,Area_Process & Utility,1112.2,403.8,245520.63,3179556.06,102.77,16.51,119.28,cloud,yes,Plot Plan for Process & Utility,"Range label A~G; letter order west to east assumed.; Defaults: driver, plinth.",,medium
30-p-0001c,30-P-0001C,HP LNG pump (in can),pump,Process & Utility,Area_Process & Utility,1118.2,403.8,245526.34,3179554.2,102.67,16.66,119.33,cloud,yes,Plot Plan for Process & Utility,"Range label A~G; letter order west to east assumed.; Defaults: driver, plinth.",,medium
30-p-0001d,30-P-0001D,HP LNG pump (in can),pump,Process & Utility,Area_Process & Utility,1124.2,403.8,245532.05,3179552.35,102.76,16.57,119.33,cloud,yes,Plot Plan for Process & Utility,"Range label A~G; letter order west to east assumed.; Defaults: driver, plinth.",,medium
30-p-0001e,30-P-0001E,HP LNG pump (in can),pump,Process & Utility,Area_Process & Utility,1130.2,403.8,245537.75,3179550.49,102.75,16.6,119.35,cloud,yes,Plot Plan for Process & Utility,"Range label A~G; letter order west to east assumed.; Defaults: driver, plinth.",,medium
30-p-0001f,30-P-0001F,HP LNG pump (in can),pump,Process & Utility,Area_Process & Utility,1136.2,403.8,245543.46,3179548.64,102.7,16.66,119.36,cloud,yes,Plot Plan for Process & Utility,"Range label A~G; letter order west to east assumed.; Defaults: driver, plinth.",,medium
30-p-0001g,30-P-0001G,HP LNG pump (in can),pump,Process & Utility,Area_Process & Utility,1142.2,403.8,245549.17,3179546.79,102.22,17.59,119.81,cloud,yes,Plot Plan for Process & Utility,"Range label A~G; letter order west to east assumed.; Defaults: driver, plinth.",,medium
50-f-0001a,50-F-0001A,Submerged combustion vaporizer A,vaporizer_scv,Process & Utility,Area_Process & Utility,1118.2,321.8,245501.0,3179476.22,102.11,8.06,110.17,cloud,yes,Plot Plan for Process & Utility,"Bath E1104-1114, duct/blower to E1132.4 (blower at east end).",plan_offset,high
50-f-0001b,50-F-0001B,Submerged combustion vaporizer B,vaporizer_scv,Process & Utility,Area_Process & Utility,1118.15,345.85,245508.39,3179499.1,101.73,8.19,109.92,cloud,yes,Plot Plan for Process & Utility,"Bath E1103.9-1114.3, blower at east end E1132.4.",plan_offset,high
50-f-0001c,50-F-0001C,Submerged combustion vaporizer C,vaporizer_scv,Process & Utility,Area_Process & Utility,1118.15,369.75,245515.77,3179521.83,101.34,8.37,109.71,cloud,yes,Plot Plan for Process & Utility,"Same layout as B, 23.9 m pitch.",plan_offset,high
50-ac-002,50-AC-002,AQMS cabinet for SCV,package,Process & Utility,Area_Process & Utility,1149.3,315.4,245528.6,3179460.52,102.23,3.43,105.66,cloud,yes,Plot Plan for Process & Utility,"Pad ~4.5 x 3.9 m at E1147-1151.5, N313.4-317.3.",plan_offset,high
30-tc-03,30-TC-03,Process area impound basin,basin,Process & Utility,Area_Process & Utility,1166.6,364.6,245560.26,3179501.97,97.0,3.3,100.3,indicative,yes,Plot Plan for Process & Utility,"Outer E1159.6-1173.6, N358.1-371.1; R14000(?) radius circle drawn around it. Depth indicative.; Defaults: floor_t, freeboard, wall_t.",,high
30-p-0002,30-P-0002,Process area impound basin pump,pump,Process & Utility,Area_Process & Utility,1164.0,361.2,245556.74,3179499.53,100.0,1.5,101.5,indicative,yes,Plot Plan for Process & Utility,"Leader points to SW part of basin; vertical sump pump.; Defaults: driver, plinth.",,medium
30-heg-001,30-HEG-001,Foam generator for 30-TC-03,package,Process & Utility,Area_Process & Utility,1171.4,368.6,245566.06,3179504.29,100.0,1.5,101.5,indicative,yes,Plot Plan for Process & Utility,"Small item at NE inner corner of basin, leader at N~367.7.",,medium
30-hef-001,30-HEF-001,Foam system package for 30-TC-03,package,Process & Utility,Area_Process & Utility,1189.05,391.7,245589.98,3179520.8,100.95,3.4,104.35,cloud,yes,Plot Plan for Process & Utility,"On a pad E1185.8-1191.7, N387.0-396.4; horizontal leader at N~391.9.",plan_offset,medium
20-t-0001,20-T-0001,LNG storage tank 1,tank_lng,LNG Tank Area,Area_LNG Tank Area,1300.0,550.8,245744.67,3179637.83,98.84,69.61,168.45,cloud,yes,Plot Plan for Tank Area · p1,"93500 OD outer concrete wall, 96500 base slab (drawing). Centre read from tank centrelines. Heights from cloud: grade z~-19.5 (=HPFS EL100), wall top z~26 (+46 m), dome crown z~39 (+58.5 m). Roof platforms (safety N arc, instrument E arc, pump 45deg lattice SE, flare SW, unloading S) and walking platform NW-SE left to builder defaults (drawing matches them: walkway 315deg r38 -> 137deg r15; pump platform centre bearing ~124deg r~29, ~30x25 m; safety arc ~304-37deg r36-45; instrument arc ~72-102deg r39-45). Pump-platform deck ~EL163 in cloud.; Defaults: riser_od_m, roof_handrail, roof_platforms, slab_t_m, walkway, wall_t_m.",,high
20-t-0002,20-T-0002,LNG storage tank 2,tank_lng,LNG Tank Area,Area_LNG Tank Area,1446.2,550.8,245883.71,3179592.66,98.75,69.63,168.38,cloud,yes,Plot Plan for Tank Area · p1,"Same layout as 20-T-0001. Drawing centre read E~1446.4; cloud tank spacing 145.6 m along plant east, so E1446.2 used. Heights as tank 1 (cloud).; Defaults: riser_od_m, roof_handrail, roof_platforms, slab_t_m, walkway, wall_t_m.",,high
20-p-0001a,20-P-0001A,LP LNG in-tank pump A (tank 1),pump,LNG Tank Area,Area_LNG Tank Area,1326.8,518.2,245760.08,3179598.55,128.57,36.74,165.31,cloud,yes,Plot Plan for Tank Area · p1,Pump column head on the tank-roof pump platform (deck ~EL163 from cloud). Label-to-pump assignment assumes non-crossing leaders (A = SW-most of the row).; Defaults: driver.,,medium
20-p-0001b,20-P-0001B,LP LNG in-tank pump B (tank 1),pump,LNG Tank Area,Area_LNG Tank Area,1331.5,522.7,245765.94,3179601.37,129.26,35.91,165.17,cloud,yes,Plot Plan for Tank Area · p1,See 20-P-0001A.; Defaults: driver.,,medium
20-p-0001c,20-P-0001C,LP LNG in-tank pump C (tank 1),pump,LNG Tank Area,Area_LNG Tank Area,1336.7,529.7,245773.05,3179606.42,132.55,40.27,172.82,cloud,yes,Plot Plan for Tank Area · p1,"See 20-P-0001A. A fourth (FUTURE) pump well is at E1339.5 N535.7, not modelled.; Defaults: driver.",,medium
20-p-0002a,20-P-0002A,LP LNG in-tank pump A (tank 2),pump,LNG Tank Area,Area_LNG Tank Area,1472.7,517.9,245898.75,3179553.18,126.29,38.85,165.14,cloud,yes,Plot Plan for Tank Area · p1,As tank 1; assignment by non-crossing leaders.; Defaults: driver.,,medium
20-p-0002b,20-P-0002B,LP LNG in-tank pump B (tank 2),pump,LNG Tank Area,Area_LNG Tank Area,1477.4,522.5,245904.64,3179556.1,128.88,36.01,164.89,cloud,yes,Plot Plan for Tank Area · p1,As tank 1.; Defaults: driver.,,medium
20-p-0002c,20-P-0002C,LP LNG in-tank pump C (tank 2),pump,LNG Tank Area,Area_LNG Tank Area,1482.7,529.7,245911.91,3179561.31,131.11,41.58,172.69,cloud,yes,Plot Plan for Tank Area · p1,As tank 1. FUTURE well at E1485.6 N535.6 not modelled.; Defaults: driver.,,medium
20-a-0011,20-A-0011,Pump removal jib crane (tank 1),crane,LNG Tank Area,Area_LNG Tank Area,1337.2,525.5,245772.23,3179602.28,119.85,44.23,164.08,cloud,yes,Plot Plan for Tank Area · p1,Mast on the pump platform; reach circle ~11.5 m radius drawn. Top from cloud blob ~z54.; Defaults: boom_up_deg.,,high
20-a-0021,20-A-0021,Pump removal jib crane (tank 2),crane,LNG Tank Area,Area_LNG Tank Area,1483.0,525.3,245910.83,3179557.03,119.43,43.17,162.6,cloud,yes,Plot Plan for Tank Area · p1,Mirror of 20-A-0011 on tank 2.; Defaults: boom_up_deg.,,high
20-a-0012,20-A-0012,"Roof jib crane, safety platform (tank 1)",crane,LNG Tank Area,Area_LNG Tank Area,1309.6,594.1,245767.18,3179676.05,113.22,45.58,158.8,cloud,yes,Plot Plan for Tank Area · p1,On the safety platform at the roof edge (deck ~EL159 from cloud); lifts from the grade laydown area to the N.; Defaults: boom_up_deg.,,high
20-a-0022,20-A-0022,"Roof jib crane, safety platform (tank 2)",crane,LNG Tank Area,Area_LNG Tank Area,1455.3,594.5,245905.87,3179631.41,113.29,45.43,158.72,cloud,yes,Plot Plan for Tank Area · p1,Mirror of 20-A-0012.; Defaults: boom_up_deg.,,high
20-a-0013,20-A-0013,Personnel elevator (tank 1),stair_tower,LNG Tank Area,Area_LNG Tank Area,1349.6,543.5,245789.58,3179615.56,104.34,62.06,166.4,cloud,yes,Plot Plan for Tank Area · p1,"Elevator shaft (crossed box ~2.6x5.4 m) on a hatched concrete pad at the E tank wall (bearing ~96 deg); modelled as a tower to the roof platform level.; Defaults: base_slab, column_section_m, flight_rise_m, landing_m.",plan_offset,medium
20-a-0023,20-A-0023,Personnel elevator (tank 2),stair_tower,LNG Tank Area,Area_LNG Tank Area,1495.4,543.5,245928.25,3179570.51,104.33,60.03,164.36,cloud,yes,Plot Plan for Tank Area · p1,"Mirror of 20-A-0013; pad straddles the package east edge.; Defaults: base_slab, column_section_m, flight_rise_m, landing_m.",plan_offset,medium
20-dcp-001,20-DCP-001,Dry chemical package (tank 1 roof),package,LNG Tank Area,Area_LNG Tank Area,1306.8,590.5,245763.4,3179673.49,146.44,3.0,149.44,cloud,yes,Plot Plan for Tank Area · p1,On the safety platform deck.,,high
20-dcp-002,20-DCP-002,Dry chemical package (tank 2 roof),package,LNG Tank Area,Area_LNG Tank Area,1453.0,591.0,245902.6,3179628.79,144.73,4.59,149.32,cloud,yes,Plot Plan for Tank Area · p1,On the safety platform deck.,,high
20-heg-001,20-HEG-001,High-expansion foam generator,package,LNG Tank Area,Area_LNG Tank Area,1371.7,507.0,245799.32,3179574.02,95.48,5.21,100.69,cloud,yes,Plot Plan for Tank Area · p1,Small unit on the NW edge of the basin 20-TC-05 (leader).,,medium
20-p-0009,20-P-0009,Impounding basin sump pump,pump,LNG Tank Area,Area_LNG Tank Area,1372.4,504.3,245799.16,3179571.24,95.34,4.47,99.81,cloud,yes,Plot Plan for Tank Area · p1,Vertical sump pump in basin 20-TC-05 (leader).; Defaults: driver.,,medium
20-hef-001,20-HEF-001,High-expansion foam package,package,LNG Tank Area,Area_LNG Tank Area,1348.5,496.5,245774.01,3179571.2,99.11,3.41,102.52,cloud,yes,Plot Plan for Tank Area · p1,"Container-size skid E1345.1-1351.9, N495.1-497.8 (leader from 20-HEF-001), feed line south to the plot kerb.",,high
20-tc-05,20-TC-05,LNG spill impounding basin (sump),basin,LNG Tank Area,Area_LNG Tank Area,1374.0,506.0,245801.2,3179572.36,97.0,3.3,100.3,indicative,yes,Plot Plan for Tank Area · p1,"Pit at the east end of the spill trench between the tanks, on a hatched concrete pad (E1369.3-1377.1, N500.1-507.9), R6000 dashed circle around it. Label 20-TC-05 written along the trench without a leader; tag assigned to the pit per the brief. Depth not given.; Defaults: floor_t, freeboard, wall_t.",,medium
20-t-0003,20-T-0003,LNG storage tank 20-T-0003,tank_lng,LNG Tank Area,Area_LNG Tank Area,1592.3,550.8,246022.66,3179547.51,98.51,69.63,168.14,cloud,yes,Plot Plan for Tank Area · p1,"Centre read from tank centrelines on grid; 93500 OD outer concrete wall, 96500 base slab. Roof platforms (safety, instrument, pump, flare, unloading, walking) drawn but untagged - built by tank defaults. Heights relative to grade from cloud (wall top ~+45.5, crown ~+55.5) added to HPFS EL 100.; Defaults: riser_od_m, risers_bearing_deg, roof_handrail, roof_platforms, slab_t_m, walkway, wall_t_m.",,high
20-t-0004,20-T-0004,LNG storage tank 20-T-0004,tank_lng,LNG Tank Area,Area_LNG Tank Area,1738.1,550.6,246161.27,3179502.27,98.12,69.06,167.18,cloud,yes,Plot Plan for Tank Area · p1,"Centre read from tank centrelines on grid; 93500 OD outer wall, 96500 base slab. Roof platforms per tank defaults. Heights relative to grade from cloud added to HPFS EL 100.; Defaults: riser_od_m, risers_bearing_deg, roof_handrail, roof_platforms, slab_t_m, walkway, wall_t_m.",,high
20-p-0003a,20-P-0003A,LP LNG in-tank pump A (T-0003),pump,LNG Tank Area,Area_LNG Tank Area,1624.4,522.7,246044.51,3179510.87,125.4,36.81,162.21,cloud,yes,Plot Plan for Tank Area · p1,"Pump well head on tank-roof pump platform; leader-to-well assignment read from parallel leaders (A->3rd well from NE). 4th (westmost) well at E1619.6 N518.2 marked FUTURE, not modelled.; Defaults: driver.",,medium
20-p-0003b,20-P-0003B,LP LNG in-tank pump B (T-0003),pump,LNG Tank Area,Area_LNG Tank Area,1630.0,529.8,246052.03,3179515.89,121.73,49.28,171.01,cloud,yes,Plot Plan for Tank Area · p1,On tank-roof pump platform.; Defaults: driver.,,medium
20-p-0003c,20-P-0003C,LP LNG in-tank pump C (T-0003),pump,LNG Tank Area,Area_LNG Tank Area,1632.7,535.8,246056.45,3179520.76,119.8,42.16,161.96,cloud,yes,Plot Plan for Tank Area · p1,On tank-roof pump platform.; Defaults: driver.,,medium
20-p-0004a,20-P-0004A,LP LNG in-tank pump A (T-0004),pump,LNG Tank Area,Area_LNG Tank Area,1769.2,522.6,246182.19,3179466.03,127.38,35.24,162.62,cloud,yes,Plot Plan for Tank Area · p1,"Same arrangement as T-0003; westmost well E1764.4 N518.0 FUTURE, not modelled.; Defaults: driver.",,medium
20-p-0004b,20-P-0004B,LP LNG in-tank pump B (T-0004),pump,LNG Tank Area,Area_LNG Tank Area,1774.3,529.7,246189.24,3179471.2,128.97,42.94,171.91,cloud,yes,Plot Plan for Tank Area · p1,Defaults: driver.,,medium
20-p-0004c,20-P-0004C,LP LNG in-tank pump C (T-0004),pump,LNG Tank Area,Area_LNG Tank Area,1777.2,535.6,246193.82,3179475.92,121.91,39.72,161.63,cloud,yes,Plot Plan for Tank Area · p1,Defaults: driver.,,medium
20-a-0031,20-A-0031,Pump platform jib crane (T-0003),crane,LNG Tank Area,Area_LNG Tank Area,1631.0,525.6,246051.68,3179511.59,113.79,48.33,162.12,cloud,yes,Plot Plan for Tank Area · p1,Defaults: boom_up_deg.,,high
20-a-0032,20-A-0032,Safety platform jib crane (T-0003),crane,LNG Tank Area,Area_LNG Tank Area,1601.4,594.3,246044.76,3179586.07,113.12,45.34,158.46,cloud,yes,Plot Plan for Tank Area · p1,Over north laydown area.; Defaults: boom_up_deg.,,high
20-a-0041,20-A-0041,Pump platform jib crane (T-0004),crane,LNG Tank Area,Area_LNG Tank Area,1774.9,525.5,246188.51,3179467.03,117.44,51.99,169.43,cloud,yes,Plot Plan for Tank Area · p1,Defaults: boom_up_deg.,,high
20-a-0042,20-A-0042,Safety platform jib crane (T-0004),crane,LNG Tank Area,Area_LNG Tank Area,1747.3,594.3,246183.52,3179540.99,111.58,46.78,158.36,cloud,yes,Plot Plan for Tank Area · p1,Defaults: boom_up_deg.,,high
20-a-0033,20-A-0033,Tank elevator (T-0003),stair_tower,LNG Tank Area,Area_LNG Tank Area,1643.7,542.5,246068.98,3179523.73,99.86,64.98,164.84,cloud,yes,Plot Plan for Tank Area · p1,"Elevator shaft (X box) on hatched concrete pad outside tank wall at bearing ~99 deg; footprint = pad. Modelled as tower; no elevator type in catalogue.; Defaults: base_slab, column_section_m, flight_rise_m, landing_m.",plan_offset,medium
20-a-0043,20-A-0043,Tank elevator (T-0004),stair_tower,LNG Tank Area,Area_LNG Tank Area,1789.4,542.0,246207.4,3179478.24,99.8,65.1,164.9,cloud,yes,Plot Plan for Tank Area · p1,"Elevator on concrete pad outside tank wall; modelled as tower.; Defaults: base_slab, column_section_m, flight_rise_m, landing_m.",plan_offset,medium
20-dcp-003,20-DCP-003,Dry chemical powder package (T-0003 roof),package,LNG Tank Area,Area_LNG Tank Area,1598.4,590.9,246040.85,3179583.76,144.73,4.33,149.06,cloud,yes,Plot Plan for Tank Area · p1,Rect with X near safety platform; size approximate.,,medium
20-dcp-004,20-DCP-004,Dry chemical powder package (T-0004 roof),package,LNG Tank Area,Area_LNG Tank Area,1743.7,591.1,246179.11,3179539.06,143.52,5.14,148.66,cloud,yes,Plot Plan for Tank Area · p1,,,medium
20-tc-06,20-TC-06,Impounding basin 20-TC-06,basin,LNG Tank Area,Area_LNG Tank Area,1665.25,504.45,246077.72,3179480.89,97.0,3.3,100.3,indicative,yes,Plot Plan for Tank Area · p1,"Basin box E1661.4-1669.1 x N500.1-508.8 with R6000 dashed zone; spill trench enters from north. Depth unknown.; Defaults: floor_t, freeboard, kerb_h, wall_t.",,medium
20-hef-002,20-HEF-002,Hi-ex foam unit 20-HEF-002,package,LNG Tank Area,Area_LNG Tank Area,1640.6,496.4,246051.79,3179480.85,98.69,3.45,102.14,cloud,yes,Plot Plan for Tank Area · p1,"E1637.3-1643.9 x N495.0-497.8, connection stub south to rack band.",,high
20-heg-002,20-HEG-002,Hi-ex foam generator 20-HEG-002,package,LNG Tank Area,Area_LNG Tank Area,1665.5,504.7,246078.04,3179481.05,94.96,4.01,98.97,cloud,yes,Plot Plan for Tank Area · p1,At impounding basin 20-TC-06.,,medium
20-p-0010,20-P-0010,Impounding basin sump pump,pump,LNG Tank Area,Area_LNG Tank Area,1665.8,502.4,246077.61,3179478.77,96.16,3.34,99.5,cloud,yes,Plot Plan for Tank Area · p1,In basin 20-TC-06.; Defaults: driver.,,medium
20-t-0005,20-T-0005,LNG storage tank,tank_lng,LNG Tank Area,Area_LNG Tank Area,1300.3,367.7,245688.37,3179463.6,102.06,70.42,172.48,cloud,yes,Plot Plan for Tank Area · p1,"93500 OD outer concrete wall, 96500 dia concrete base slab (read). Centre from drawing centre lines. Heights from cloud: grade cloud z -17.5 taken as EL 100.0 (HPFS), dome crown z ~42.1 -> EL 159.6, wall top ~z 28.5 -> EL 146. Roof platforms (pump, unloading, flare, instrument, safety, walking) placed from the drawing; deck heights indicative. Cloud fit centre is ~2 m north of drawing centre.; Defaults: riser_od_m, roof_handrail, slab_t_m, wall_t_m.",,high
20-t-0006,20-T-0006,LNG storage tank,tank_lng,LNG Tank Area,Area_LNG Tank Area,1446.3,367.7,245827.23,3179418.49,101.9,70.79,172.69,cloud,yes,Plot Plan for Tank Area · p1,"93500 OD outer concrete wall, 96500 dia base slab. Same layout as 20-T-0005 shifted 146 m east. Dome crown cloud z ~41.9 -> EL 159.5 (grade z -17.5 = EL 100).; Defaults: riser_od_m, roof_handrail, slab_t_m, wall_t_m.",,high
20-p-0005a,20-P-0005A,"LP LNG pump (in-tank, roof pump head)",pump,LNG Tank Area,Area_LNG Tank Area,1273.8,400.5,245673.31,3179502.98,148.81,16.83,165.64,cloud,yes,Plot Plan for Tank Area · p1,Pump well on the tank-roof pump platform; label-to-well assignment by leader order (A = NE-most well).; Defaults: driver.,,medium
20-p-0005b,20-P-0005B,"LP LNG pump (in-tank, roof pump head)",pump,LNG Tank Area,Area_LNG Tank Area,1269.1,395.9,245667.41,3179500.06,148.45,27.69,176.14,cloud,yes,Plot Plan for Tank Area · p1,Label-to-well assignment by leader order.; Defaults: driver.,,medium
20-p-0005c,20-P-0005C,"LP LNG pump (in-tank, roof pump head)",pump,LNG Tank Area,Area_LNG Tank Area,1263.9,388.8,245660.28,3179494.91,139.45,26.85,166.3,cloud,yes,Plot Plan for Tank Area · p1,Label-to-well assignment by leader order.; Defaults: driver.,,medium
20-p-0006a,20-P-0006A,"LP LNG pump (in-tank, roof pump head)",pump,LNG Tank Area,Area_LNG Tank Area,1419.8,400.5,245812.16,3179457.87,149.25,16.83,166.08,cloud,yes,Plot Plan for Tank Area · p1,Label-to-well assignment by leader order.; Defaults: driver.,,medium
20-p-0006b,20-P-0006B,"LP LNG pump (in-tank, roof pump head)",pump,LNG Tank Area,Area_LNG Tank Area,1415.1,395.9,245806.27,3179454.95,149.12,26.99,176.11,cloud,yes,Plot Plan for Tank Area · p1,Label-to-well assignment by leader order.; Defaults: driver.,,medium
20-p-0006c,20-P-0006C,"LP LNG pump (in-tank, roof pump head)",pump,LNG Tank Area,Area_LNG Tank Area,1409.9,388.8,245799.13,3179449.8,143.13,23.19,166.32,cloud,yes,Plot Plan for Tank Area · p1,Label-to-well assignment by leader order.; Defaults: driver.,,medium
20-a-0051,20-A-0051,"Jib crane for LP LNG pumps, 20-T-0005",crane,LNG Tank Area,Area_LNG Tank Area,1263.4,393.1,245661.13,3179499.16,126.3,38.62,164.92,cloud,yes,Plot Plan for Tank Area · p1,Mast on pump platform; ~14 m reach circle drawn over the pump wells.; Defaults: boom_up_deg.,,high
20-a-0061,20-A-0061,"Jib crane for LP LNG pumps, 20-T-0006",crane,LNG Tank Area,Area_LNG Tank Area,1409.2,393.2,245799.82,3179454.2,125.97,38.83,164.8,cloud,yes,Plot Plan for Tank Area · p1,Mast on pump platform.; Defaults: boom_up_deg.,,high
20-a-0052,20-A-0052,"Jib crane for safety platform, 20-T-0005",crane,LNG Tank Area,Area_LNG Tank Area,1291.1,324.5,245666.28,3179425.36,111.54,37.44,148.98,cloud,yes,Plot Plan for Tank Area · p1,On the roof-edge safety platform next to 20-DCP-005.; Defaults: boom_up_deg.,,high
20-a-0062,20-A-0062,"Jib crane for safety platform, 20-T-0006",crane,LNG Tank Area,Area_LNG Tank Area,1437.1,324.4,245805.1,3179380.15,111.85,37.64,149.49,cloud,yes,Plot Plan for Tank Area · p1,On the roof-edge safety platform next to 20-DCP-006.; Defaults: boom_up_deg.,,high
20-dcp-005,20-DCP-005,"Dry chemical package system, 20-T-0005",package,LNG Tank Area,Area_LNG Tank Area,1293.9,328.05,245670.04,3179427.87,115.99,47.63,163.62,cloud,yes,Plot Plan for Tank Area · p1,On the tank-roof safety platform (south).,,high
20-dcp-006,20-DCP-006,"Dry chemical package system, 20-T-0006",package,LNG Tank Area,Area_LNG Tank Area,1439.7,328.05,245808.7,3179382.82,116.51,46.94,163.45,cloud,yes,Plot Plan for Tank Area · p1,On the tank-roof safety platform (south).,,high
20-a-0053,20-A-0053,Personnel elevator for LNG tank 20-T-0005,other,LNG Tank Area,Area_LNG Tank Area,1252.1,374.4,245644.6,3179484.87,107.59,59.73,167.32,cloud,yes,Plot Plan for Tank Area · p1,"Elevator shaft (X box) outside the west wall beside a hatched concrete pad (~7x8.7 m, E1245.5-1252.6 N371.9-380.6); top taken to roof platform level, indicative.",plan_offset,medium
20-a-0063,20-A-0063,Personnel elevator for LNG tank 20-T-0006,other,LNG Tank Area,Area_LNG Tank Area,1397.9,374.0,245783.14,3179439.43,107.3,59.65,166.95,cloud,yes,Plot Plan for Tank Area · p1,Elevator shaft outside the west wall beside a hatched concrete pad; top indicative.,plan_offset,medium
20-tc-07,20-TC-07,Tank area impounding basin,basin,LNG Tank Area,Area_LNG Tank Area,1374.0,414.5,245772.93,3179485.34,97.0,3.3,100.3,indicative,yes,Plot Plan for Tank Area · p1,"Basin between the tanks fed by spill trenches; R6000 dashed circle drawn around it. Depth indicative.; Defaults: floor_t, freeboard, wall_t.",,high
20-p-0011,20-P-0011,Tank area impounding basin pump,pump,LNG Tank Area,Area_LNG Tank Area,1375.5,414.7,245774.42,3179485.06,97.19,3.63,100.82,cloud,yes,Plot Plan for Tank Area · p1,"Sump pump in basin 20-TC-07.; Defaults: driver, plinth.",,high
20-heg-003,20-HEG-003,Foam generator for 20-TC-07,package,LNG Tank Area,Area_LNG Tank Area,1376.6,413.5,245775.09,3179483.58,97.15,5.41,102.56,cloud,yes,Plot Plan for Tank Area · p1,Leader ends at the east side of the basin; exact element unclear.,,medium
20-hef-003,20-HEF-003,Foam system package for 20-TC-07,package,LNG Tank Area,Area_LNG Tank Area,1399.2,422.65,245799.41,3179485.3,100.37,3.36,103.73,cloud,yes,Plot Plan for Tank Area · p1,Red skid also visible on the ortho.,,high
20-t-0007,20-T-0007,LNG storage tank,tank_lng,LNG Tank Area,Area_LNG Tank Area,1592.4,367.9,245966.24,3179373.53,101.61,70.98,172.59,cloud,yes,Plot Plan for Tank Area · p1,"93500 OD outer concrete wall, 96500 base slab (drawing). Centre from tank centrelines; matches cloud tank at UTM ~245966,3179373. Heights from cloud: grade ~z-17.5, wall top ~z30, crown ~z39.3, converted with EL = z + 115.9 (cloud grade z-15.9 taken as HPFS EL 100). Roof platforms (pump, unloading, flare, instrument, safety, walking) are labelled but untagged: modelled as tank params. Elevator 20-A-0073 separate item; no stair tower drawn.; Defaults: riser_od_m, roof_handrail, slab_overhang_m, slab_t_m, wall_t_m.",,high
20-t-0008,20-T-0008,LNG storage tank,tank_lng,LNG Tank Area,Area_LNG Tank Area,1738.3,367.9,246105.0,3179328.45,101.07,71.0,172.07,cloud,yes,Plot Plan for Tank Area · p1,"93500 OD outer concrete wall, 96500 base slab. Centre checked against cloud (UTM 246105,3179328 = plant 1738.3,367.9 via note 2 origin + 18 deg rotation). Pump platform deck cloud z44.85 (EL 160.75); unloading platform deck ~z39. Heights EL = z + 115.9.; Defaults: riser_od_m, roof_handrail, slab_overhang_m, slab_t_m, wall_t_m.",,high
20-p-0007a,20-P-0007A,"LP LNG pump (in-tank, roof pump head)",pump,LNG Tank Area,Area_LNG Tank Area,1565.8,400.4,245950.99,3179412.66,148.42,17.66,166.08,cloud,yes,Plot Plan for Tank Area · p1,Pump well on tank 7 pump platform; leader assignment A/B/C/(FUTURE) from NE to SW by label order. Base = pump platform deck (cloud on T-0008).; Defaults: driver.,,medium
20-p-0007b,20-P-0007B,"LP LNG pump (in-tank, roof pump head)",pump,LNG Tank Area,Area_LNG Tank Area,1561.0,396.0,245945.06,3179409.96,148.63,27.16,175.79,cloud,yes,Plot Plan for Tank Area · p1,Defaults: driver.,,medium
20-p-0007c,20-P-0007C,"LP LNG pump (in-tank, roof pump head)",pump,LNG Tank Area,Area_LNG Tank Area,1555.9,388.9,245938.02,3179404.78,147.53,18.06,165.59,cloud,yes,Plot Plan for Tank Area · p1,"A fourth well SW of this one (approx 1552.9,383.0) is labelled (FUTURE), not modelled.; Defaults: driver.",,medium
20-p-0008a,20-P-0008A,"LP LNG pump (in-tank, roof pump head)",pump,LNG Tank Area,Area_LNG Tank Area,1711.9,400.5,246089.97,3179367.61,148.11,17.47,165.58,cloud,yes,Plot Plan for Tank Area · p1,"Base = pump platform deck, cloud z44.85.; Defaults: driver.",,medium
20-p-0008b,20-P-0008B,"LP LNG pump (in-tank, roof pump head)",pump,LNG Tank Area,Area_LNG Tank Area,1707.1,395.9,246083.98,3179364.72,148.19,27.37,175.56,cloud,yes,Plot Plan for Tank Area · p1,Defaults: driver.,,medium
20-p-0008c,20-P-0008C,"LP LNG pump (in-tank, roof pump head)",pump,LNG Tank Area,Area_LNG Tank Area,1701.9,388.8,246076.84,3179359.57,147.21,18.23,165.44,cloud,yes,Plot Plan for Tank Area · p1,"A fourth well SW (approx 1699.1,382.8) is labelled (FUTURE), not modelled.; Defaults: driver.",,medium
20-a-0071,20-A-0071,"Jib crane for LP LNG pumps, 20-T-0007",crane,LNG Tank Area,Area_LNG Tank Area,1555.3,393.2,245938.77,3179409.06,129.27,35.76,165.03,cloud,yes,Plot Plan for Tank Area · p1,14 m coverage circle drawn. Top from cloud on twin crane 20-A-0081 (z~56.7).; Defaults: boom_up_deg.,,high
20-a-0081,20-A-0081,"Jib crane for LP LNG pumps, 20-T-0008",crane,LNG Tank Area,Area_LNG Tank Area,1701.4,393.2,246077.72,3179363.91,129.87,34.76,164.63,cloud,yes,Plot Plan for Tank Area · p1,Jib points seen in cloud at z 53.5-56.7 over pumps.; Defaults: boom_up_deg.,,high
20-a-0072,20-A-0072,"Jib crane for safety platform, 20-T-0007",crane,LNG Tank Area,Area_LNG Tank Area,1583.3,324.7,245944.24,3179335.26,113.14,35.37,148.51,cloud,yes,Plot Plan for Tank Area · p1,Position by offset of twin on T-0008 checked on overview; top ~cloud z54 on 20-A-0082.; Defaults: boom_up_deg.,,medium
20-a-0082,20-A-0082,"Jib crane for safety platform, 20-T-0008",crane,LNG Tank Area,Area_LNG Tank Area,1729.2,324.7,246083.0,3179290.17,112.52,50.59,163.11,cloud,yes,Plot Plan for Tank Area · p1,Leader to small circle on safety platform; coverage circle ~11 m.; Defaults: boom_up_deg.,,high
20-a-0073,20-A-0073,Personnel elevator for LNG tank 20-T-0007,other,LNG Tank Area,Area_LNG Tank Area,1544.3,374.2,245922.44,3179394.39,106.91,59.74,166.65,cloud,yes,Plot Plan for Tank Area · p1,"Elevator shaft at the tank wall (bearing ~277 deg) beside a concrete pad; landings seen in cloud on twin at z28,33,39.5,45.5; top z48.2.",,high
20-a-0083,20-A-0083,Personnel elevator for LNG tank 20-T-0008,other,LNG Tank Area,Area_LNG Tank Area,1690.2,374.2,246061.2,3179349.3,106.12,58.45,164.57,cloud,yes,Plot Plan for Tank Area · p1,Crossed box 2.1 x 4.2 m at tank wall; cloud tower up to z~48.2 (EL 164.1).,,high
20-dcp-007,20-DCP-007,Dry chemical package for LNG tank 20-T-0007,package,LNG Tank Area,Area_LNG Tank Area,1585.9,328.0,245947.73,3179337.59,117.46,45.51,162.97,cloud,yes,Plot Plan for Tank Area · p1,On safety platform; same layout as 20-DCP-008.,,medium
20-dcp-008,20-DCP-008,Dry chemical package for LNG tank 20-T-0008,package,LNG Tank Area,Area_LNG Tank Area,1731.8,328.0,246086.49,3179292.51,117.98,44.52,162.5,cloud,yes,Plot Plan for Tank Area · p1,"Crossed rectangle on the safety platform, leader from label.",,high
20-tc-08,20-TC-08,Tank area impounding basin,basin,LNG Tank Area,Area_LNG Tank Area,1666.6,414.7,246051.27,3179395.11,94.4,4.3,98.7,indicative,yes,Plot Plan for Tank Area · p1,"Basin box 7.8 x 9.1 m at end of spill trench; R6000 dashed circle around it. Depth not given.; Defaults: floor_t, freeboard, kerb_h, wall_t.",,high
20-p-0012,20-P-0012,Tank area impounding basin pump (east),pump,LNG Tank Area,Area_LNG Tank Area,1667.4,414.8,246052.06,3179394.96,96.9,4.42,101.32,cloud,yes,Plot Plan for Tank Area · p1,Sump pump inside 20-TC-08.; Defaults: driver.,,medium
20-heg-004,20-HEG-004,Foam generator for 20-TC-08,package,LNG Tank Area,Area_LNG Tank Area,1668.3,412.0,246052.05,3179392.02,96.91,4.53,101.44,cloud,yes,Plot Plan for Tank Area · p1,High-expansion foam generator on the basin's east side; exact element under the leader uncertain.,,medium
20-hef-004,20-HEF-004,Foam system package for 20-TC-08,package,LNG Tank Area,Area_LNG Tank Area,1691.2,422.8,246077.17,3179395.21,99.83,3.39,103.22,cloud,yes,Plot Plan for Tank Area · p1,Box north of the spill trench with leader running down to the 20-HEF-004 label.,plan_offset,medium
20-a-0009-g-01,20-A-0009-G-01,Emergency diesel generator,generator,LNG Tank Area,Area_LNG Tank Area,1874.6,662.8,246325.76,3179566.8,97.41,7.81,105.22,cloud,yes,Plot Plan for Tank Area · p1,Enclosure E1866.75-1882.4 incl. radiator at east end; control/annex at west end E1864.4-1866.75. Grade taken as FG EL 102.500.; Defaults: exhaust.,plan_offset,high
20-a-0009-v-01,20-A-0009-V-01,Emergency generator diesel tank,storage_tank_small,LNG Tank Area,Area_LNG Tank Area,1866.35,669.6,246320.01,3179575.81,97.19,3.98,101.17,cloud,yes,Plot Plan for Tank Area · p1,"Tag by leader; outline E1863.5-1869.2, N667.7-671.5.; Defaults: bund_h_m, handrail, ladder, roof, roof_slope.",,medium
20-a-0009-l-01,20-A-0009-L-01,Emergency generator load bank,package,LNG Tank Area,Area_LNG Tank Area,1872.6,669.1,246325.8,3179573.41,97.18,3.18,100.36,cloud,yes,Plot Plan for Tank Area · p1,Tag by leader.; Defaults: colour.,,high
20-ss-02,20-SS-02,Satellite substation,substation,LNG Tank Area,Area_LNG Tank Area,1879.4,641.6,246323.77,3179545.15,97.98,23.86,121.84,cloud,yes,Plot Plan for Tank Area · p1,"E1872.7-1886.15, N627.6-655.6; external stairs at NW and SW corners not modelled separately.; Defaults: door_h, door_w, doors, hvac, parapet_h, parapet_t, plinth_h, roof_overhang, roof_t, sill_h, storey_h, window_h, windows.",plan_offset,high
10-b-15,10-B-15,Trestle gate house,building,LNG Tank Area,Area_LNG Tank Area,1902.95,559.8,246320.89,3179460.08,99.04,5.79,104.83,cloud,yes,Plot Plan for Tank Area · p1,"Defaults: door_h, door_w, doors, hvac, parapet_h, parapet_t, plinth_h, roof_overhang, roof_t, sill_h, storey_h, window_h, windows.",,high
70-v-1002c,70-V-1002C,Instrument air receiver,vessel_v,LNG Tank Area,Area_LNG Tank Area,1887.6,504.9,246289.33,3179412.61,97.81,23.8,121.61,cloud,yes,Plot Plan for Tank Area · p1,"Circle in octagonal foundation on a square pad E1883.8-1891.9, N499.5-508.6. Grade from HPFS EL 100.000 label nearby.; Defaults: d_m, head, insulated, ladder, nozzles, skirt_h_m, top_platform.",,medium
60-v-0001b,60-V-0001B,Flare KO drum B,vessel_h,LNG Tank Area,Area_LNG Tank Area,1881.25,457.0,246268.49,3179369.01,98.79,8.45,107.24,cloud,yes,Plot Plan for Tank Area · p1,"West drum; label 60-V-0001B FIXED SIDE underline aligns with its east saddle (E1887).; Defaults: head, insulated, nozzles, saddle_h_m.",plan_offset,medium
60-v-0001a,60-V-0001A,Flare KO drum A,vessel_h,LNG Tank Area,Area_LNG Tank Area,1904.55,457.0,246290.65,3179361.82,98.67,8.34,107.01,cloud,yes,Plot Plan for Tank Area · p1,"East drum; label 60-V-0001A FIXED SIDE underline aligns with its west saddle (~E1899).; Defaults: head, insulated, nozzles, saddle_h_m.",,medium
j2-md8,MD8,Mooring dolphin MD8 (Jetty II),dolphin,Jetty Area,Area_Jetty Area,2412.5,490.0,246783.94,3179236.24,95.91,10.01,105.92,cloud,yes,Plot Plan for Jetty Area · p1,"Defaults: cap_thickness_m, fender_side, pile_d_m, pile_inset_m, piles_across, piles_along.",straddles_package;plan_offset,high
j2-md7,MD7,Mooring dolphin MD7 (Jetty II),dolphin,Jetty Area,Area_Jetty Area,2418.0,436.5,246772.63,3179183.66,95.9,13.48,109.38,cloud,yes,Plot Plan for Jetty Area · p1,"Defaults: cap_thickness_m, fender_side, pile_d_m, pile_inset_m, piles_across, piles_along.",straddles_package;plan_offset,high
j2-md6,MD6,Mooring dolphin MD6 (Jetty II),dolphin,Jetty Area,Area_Jetty Area,2423.0,392.9,246763.92,3179140.65,96.12,12.68,108.8,cloud,yes,Plot Plan for Jetty Area · p1,"Defaults: cap_thickness_m, fender_side, pile_d_m, pile_inset_m, piles_across, piles_along.",straddles_package;plan_offset,high
j2-md5,MD5,Mooring dolphin MD5 (Jetty II),dolphin,Jetty Area,Area_Jetty Area,2425.0,366.5,246757.66,3179114.92,96.08,12.13,108.21,cloud,yes,Plot Plan for Jetty Area · p1,"Defaults: cap_thickness_m, fender_side, pile_d_m, pile_inset_m, piles_across, piles_along.",straddles_package;plan_offset,high
j2-bd4,BD4,Breasting dolphin BD4 (Jetty II),dolphin,Jetty Area,Area_Jetty Area,2464.4,326.9,246782.9,3179065.09,96.85,11.99,108.84,cloud,yes,Plot Plan for Jetty Area · p1,"Defaults: cap_thickness_m, pile_d_m, pile_inset_m, piles_across, piles_along.",straddles_package;plan_offset,high
j2-bd3,BD3,Breasting dolphin BD3 (Jetty II),dolphin,Jetty Area,Area_Jetty Area,2466.3,299.6,246776.27,3179038.54,99.3,8.95,108.25,cloud,yes,Plot Plan for Jetty Area · p1,"Defaults: cap_thickness_m, pile_d_m, pile_inset_m, piles_across, piles_along.",straddles_package;plan_offset,high
j2-bd2,BD2,Breasting dolphin BD2 (Jetty II),dolphin,Jetty Area,Area_Jetty Area,2471.5,251.8,246766.44,3178991.47,99.15,25.15,124.3,cloud,yes,Plot Plan for Jetty Area · p1,"Defaults: cap_thickness_m, pile_d_m, pile_inset_m, piles_across, piles_along.",straddles_package;plan_offset,high
j2-bd1,BD1,Breasting dolphin BD1 (Jetty II),dolphin,Jetty Area,Area_Jetty Area,2474.8,218.6,246759.32,3178958.87,97.49,10.15,107.64,cloud,yes,Plot Plan for Jetty Area · p1,"Defaults: cap_thickness_m, pile_d_m, pile_inset_m, piles_across, piles_along.",straddles_package;plan_offset,high
j2-md4,MD4,Mooring dolphin MD4 (Jetty II),dolphin,Jetty Area,Area_Jetty Area,2446.3,174.2,246718.5,3178925.45,95.88,10.92,106.8,cloud,yes,Plot Plan for Jetty Area · p1,"Defaults: cap_thickness_m, fender_side, pile_d_m, pile_inset_m, piles_across, piles_along.",straddles_package;plan_offset,high
j2-md3,MD3,Mooring dolphin MD3 (Jetty II),dolphin,Jetty Area,Area_Jetty Area,2450.1,134.5,246709.85,3178886.52,95.65,10.99,106.64,cloud,yes,Plot Plan for Jetty Area · p1,"Defaults: cap_thickness_m, fender_side, pile_d_m, pile_inset_m, piles_across, piles_along.",straddles_package;plan_offset,high
j2-md2,MD2,Mooring dolphin MD2 (Jetty II),dolphin,Jetty Area,Area_Jetty Area,2453.7,100.9,246702.89,3178853.45,95.8,10.58,106.38,cloud,yes,Plot Plan for Jetty Area · p1,"Defaults: cap_thickness_m, fender_side, pile_d_m, pile_inset_m, piles_across, piles_along.",straddles_package;plan_offset,high
j2-md1,MD1,Mooring dolphin MD1 (Jetty II),dolphin,Jetty Area,Area_Jetty Area,2459.5,46.0,246691.44,3178799.45,96.21,9.81,106.02,cloud,yes,Plot Plan for Jetty Area · p1,"Defaults: cap_thickness_m, fender_side, pile_d_m, pile_inset_m, piles_across, piles_along.",straddles_package;plan_offset,high
10-tc-01,10-TC-01,Impounding basin,basin,Jetty Area,Area_Jetty Area,2368.9,886.9,246865.11,3179627.19,101.5,3.0,104.5,indicative,yes,Plot Plan for Jetty Area · p1,"Defaults: floor_t, freeboard, kerb_h, wall_t.",,high
10-p-0001,10-P-0001,Impounding basin pump,pump,Jetty Area,Area_Jetty Area,2364.6,887.6,246861.24,3179629.19,104.5,2.0,106.5,indicative,yes,Plot Plan for Jetty Area · p1,"Leader assignment between 10-P-0001 and 10-HEG-001 inside the basin is close; pump taken as the item with the red symbol.; Defaults: driver, plinth.",plan_offset,medium
10-heg-001,10-HEG-001,High expansion foam generator (impounding basin),package,Jetty Area,Area_Jetty Area,2366.8,889.9,246864.04,3179630.69,104.5,1.5,106.0,indicative,yes,Plot Plan for Jetty Area · p1,,plan_offset,low
10-b-11,10-B-11,Jetty operator house,building,Jetty Area,Area_Jetty Area,2361.8,843.9,246845.07,3179588.49,105.59,8.59,114.18,cloud,yes,Plot Plan for Jetty Area · p1,"Defaults: door_h, door_w, doors, hvac, parapet_h, parapet_t, plinth_h, roof_overhang, roof_t, sill_h, storey_h, window_h, windows.",plan_offset,high
10-ah-0001,10-AH-0001,Analyzer house,analyzer_house,Jetty Area,Area_Jetty Area,2376.0,846.8,246859.47,3179586.86,105.79,8.24,114.03,cloud,yes,Plot Plan for Jetty Area · p1,"Defaults: door_h, door_w, doors, hvac, parapet_h, parapet_t, plinth_h, roof_overhang, roof_t, sill_h, storey_h, window_h, windows.",plan_offset,high
10-sc-d-01,10-SC-D-01,Sampling system,package,Jetty Area,Area_Jetty Area,2376.1,840.3,246857.56,3179580.65,105.78,8.19,113.97,cloud,yes,Plot Plan for Jetty Area · p1,Defaults: colour.,plan_offset,medium
10-hef-001,10-HEF-001,Foam unit 10-HEF-001,package,Jetty Area,Area_Jetty Area,2361.5,832.6,246841.3,3179577.84,105.73,5.4,111.13,cloud,yes,Plot Plan for Jetty Area · p1,,plan_offset,medium
10-lop-10rcm002,10-LOP-10RCM002,Local operating panel for monitor 10-RCM-002,package,Jetty Area,Area_Jetty Area,2358.5,807.7,246830.75,3179555.08,105.59,4.9,110.49,cloud,yes,Plot Plan for Jetty Area · p1,Two LOPs side by side; 002/001 leader order may be swapped.,,medium
10-lop-10rcm001,10-LOP-10RCM001,Local operating panel for monitor 10-RCM-001,package,Jetty Area,Area_Jetty Area,2358.5,805.0,246829.91,3179552.51,104.5,1.8,106.3,indicative,yes,Plot Plan for Jetty Area · p1,,,medium
10-rcm-002,10-RCM-002,Elevated fire water monitor,monitor,Jetty Area,Area_Jetty Area,2405.6,852.2,246889.29,3179582.85,104.5,15.0,119.5,indicative,yes,Plot Plan for Jetty Area · p1,"Defaults: platform_m, tower.",missing_in_cloud,high
10-rcm-001,10-RCM-001,Elevated fire water monitor,monitor,Jetty Area,Area_Jetty Area,2407.9,828.8,246884.25,3179559.88,106.01,22.89,128.9,cloud,yes,Plot Plan for Jetty Area · p1,"Defaults: platform_m, tower.",,high
10-z-0001c,10-Z-0001C,LNG unloading arm C,loading_arm,Jetty Area,Area_Jetty Area,2406.5,844.7,246887.83,3179575.44,106.19,14.3,120.49,cloud,yes,Plot Plan for Jetty Area · p1,"Defaults: inner_up_deg, outer_down_deg, pipe_d_m, riser_frac.",,high
10-z-0002,10-Z-0002,Vapour return arm,loading_arm,Jetty Area,Area_Jetty Area,2406.8,840.6,246886.85,3179571.45,108.87,10.59,119.46,cloud,yes,Plot Plan for Jetty Area · p1,"Sits on MANIFOLD CENTER LINE.; Defaults: inner_up_deg, outer_down_deg, pipe_d_m, riser_frac.",,high
10-z-0001b,10-Z-0001B,LNG unloading arm B,loading_arm,Jetty Area,Area_Jetty Area,2407.2,836.5,246885.96,3179567.42,106.37,22.02,128.39,cloud,yes,Plot Plan for Jetty Area · p1,"Defaults: inner_up_deg, outer_down_deg, pipe_d_m, riser_frac.",,high
10-z-0001a,10-Z-0001A,LNG unloading arm A,loading_arm,Jetty Area,Area_Jetty Area,2407.6,832.5,246885.11,3179563.5,106.4,28.35,134.75,cloud,yes,Plot Plan for Jetty Area · p1,"Defaults: inner_up_deg, outer_down_deg, pipe_d_m, riser_frac.",,high
10-a-0004,10-A-0004,Shore gangway,gangway,Jetty Area,Area_Jetty Area,2408.5,809.3,246878.8,3179541.15,99.94,18.62,118.56,cloud,yes,Plot Plan for Jetty Area · p1,"Tower on west part of BD2, boom drawn stowed southward to a landing stair.; Defaults: boom_slope_deg, boom_width_m, counterweight, rung_spacing_m, tower_size_m.",plan_offset,medium
10-na-11v01,10-NA-11V01,Navigation light,nav_aid,Jetty Area,Area_Jetty Area,2355.4,1057.0,246904.83,3179793.14,104.5,6.0,110.5,indicative,yes,Plot Plan for Jetty Area · p1,On MD8.; Defaults: colour.,,high
10-mh-11b01,10-MH-11B01,Quick release hook (MD8),other,Jetty Area,Area_Jetty Area,2353.7,1054.9,246902.57,3179791.67,96.11,7.87,103.98,cloud,yes,Plot Plan for Jetty Area · p1,,,high
10-mh-11b02,10-MH-11B02,Quick release hook (MD7),other,Jetty Area,Area_Jetty Area,2359.8,1002.2,246892.09,3179739.66,95.68,8.04,103.72,cloud,yes,Plot Plan for Jetty Area · p1,,,high
10-mh-11b03,10-MH-11B03,Quick release hook (MD6),other,Jetty Area,Area_Jetty Area,2364.2,957.8,246882.55,3179696.07,95.67,8.27,103.94,cloud,yes,Plot Plan for Jetty Area · p1,,,high
10-mh-11b04,10-MH-11B04,Quick release hook (MD5),other,Jetty Area,Area_Jetty Area,2366.9,931.8,246877.08,3179670.51,104.5,1.0,105.5,indicative,yes,Plot Plan for Jetty Area · p1,,,high
10-mh-11b05,10-MH-11B05,Quick release hook (BD4),other,Jetty Area,Area_Jetty Area,2406.2,892.4,246902.29,3179620.9,98.82,6.67,105.49,cloud,yes,Plot Plan for Jetty Area · p1,,,high
10-mh-11b06,10-MH-11B06,Quick release hook (BD3),other,Jetty Area,Area_Jetty Area,2408.5,865.1,246896.04,3179594.22,101.57,3.37,104.94,cloud,yes,Plot Plan for Jetty Area · p1,,,high
10-mh-11b07,10-MH-11B07,Quick release hook (BD2),other,Jetty Area,Area_Jetty Area,2413.5,816.7,246885.84,3179546.65,98.27,7.5,105.77,cloud,yes,Plot Plan for Jetty Area · p1,,,high
10-mh-11b08,10-MH-11B08,Quick release hook (BD1),other,Jetty Area,Area_Jetty Area,2417.3,783.7,246879.25,3179514.09,97.07,7.85,104.92,cloud,yes,Plot Plan for Jetty Area · p1,,,high
10-mh-11b09,10-MH-11B09,Quick release hook (MD4),other,Jetty Area,Area_Jetty Area,2387.1,739.5,246836.87,3179481.38,97.01,8.52,105.53,cloud,yes,Plot Plan for Jetty Area · p1,,,high
10-mh-11b10,10-MH-11B10,Quick release hook (MD3),other,Jetty Area,Area_Jetty Area,2391.6,699.6,246828.83,3179442.04,96.5,8.51,105.01,cloud,yes,Plot Plan for Jetty Area · p1,,,high
10-mh-11b11,10-MH-11B11,Quick release hook (MD2),other,Jetty Area,Area_Jetty Area,2395.5,666.3,246822.24,3179409.17,96.41,10.47,106.88,cloud,yes,Plot Plan for Jetty Area · p1,,,high
10-mh-11b12,10-MH-11B12,Quick release hook (MD1),other,Jetty Area,Area_Jetty Area,2400.6,612.2,246810.38,3179356.14,97.01,10.24,107.25,cloud,yes,Plot Plan for Jetty Area · p1,,,high
10-ld-11b01,10-LD-11B01,LED display (MD6),other,Jetty Area,Area_Jetty Area,2364.6,955.8,246882.31,3179694.05,104.5,3.0,107.5,indicative,yes,Plot Plan for Jetty Area · p1,,,medium
10-ld-11b02,10-LD-11B02,LED display (MD3),other,Jetty Area,Area_Jetty Area,2393.5,696.4,246829.64,3179438.41,95.96,9.36,105.32,cloud,yes,Plot Plan for Jetty Area · p1,,,medium
10-ls-11b01,10-LS-11B01,Laser docking sensor (north),other,Jetty Area,Area_Jetty Area,2410.4,858.5,246895.81,3179587.36,99.15,5.9,105.05,cloud,yes,Plot Plan for Jetty Area · p1,,,medium
10-ls-11b02,10-LS-11B02,Laser docking sensor (south),other,Jetty Area,Area_Jetty Area,2414.1,823.7,246888.57,3179553.12,104.5,1.5,106.0,indicative,yes,Plot Plan for Jetty Area · p1,,,medium
10-se-11b01,10-SE-11B01,EMS davit (MD8),other,Jetty Area,Area_Jetty Area,2350.8,1057.2,246900.52,3179794.75,104.5,3.5,108.0,indicative,yes,Plot Plan for Jetty Area · p1,Label reads 10-SE-11B01/02 with a single leader to MD8; 10-SE-11B02 location not shown separately.,,medium
10-fh-10v01,10-FH-10V01,Fog horn,nav_aid,Jetty Area,Area_Jetty Area,2379.1,537.0,246766.69,3179291.26,106.14,5.57,111.71,cloud,yes,Plot Plan for Jetty Area · p1,,,high
10-z-0003a,10-Z-0003A,Jetty II LNG unloading arm A,loading_arm,Jetty Area,Area_Jetty Area,2465.4,283.3,246770.38,3179023.31,105.95,22.8,128.75,cloud,yes,Plot Plan for Jetty Area · p1,"Defaults: inner_up_deg, outer_down_deg, pipe_d_m, riser_frac.",,high
10-z-0003b,10-Z-0003B,Jetty II LNG unloading arm B,loading_arm,Jetty Area,Area_Jetty Area,2465.9,279.4,246769.65,3179019.45,106.22,21.39,127.61,cloud,yes,Plot Plan for Jetty Area · p1,"Defaults: inner_up_deg, outer_down_deg, pipe_d_m, riser_frac.",,high
10-z-0004,10-Z-0004,Jetty II vapour return arm,loading_arm,Jetty Area,Area_Jetty Area,2466.3,275.3,246768.76,3179015.43,107.56,34.34,141.9,cloud,yes,Plot Plan for Jetty Area · p1,"Arm at manifold centre line.; Defaults: inner_up_deg, outer_down_deg, pipe_d_m, riser_frac.",,high
10-z-0003c,10-Z-0003C,Jetty II LNG unloading arm C,loading_arm,Jetty Area,Area_Jetty Area,2466.7,271.4,246767.94,3179011.59,109.71,32.31,142.02,cloud,yes,Plot Plan for Jetty Area · p1,"Defaults: inner_up_deg, outer_down_deg, pipe_d_m, riser_frac.",,high
10-rcm-003,10-RCM-003,Jetty II elevated water monitor,monitor,Jetty Area,Area_Jetty Area,2465.1,287.0,246771.23,3179026.92,104.5,15.0,119.5,indicative,yes,Plot Plan for Jetty Area · p1,"Defaults: platform_m, tower.",missing_in_cloud,high
10-rcm-004,10-RCM-004,Jetty II elevated water monitor,monitor,Jetty Area,Area_Jetty Area,2467.5,263.8,246766.35,3179004.12,106.1,14.78,120.88,cloud,yes,Plot Plan for Jetty Area · p1,"Defaults: platform_m, tower.",,high
10-v-0002,10-V-0002,Jetty II KO drum,vessel_h,Jetty Area,Area_Jetty Area,2445.4,274.7,246748.7,3179021.31,107.77,15.97,123.74,cloud,yes,Plot Plan for Jetty Area · p1,"Label 10-V-0002 placed north of head without arrow; matched to the capsule-shaped drum drawn on the head deck.; Defaults: d_m, head, insulated, nozzles, orient, saddle_h_m.",plan_offset,medium
10-b-12,10-B-12,Operator house Jetty II,building,Jetty Area,Area_Jetty Area,2422.9,263.2,246723.74,3179017.33,105.88,10.01,115.89,cloud,yes,Plot Plan for Jetty Area · p1,"Defaults: door_h, door_w, doors, hvac, parapet_h, parapet_t, plinth_h, roof_overhang, roof_t, sill_h, storey_h, window_h, windows.",plan_offset,high
10-ah-0002,10-AH-0002,Jetty II analyzer house,analyzer_house,Jetty Area,Area_Jetty Area,2436.6,263.6,246736.9,3179013.48,105.99,5.13,111.12,cloud,yes,Plot Plan for Jetty Area · p1,"L-shaped outline next to sampling system; leader from 10-AH-0002 label.; Defaults: door_h, door_w, doors, hvac, parapet_h, parapet_t, plinth_h, roof_overhang, roof_t, sill_h, storey_h, window_h, windows.",plan_offset,medium
10-tc-02,10-TC-02,Jetty II area impounding basin,basin,Jetty Area,Area_Jetty Area,2438.7,222.3,246726.13,3178973.55,101.5,3.2,104.7,indicative,yes,Plot Plan for Jetty Area · p1,"On its own piled deck SW of the head; R11000 circle drawn round it.; Defaults: floor_t, freeboard, kerb_h, wall_t.",,high
10-p-0002,10-P-0002,Jetty II area impounding basin pump,pump,Jetty Area,Area_Jetty Area,2434.4,220.8,246721.58,3178973.45,104.5,2.0,106.5,indicative,yes,Plot Plan for Jetty Area · p1,"Defaults: driver, plinth.",missing_in_cloud,medium
10-a-0005,10-A-0005,Gangway (Jetty II),gangway,Jetty Area,Area_Jetty Area,2468.2,243.95,246760.88,3178985.02,100.72,20.53,121.25,cloud,yes,Plot Plan for Jetty Area · p1,"Tower at BD2 / head SE corner, boom drawn stowed southward.; Defaults: boom_slope_deg, boom_width_m, counterweight, rung_spacing_m, tower_size_m.",plan_offset,medium
10-na-12v01,10-NA-12V01,Jetty II navigation aid (green),nav_aid,Jetty Area,Area_Jetty Area,2461.7,44.1,246692.94,3178796.96,104.5,6.0,110.5,indicative,yes,Plot Plan for Jetty Area · p1,,,high
10-lop-10rcm003,10-LOP-10RCM003,Elevated monitor local control panel (RCM-003),package,Jetty Area,Area_Jetty Area,2407.9,332.5,246730.89,3179087.87,105.19,6.25,111.44,cloud,yes,Plot Plan for Jetty Area · p1,Leader end on trestle west side by the LOP lay-by.,,medium
10-lop-10rcm004,10-LOP-10RCM004,Elevated monitor local control panel (RCM-004),package,Jetty Area,Area_Jetty Area,2408.8,327.4,246730.17,3179082.74,105.87,2.06,107.93,cloud,yes,Plot Plan for Jetty Area · p1,,,medium
10-hef-002,10-HEF-002,Foam system package for 10-TC-02,package,Jetty Area,Area_Jetty Area,2420.2,273.6,246724.39,3179028.05,105.91,9.88,115.79,cloud,yes,Plot Plan for Jetty Area · p1,,plan_offset,high
10-sc-d-02,10-SC-D-02,Jetty II auto sampling system,package,Jetty Area,Area_Jetty Area,2436.1,269.4,246738.21,3179019.15,105.95,2.11,108.06,cloud,yes,Plot Plan for Jetty Area · p1,Defaults: colour.,plan_offset,high
10-heg-002,10-HEG-002,Foam generator (basin 10-TC-02),package,Jetty Area,Area_Jetty Area,2438.5,222.5,246726.01,3178973.8,98.94,9.65,108.59,cloud,yes,Plot Plan for Jetty Area · p1,Leader ends at small item on basin where ditch enters; exact item uncertain.,,low
10-mh-12b01,10-MH-12B01,Quick release hook on MD8,other,Jetty Area,Area_Jetty Area,2413.5,490.0,246784.89,3179235.93,95.35,12.35,107.7,cloud,yes,Plot Plan for Jetty Area · p1,,,high
10-mh-12b02,10-MH-12B02,Quick release hook on MD7,other,Jetty Area,Area_Jetty Area,2419.0,436.5,246773.59,3179183.35,95.32,13.25,108.57,cloud,yes,Plot Plan for Jetty Area · p1,,,high
10-mh-12b03,10-MH-12B03,Quick release hook on MD6,other,Jetty Area,Area_Jetty Area,2424.0,392.9,246764.87,3179140.34,94.77,12.57,107.34,cloud,yes,Plot Plan for Jetty Area · p1,,,high
10-mh-12b04,10-MH-12B04,Quick release hook on MD5,other,Jetty Area,Area_Jetty Area,2426.0,366.5,246758.61,3179114.62,95.38,12.58,107.96,cloud,yes,Plot Plan for Jetty Area · p1,,,high
10-mh-12b05,10-MH-12B05,Quick release hook on BD4,other,Jetty Area,Area_Jetty Area,2464.0,326.9,246782.52,3179065.21,93.94,12.08,106.02,cloud,yes,Plot Plan for Jetty Area · p1,,,high
10-mh-12b06,10-MH-12B06,Quick release hook on BD3,other,Jetty Area,Area_Jetty Area,2466.0,299.6,246775.98,3179038.63,100.36,5.86,106.22,cloud,yes,Plot Plan for Jetty Area · p1,,,high
10-mh-12b07,10-MH-12B07,Quick release hook on BD2,other,Jetty Area,Area_Jetty Area,2472.5,250.5,246766.99,3178989.92,98.36,6.49,104.85,cloud,yes,Plot Plan for Jetty Area · p1,,,high
10-mh-12b08,10-MH-12B08,Quick release hook on BD1,other,Jetty Area,Area_Jetty Area,2474.5,218.6,246759.04,3178958.97,97.5,8.16,105.66,cloud,yes,Plot Plan for Jetty Area · p1,,,high
10-mh-12b09,10-MH-12B09,Quick release hook on MD4,other,Jetty Area,Area_Jetty Area,2447.3,174.2,246719.45,3178925.14,96.31,9.42,105.73,cloud,yes,Plot Plan for Jetty Area · p1,,,high
10-mh-12b10,10-MH-12B10,Quick release hook on MD3,other,Jetty Area,Area_Jetty Area,2451.1,134.5,246710.8,3178886.21,96.04,11.03,107.07,cloud,yes,Plot Plan for Jetty Area · p1,,,high
10-mh-12b11,10-MH-12B11,Quick release hook on MD2,other,Jetty Area,Area_Jetty Area,2454.7,100.9,246703.84,3178853.14,95.99,10.6,106.59,cloud,yes,Plot Plan for Jetty Area · p1,,,high
10-mh-12b12,10-MH-12B12,Quick release hook on MD1,other,Jetty Area,Area_Jetty Area,2460.2,46.6,246692.29,3178799.8,96.26,10.78,107.04,cloud,yes,Plot Plan for Jetty Area · p1,,,high
10-ld-12b01,10-LD-12B01,Jetty II large LED display (on MD6),other,Jetty Area,Area_Jetty Area,2423.5,390.6,246763.68,3179138.31,95.13,13.73,108.86,cloud,yes,Plot Plan for Jetty Area · p1,Leader converges on MD6 with MH-12B03 and MD6 labels.,,medium
10-ld-12b02,10-LD-12B02,Jetty II large LED display (on MD3),other,Jetty Area,Area_Jetty Area,2450.6,132.3,246709.64,3178884.27,95.74,9.77,105.51,cloud,yes,Plot Plan for Jetty Area · p1,Leader converges on MD3.,,medium
10-ls-12b01,10-LS-12B01,Jetty II laser lift (north),other,Jetty Area,Area_Jetty Area,2469.7,293.5,246777.62,3179031.68,98.68,10.47,109.15,cloud,yes,Plot Plan for Jetty Area · p1,,,medium
10-ls-12b02,10-LS-12B02,Jetty II laser lift (south),other,Jetty Area,Area_Jetty Area,2473.3,258.4,246770.2,3178997.19,103.86,2.33,106.19,cloud,yes,Plot Plan for Jetty Area · p1,,,medium
10-se-12b01,10-SE-12B01,Jetty II EMS davit 1 (on MD1),crane,Jetty Area,Area_Jetty Area,2456.4,45.0,246688.18,3178799.46,104.5,4.5,109.0,indicative,yes,Plot Plan for Jetty Area · p1,"Shared label 10-SE-12B01/02 with one leader to MD1 west side; split position assumed.; Defaults: boom_up_deg, reach_m, slew_deg.",,medium
10-se-12b02,10-SE-12B02,Jetty II EMS davit 2 (on MD1),crane,Jetty Area,Area_Jetty Area,2457.2,43.2,246688.39,3178797.5,104.5,4.5,109.0,indicative,yes,Plot Plan for Jetty Area · p1,"Shared label 10-SE-12B01/02; second davit position assumed beside the first.; Defaults: boom_up_deg, reach_m, slew_deg.",,low
10-ss-03,10-SS-03,Jetty control & electrical building,substation,Jetty Area,Area_Jetty Area,2248.5,528.2,246639.77,3179323.25,101.99,34.04,136.03,cloud,yes,Plot Plan for Jetty Area · p1,"Roof from cloud (~20 m above platform deck). East end has stair/lift core and open column bay (not modelled separately).; Defaults: door_h, door_w, doors, hvac, parapet_h, parapet_t, plinth_h, roof_overhang, roof_t, sill_h, storey_h, window_h, windows.",plan_offset,high
10-a-0003-g-01,10-A-0003-G-01,Jetty emergency power generator,generator,Jetty Area,Area_Jetty Area,2255.7,518.7,246643.68,3179311.99,105.71,20.39,126.1,cloud,yes,Plot Plan for Jetty Area · p1,Leader shared with 10-A-0003-V-01 (base tank). Exhaust silencer drawn at east end.; Defaults: radiator_end.,plan_offset,high
10-a-0003-v-01,10-A-0003-V-01,Emergency generator diesel tank (base tank),other,Jetty Area,Area_Jetty Area,2255.7,518.7,246643.68,3179311.99,105.82,20.12,125.94,cloud,yes,Plot Plan for Jetty Area · p1,Same leader as generator G-01; interpreted as sub-base fuel tank under the generator enclosure.,plan_offset,medium
10-a-0003-l-01,10-A-0003-L-01,Emergency generator load bank,package,Jetty Area,Area_Jetty Area,2264.0,500.5,246645.95,3179292.12,105.21,1.05,106.26,cloud,yes,Plot Plan for Jetty Area · p1,Leader arrow ends at small square on the trestle widening south of the rack.; Defaults: colour.,plan_offset,medium
60-a-0001,60-A-0001,Flare package,flare,Jetty Area,Area_Jetty Area,1989.7,343.0,246336.4,3179227.08,94.99,56.14,151.13,cloud,yes,Plot Plan for Jetty Area · p1,"Overall plan UTM E 246,336.202 N 3,179,227.195. Tip top from cloud (~50 m above platform). Sterile radius R100000 circle drawn (not an asset).; Defaults: platforms, riser_d_m, tip_d_m.",,high
10-na-60v01,10-NA-60V01,Navigation aid at flare platform,nav_aid,Jetty Area,Area_Jetty Area,1989.7,326.9,246331.43,3179211.77,102.4,6.0,108.4,indicative,yes,Plot Plan for Jetty Area · p1,Leader points to south corner of flare platform.; Defaults: colour.,,medium
80-b-01,80-B-01,Fire station,building,Building Area,Area_Building Area,823.4,610.4,245309.81,3179841.79,96.25,15.26,111.51,cloud,yes,Plot Plan for Building Area · p1,"Office/crew block N 611.8-625.5 plus apparatus bay (3 vehicle bays) N 595.3-611.8. FS EL 100.000 stated near site.; Defaults: hvac, parapet_h, parapet_t, plinth_h, roof_overhang, roof_t, sill_h, window_h, windows.",plan_offset,high
80-b-07,80-B-07,Warehouse / workshop / laboratory,building,Building Area,Area_Building Area,809.2,544.5,245275.94,3179783.5,97.16,14.94,112.1,cloud,yes,Plot Plan for Building Area · p1,"West high bay (E 789.3-804.4) holds overhead cranes 80-XC-0001/0002; loading docks on east face.; Defaults: hvac, parapet_h, parapet_t, plinth_h, roof_overhang, roof_t, sill_h, window_h, windows.",plan_offset,high
80-xc-0001,80-XC-0001,Overhead travelling crane in workshop 80-B-07,other,Building Area,Area_Building Area,796.85,560.0,245268.98,3179802.06,97.37,14.38,111.75,cloud,yes,Plot Plan for Building Area · p1,"Tag written in west bay of 80-B-07; crane bridge spans the bay E 789.6-804.1, runs N-S along the bay. Position along bay and height indicative.",plan_offset,low
80-xc-0002,80-XC-0002,Overhead travelling crane in workshop 80-B-07,other,Building Area,Area_Building Area,796.85,530.0,245259.71,3179773.52,98.78,13.86,112.64,cloud,yes,Plot Plan for Building Area · p1,Second crane in same west bay of 80-B-07; position along bay and height indicative.,,low
80-b-10,80-B-10,M&O building (south of 80-B-07),building,Building Area,Area_Building Area,811.22,487.52,245260.26,3179728.68,98.51,10.21,108.72,cloud,yes,Plot Plan for Building Area · p1,"Label overprinted by hatching, read as 80-B-10.; Defaults: door_h, door_w, hvac, parapet_h, parapet_t, plinth_h, roof_overhang, roof_t, sill_h, window_h, windows.",plan_offset,medium
80-b-15,80-B-15,Parking for 80-B-10 (east stalls),parking,Building Area,Area_Building Area,823.85,470.35,245266.96,3179708.45,99.6,0.4,100.0,indicative,yes,Plot Plan for Building Area · p1,"Defaults: markings, stall_d, stall_w.",,medium
80-b-17,80-B-17,Parking for 80-B-07,parking,Building Area,Area_Building Area,782.4,520.3,245242.97,3179768.76,99.6,0.4,100.0,indicative,yes,Plot Plan for Building Area · p1,"Defaults: markings, stall_d, stall_w.",,high
80-b-18,80-B-18,SOCC parking,parking,Building Area,Area_Building Area,748.75,534.05,245215.22,3179792.24,99.6,0.4,100.0,indicative,yes,Plot Plan for Building Area · p1,"Defaults: markings, stall_d, stall_w.",,high
80-b-02,80-B-02,Administration building,building,Building Area,Area_Building Area,709.48,502.37,245168.08,3179774.25,97.71,11.68,109.39,cloud,yes,Plot Plan for Building Area · p1,"Defaults: door_h, door_w, hvac, parapet_h, parapet_t, plinth_h, roof_overhang, roof_t, sill_h, window_h, windows.",plan_offset,high
80-b-08,80-B-08,Parking for administration building (north),parking,Building Area,Area_Building Area,714.05,522.55,245178.66,3179792.02,99.6,0.4,100.0,indicative,yes,Plot Plan for Building Area · p1,"Two stall rows E 683.9-705.3 and E 714.1-744.2 with entrance gap between.; Defaults: markings, stall_d, stall_w.",,high
80-b-03,80-B-03,Gate house I (rotated),building,Building Area,Area_Building Area,736.06,566.66,245213.22,3179827.18,96.46,12.31,108.77,cloud,yes,Plot Plan for Building Area · p1,"Corner E 755.852 N 555.302 stated on sheet; other corners scaled. Long axis bearing ~152 deg.; Defaults: door_h, door_w, hvac, parapet_h, parapet_t, plinth_h, roof_overhang, roof_t, sill_h, window_h, windows.",plan_offset,medium
80-b-05,80-B-05,Gate house II,building,Building Area,Area_Building Area,756.8,377.0,245174.35,3179640.39,100.21,5.37,105.58,cloud,yes,Plot Plan for Building Area · p1,"Defaults: door_h, hvac, parapet_h, parapet_t, plinth_h, roof_overhang, roof_t, sill_h, window_h, windows.",plan_offset,high
70-mis-01,70-MIS-01,132 kV GIS substation,substation,Building Area,Area_Building Area,710.5,432.3,245147.4,3179707.29,99.08,11.96,111.04,cloud,yes,Plot Plan for Building Area · p1,"West face stepped (E 694.6 south of N 436.4).; Defaults: door_h, door_w, doors, hvac, parapet_h, parapet_t, plinth_h, roof_overhang, roof_t, sill_h, storey_h, window_h, windows.",plan_offset,high
80-b-06,80-B-06,Control building,building,Building Area,Area_Building Area,834.04,425.17,245262.69,3179662.33,99.98,12.21,112.19,cloud,yes,Plot Plan for Building Area · p1,"North face N 442.0 and south face N 409.5 from chain dims 20200/32500 off N 462.2.; Defaults: door_h, door_w, hvac, parapet_h, parapet_t, plinth_h, roof_overhang, roof_t, sill_h, window_h, windows.",plan_offset,high
80-b-16,80-B-16,Parking for control building (south),parking,Building Area,Area_Building Area,845.55,399.7,245265.77,3179634.55,99.6,0.4,100.0,indicative,yes,Plot Plan for Building Area · p1,"Defaults: markings, stall_d, stall_w.",,high
70-tc-0002,70-TC-0002,Chemical contaminated water pit,basin,Building Area,Area_Building Area,887.75,406.95,245308.14,3179628.41,97.0,3.3,100.3,indicative,yes,Plot Plan for Building Area · p1,"Label leader ends at the ~5x5 m structure at SE corner of 80-B-06.; Defaults: floor_t, freeboard, kerb_h, wall_t.",,medium
80-b-19,80-B-19,Staff parking 80-B-19,parking,Building Area,Area_Building Area,548.19,466.31,245003.55,3179789.79,97.5,0.2,97.7,indicative,yes,Plot Plan for Building Area · p1,"Corner coords read: E554.564 N495.322 (NE), E538.947 N442.821 (SW). Long axis bearing ~152 deg, bus bay at north end, turning loop at south end. On pad FG EL 97.500.; Defaults: markings, stall_d, stall_w.",,high
80-b-09,80-B-09,Staff parking 80-B-09,parking,Building Area,Area_Building Area,659.56,509.59,245122.83,3179796.54,97.5,0.2,97.7,indicative,yes,Plot Plan for Building Area · p1,"Tag read clearly; outline traced approximately; lot lies mostly east of package edge (E650), stalls E-W along an aisle west of the E660.5 road. Merge with neighbouring package.; Defaults: markings, stall_d, stall_w.",,low
drum-screen-pu-1,,Drum screen (part of 50-A-0002),package,Process & Utility,Area_Process & Utility,892.7,598.7,245372.1,3179809.24,96.71,4.07,100.78,cloud,yes,Plot Plan for Process & Utility,,,medium
drum-screen-pu-2,,Drum screen (part of 50-A-0002),package,Process & Utility,Area_Process & Utility,909.2,598.7,245387.79,3179804.15,96.76,4.07,100.83,cloud,yes,Plot Plan for Process & Utility,,plan_offset,medium
drum-screen-pu-3,,Drum screen (part of 50-A-0002),package,Process & Utility,Area_Process & Utility,925.4,598.7,245403.2,3179799.14,96.8,4.05,100.85,cloud,yes,Plot Plan for Process & Utility,,,medium
drum-screen-pu-4,,Drum screen (part of 50-A-0002),package,Process & Utility,Area_Process & Utility,941.9,598.7,245418.89,3179794.04,96.87,4.05,100.92,cloud,yes,Plot Plan for Process & Utility,,plan_offset,medium
drum-screen-pu-5,,Drum screen (part of 50-A-0002),package,Process & Utility,Area_Process & Utility,958.3,598.7,245434.49,3179788.97,96.91,4.07,100.98,cloud,yes,Plot Plan for Process & Utility,,plan_offset,medium
package-pu-skid-1,,Skid west of screen house (north),package,Process & Utility,Area_Process & Utility,882.3,623.2,245369.78,3179835.76,96.12,1.36,97.48,cloud,yes,Plot Plan for Process & Utility,Defaults: colour.,plan_offset,low
package-pu-skid-2,,Small unit west of screen house,package,Process & Utility,Area_Process & Utility,882.6,607.5,245365.21,3179820.73,95.85,1.98,97.83,cloud,yes,Plot Plan for Process & Utility,Defaults: colour.,plan_offset,low
package-pu-skid-3,,Skid west of drum screens,package,Process & Utility,Area_Process & Utility,882.4,594.2,245360.91,3179808.15,96.73,0.41,97.14,cloud,yes,Plot Plan for Process & Utility,,plan_offset;builder_fallback,low
package-pu-skid-4,,Skid east of screen house,package,Process & Utility,Area_Process & Utility,977.0,607.0,245454.84,3179791.09,96.73,4.12,100.85,cloud,yes,Plot Plan for Process & Utility,"Adjacent labels 50-A-0005/0007-L-01x refer to items further east, not this skid.; Defaults: colour.",plan_offset,low
package-pu-skid-5,,Skid east of pump bay,package,Process & Utility,Area_Process & Utility,979.1,572.5,245446.18,3179757.63,97.38,5.3,102.68,cloud,yes,Plot Plan for Process & Utility,Defaults: colour.,plan_offset,low
package-pu-skid-6,,Unit north of 70-UB-04,package,Process & Utility,Area_Process & Utility,870.85,527.7,245329.38,3179748.47,97.91,8.32,106.23,cloud,yes,Plot Plan for Process & Utility,Defaults: colour.,plan_offset,low
package-pu-01,,Small skid south of 70-V-0002,package,Process & Utility,Area_Process & Utility,931.95,453.95,245364.7,3179659.45,99.52,2.71,102.23,cloud,yes,Plot Plan for Process & Utility,Defaults: colour.,,low
package-pu-02,,Skid in 70-A-0002 plot (SE),package,Process & Utility,Area_Process & Utility,935.8,415.15,245356.37,3179621.36,100.21,1.99,102.2,cloud,yes,Plot Plan for Process & Utility,Defaults: colour.,plan_offset,low
package-pu3-02,,Small unit south of generator pad,package,Process & Utility,Area_Process & Utility,829.85,327.6,245228.56,3179570.83,101.24,3.45,104.69,cloud,yes,Plot Plan for Process & Utility,Defaults: colour.,plan_offset,low
package-pu3-01,,Lift station control panel pad,package,Process & Utility,Area_Process & Utility,800.6,371.6,245214.33,3179621.72,100.33,0.4,100.73,cloud,yes,Plot Plan for Process & Utility,,plan_offset;builder_fallback,low
package-pu3-03,,Small unit south of 50-B-14,package,Process & Utility,Area_Process & Utility,975.85,331.9,245368.74,3179529.81,100.0,1.5,101.5,indicative,yes,Plot Plan for Process & Utility,Defaults: colour.,missing_in_cloud,low
package-pu3-04,,WT unit in 70-UB-05 (1),package,Process & Utility,Area_Process & Utility,890.9,278.8,245271.54,3179505.56,102.49,6.09,108.58,cloud,yes,Plot Plan for Process & Utility,Defaults: colour.,plan_offset,medium
package-pu3-05,,WT unit in 70-UB-05 (2),package,Process & Utility,Area_Process & Utility,895.5,278.8,245275.91,3179504.13,102.53,6.09,108.62,cloud,yes,Plot Plan for Process & Utility,Defaults: colour.,,medium
package-pu3-06,,WT unit in 70-UB-05 (3),package,Process & Utility,Area_Process & Utility,899.7,278.8,245279.91,3179502.84,102.46,6.17,108.63,cloud,yes,Plot Plan for Process & Utility,Defaults: colour.,,medium
package-pu3-07,,WT unit in 70-UB-05 (4),package,Process & Utility,Area_Process & Utility,903.4,278.8,245283.43,3179501.69,102.41,6.24,108.65,cloud,yes,Plot Plan for Process & Utility,Defaults: colour.,plan_offset,medium
package-pu3-08,,WT unit in 70-UB-05 (5),package,Process & Utility,Area_Process & Utility,908.4,278.8,245288.18,3179500.15,102.42,6.25,108.67,cloud,yes,Plot Plan for Process & Utility,Defaults: colour.,,medium
package-pu3-09,,WT unit in 70-UB-05 (6),package,Process & Utility,Area_Process & Utility,913.4,278.8,245292.94,3179498.6,102.47,6.24,108.71,cloud,yes,Plot Plan for Process & Utility,Defaults: colour.,,medium
package-pu3-10,,WT skid (lower pad 1),package,Process & Utility,Area_Process & Utility,902.65,268.25,245279.45,3179491.89,102.48,2.92,105.4,cloud,yes,Plot Plan for Process & Utility,Defaults: colour.,plan_offset,medium
package-pu3-11,,WT skid (lower pad 2),package,Process & Utility,Area_Process & Utility,907.45,266.05,245283.34,3179488.32,102.52,2.27,104.79,cloud,yes,Plot Plan for Process & Utility,Defaults: colour.,plan_offset,medium
package-pu3-12,,WT skid (lower pad 3),package,Process & Utility,Area_Process & Utility,912.1,266.35,245287.85,3179487.16,102.53,1.03,103.56,cloud,yes,Plot Plan for Process & Utility,Defaults: colour.,plan_offset,medium
package-pu3-13,,WT skid (lower pad 4),package,Process & Utility,Area_Process & Utility,916.85,267.45,245292.71,3179486.74,102.51,4.62,107.13,cloud,yes,Plot Plan for Process & Utility,Defaults: colour.,plan_offset,medium
package-pu3-14,,WT skid (lower pad 5),package,Process & Utility,Area_Process & Utility,922.3,268.0,245298.07,3179485.58,102.51,4.11,106.62,cloud,yes,Plot Plan for Process & Utility,Defaults: colour.,plan_offset,medium
package-pu3-15,,WT skid (lower pad 6),package,Process & Utility,Area_Process & Utility,926.1,268.05,245301.69,3179484.46,102.49,1.56,104.05,cloud,yes,Plot Plan for Process & Utility,Defaults: colour.,plan_offset,medium
package-pu3-16,,Small enclosure north of water treatment,package,Process & Utility,Area_Process & Utility,904.05,296.0,245289.36,3179517.85,101.99,3.16,105.15,cloud,yes,Plot Plan for Process & Utility,Defaults: colour.,,low
package-pu-outfall-1,,Equipment beside outfall pit (untagged),package,Process & Utility,Area_Process & Utility,1043.95,282.15,245418.13,3179461.45,99.32,6.61,105.93,cloud,yes,Plot Plan for Process & Utility,"Small untagged unit east of 50-TC-10.; Defaults: colour, style.",,low
package-pu5-01,,Small cabinet on pad SE of metering shelter,package,Process & Utility,Area_Process & Utility,1159.65,599.7,245626.3,3179727.71,97.28,3.48,100.76,cloud,yes,Plot Plan for Process & Utility,No legible tag; possibly AQMS cabinet 50-AC-003 (for NG trim heaters) or the first 30-HEF-002 label - not confirmed.; Defaults: colour.,plan_offset,low
package-lng-tank-area-lp-heater-1,,Local panel for electric heater,package,LNG Tank Area,Area_LNG Tank Area,1870.95,459.5,246259.46,3179374.58,98.65,6.05,104.7,cloud,yes,Plot Plan for Tank Area · p1,Defaults: colour.,,medium
package-lng-tank-area-lp-heater-2,,Local panel for electric heater,package,LNG Tank Area,Area_LNG Tank Area,1870.95,455.8,246258.32,3179371.06,98.74,4.17,102.91,cloud,yes,Plot Plan for Tank Area · p1,Defaults: colour.,,medium
package-lng-tank-area-lp-heater-3,,Local panel for electric heater,package,LNG Tank Area,Area_LNG Tank Area,1914.85,459.45,246301.2,3179360.96,100.3,2.0,102.3,indicative,yes,Plot Plan for Tank Area · p1,Defaults: colour.,missing_in_cloud,medium
package-lng-tank-area-lp-heater-4,,Local panel for electric heater,package,LNG Tank Area,Area_LNG Tank Area,1914.85,455.85,246300.09,3179357.54,100.3,2.0,102.3,indicative,yes,Plot Plan for Tank Area · p1,Defaults: colour.,missing_in_cloud,medium
package-lng-tank-area-flare-ignition,,Flare ignition panel,package,LNG Tank Area,Area_LNG Tank Area,1907.4,451.3,246291.6,3179355.51,98.71,2.56,101.27,cloud,yes,Plot Plan for Tank Area · p1,Defaults: colour.,,medium
pump-group-pu-spray-1,,Screen wash spray pumps (part of 50-A-0002),pump_group,Process & Utility,Area_Process & Utility,880.3,586.2,245356.45,3179801.19,96.87,5.44,102.31,cloud,yes,Plot Plan for Process & Utility,Row of 6 small horizontal pumps on stippled pad; identified as spray pumps from brief.; Defaults: pitch_m.,plan_offset,low
pump-group-pu-spray-2,,Screen wash spray pumps (part of 50-A-0002),pump_group,Process & Utility,Area_Process & Utility,880.3,578.2,245353.97,3179793.58,97.06,2.77,99.83,cloud,yes,Plot Plan for Process & Utility,Defaults: pitch_m.,plan_offset,low
paved-pu-spray-pad,,Concrete pad for spray pumps,paved,Process & Utility,Area_Process & Utility,880.2,582.5,245355.21,3179797.7,100.0,0.2,100.2,indicative,yes,Plot Plan for Process & Utility,,,medium
paved-pu-fw-pad,,Paved pad for 70-V-0003 / 70-P-0009/0010,paved,Process & Utility,Area_Process & Utility,893.8,509.4,245345.55,3179723.97,100.0,0.2,100.2,indicative,yes,Plot Plan for Process & Utility,,,medium
paved-pu-pump-discharge,,Paved area south of pump bay,paved,Process & Utility,Area_Process & Utility,934.2,549.0,245396.21,3179749.15,100.0,0.2,100.2,indicative,yes,Plot Plan for Process & Utility,"Stippled concrete E 896-972.3, N 540.5-557.5.",,medium
paved-pu-01,,Air receiver pad,paved,Process & Utility,Area_Process & Utility,959.45,452.0,245390.25,3179649.1,100.0,0.3,100.3,indicative,yes,Plot Plan for Process & Utility,,,medium
paved-pu-02,,Utility equipment paved strip (E 923-941),paved,Process & Utility,Area_Process & Utility,932.64,450.6,245364.33,3179656.05,100.0,0.2,100.2,indicative,yes,Plot Plan for Process & Utility,Simplified outline of the concrete pad carrying the strip equipment.,,medium
paved-pu3-02,,Slab north of 50-B-14,paved,Process & Utility,Area_Process & Utility,976.9,344.15,245373.52,3179541.13,100.0,0.2,100.2,indicative,yes,Plot Plan for Process & Utility,,,low
paved-pu3-01,,Cul-de-sac turning head,paved,Process & Utility,Area_Process & Utility,864.3,159.7,245209.44,3179400.5,99.8,0.2,100.0,indicative,yes,Plot Plan for Process & Utility,,,medium
paved-pu-orv-lk,,ORV L/K pad,paved,Process & Utility,Area_Process & Utility,1044.6,572.5,245508.47,3179737.39,100.0,0.2,100.2,indicative,yes,Plot Plan for Process & Utility,,,medium
paved-pu-orv-ji,,ORV J/I pad,paved,Process & Utility,Area_Process & Utility,1044.6,530.3,245495.43,3179697.25,100.0,0.2,100.2,indicative,yes,Plot Plan for Process & Utility,,,medium
paved-pu-orv-hg,,ORV H/G pad,paved,Process & Utility,Area_Process & Utility,1044.6,488.35,245482.47,3179657.36,100.0,0.2,100.2,indicative,yes,Plot Plan for Process & Utility,,,medium
paved-pu-orv-fe,,ORV F/E pad,paved,Process & Utility,Area_Process & Utility,1044.6,428.55,245463.99,3179600.48,100.0,0.2,100.2,indicative,yes,Plot Plan for Process & Utility,,,medium
paved-pu-orv-dc,,ORV D/C pad,paved,Process & Utility,Area_Process & Utility,1044.6,386.9,245451.12,3179560.87,100.0,0.2,100.2,indicative,yes,Plot Plan for Process & Utility,,,medium
paved-pu-orv-ba,,ORV B/A pad,paved,Process & Utility,Area_Process & Utility,1044.6,344.35,245437.97,3179520.4,100.0,0.2,100.2,indicative,yes,Plot Plan for Process & Utility,,,medium
paved-pu-rackside-1,,Paved pad west of rack (L/K),paved,Process & Utility,Area_Process & Utility,1064.4,572.4,245527.27,3179731.18,100.0,0.2,100.2,indicative,yes,Plot Plan for Process & Utility,,,medium
paved-pu-rackside-2,,Paved pad west of rack (J/I),paved,Process & Utility,Area_Process & Utility,1062.6,530.65,245512.66,3179692.03,100.0,0.2,100.2,indicative,yes,Plot Plan for Process & Utility,,,medium
paved-pu-rackside-3,,Paved pad west of rack (H/G),paved,Process & Utility,Area_Process & Utility,1064.05,488.55,245501.03,3179651.54,100.0,0.2,100.2,indicative,yes,Plot Plan for Process & Utility,,,medium
paved-pu-rackside-4,,Paved pad west of rack (F/E),paved,Process & Utility,Area_Process & Utility,1063.8,428.25,245482.16,3179594.27,100.0,0.2,100.2,indicative,yes,Plot Plan for Process & Utility,,,medium
paved-pu-rackside-5,,Paved pad west of rack (D/C),paved,Process & Utility,Area_Process & Utility,1064.1,386.35,245469.5,3179554.32,100.0,0.2,100.2,indicative,yes,Plot Plan for Process & Utility,,,medium
paved-pu-rackside-6,,Paved pad west of rack (B/A),paved,Process & Utility,Area_Process & Utility,1064.1,345.2,245456.78,3179515.19,100.0,0.2,100.2,indicative,yes,Plot Plan for Process & Utility,,,medium
paved-pu-launcher-1,,Pig launcher pad (north),paved,Process & Utility,Area_Process & Utility,1039.65,626.55,245520.47,3179790.32,100.0,0.2,100.2,indicative,yes,Plot Plan for Process & Utility,,,high
paved-pu-launcher-2,,Pig launcher pad (south),paved,Process & Utility,Area_Process & Utility,1039.65,609.5,245515.2,3179774.11,100.0,0.2,100.2,indicative,yes,Plot Plan for Process & Utility,,,high
paved-pu5-01,,Paved equipment area (fuel gas heaters / drums),paved,Process & Utility,Area_Process & Utility,1133.0,478.6,245563.53,3179620.77,99.8,0.2,100.0,indicative,yes,Plot Plan for Process & Utility,"Stippled paving E~1105-1161, N~471-486.",,low
paved-pu-p6-001,,SCV A pad,paved,Process & Utility,Area_Process & Utility,1116.8,320.75,245499.35,3179475.65,100.0,0.2,100.2,indicative,yes,Plot Plan for Process & Utility,,,medium
paved-pu-p6-002,,SCV B pad,paved,Process & Utility,Area_Process & Utility,1116.8,344.75,245506.76,3179498.47,100.0,0.2,100.2,indicative,yes,Plot Plan for Process & Utility,,,medium
paved-pu-p6-003,,SCV C pad,paved,Process & Utility,Area_Process & Utility,1116.8,368.7,245514.16,3179521.25,100.0,0.2,100.2,indicative,yes,Plot Plan for Process & Utility,,,medium
paved-tank-01,,Concrete pad W of Overbridge A,paved,LNG Tank Area,Area_LNG Tank Area,1268.7,477.1,245692.13,3179577.41,100.0,0.3,100.3,indicative,yes,Plot Plan for Tank Area · p1,"Hatched concrete pad E1255.6-1281.8, N471.6-482.6 next to 'PUMP CONTAINER' text.",,medium
paved-lng-tank-area-ko-drum-pad,,Flare KO drum concrete pad,paved,LNG Tank Area,Area_LNG Tank Area,1894.16,456.7,246280.68,3179364.74,100.0,0.3,100.3,indicative,yes,Plot Plan for Tank Area · p1,,,high
paved-building-area-b07-yard,,Paved yard / ring road around 80-B-07 and 80-B-10,paved,Building Area,Area_Building Area,810.8,530.75,245273.21,3179769.93,99.7,0.25,99.95,indicative,yes,Plot Plan for Building Area · p1,Kerbed paved area with ring access road; outline scaled.,,low
paved-building-area-b06-yard,,Paved yard / ring road around 80-B-06,paved,Building Area,Area_Building Area,841.75,424.3,245269.75,3179659.12,99.7,0.25,99.95,indicative,yes,Plot Plan for Building Area · p1,,,low
pump-pu-fw-1,,"Fire sea water pump (motor), probably 70-P-0005A",pump,Process & Utility,Area_Process & Utility,899.6,562.0,245367.32,3179772.21,97.6,8.63,106.23,cloud,yes,Plot Plan for Process & Utility,"Vertical label partly obscured, reads 70-P-000?A; tag not assigned.; Defaults: plinth.",,low
pump-pu-fw-2,,Vertical pump (possibly 70-P-0003A),pump,Process & Utility,Area_Process & Utility,903.1,561.4,245370.47,3179770.56,97.6,9.65,107.25,cloud,yes,Plot Plan for Process & Utility,Obscured vertical labels nearby; 70-P-0003A/B not legible.; Defaults: plinth.,,low
pump-pu-fw-3,,Vertical pump (possibly 70-P-0003B),pump,Process & Utility,Area_Process & Utility,905.8,561.4,245373.03,3179769.72,97.61,2.19,99.8,cloud,yes,Plot Plan for Process & Utility,Defaults: plinth.,,low
pump-pu-fwh-1,,Small pump in fire water shelter (possibly jockey),pump,Process & Utility,Area_Process & Utility,884.9,518.8,245339.99,3179735.66,98.34,8.57,106.91,cloud,yes,Plot Plan for Process & Utility,"Defaults: driver, plinth.",,low
pump-pu-fwh-2,,Small pump in fire water shelter (possibly jockey),pump,Process & Utility,Area_Process & Utility,887.9,518.8,245342.85,3179734.74,98.36,8.56,106.92,cloud,yes,Plot Plan for Process & Utility,"Defaults: driver, plinth.",,low
pump-lng-tank-area-t5-future,,"Future LP LNG pump well, tank 20-T-0005",pump,LNG Tank Area,Area_LNG Tank Area,1261.0,382.9,245655.69,3179490.2,135.11,30.68,165.79,cloud,yes,Plot Plan for Tank Area · p1,Fourth pump well labelled (FUTURE); no tag.; Defaults: driver.,,low
pump-lng-tank-area-t6-future,,"Future LP LNG pump well, tank 20-T-0006",pump,LNG Tank Area,Area_LNG Tank Area,1407.0,382.9,245794.55,3179445.09,138.18,27.77,165.95,cloud,yes,Plot Plan for Tank Area · p1,Fourth pump well labelled (FUTURE); no tag.; Defaults: driver.,,low
pipe-rack-pu-utility-sub,,Utility sub pipe rack,pipe_rack,Process & Utility,Area_Process & Utility,889.65,504.0,245339.94,3179720.12,98.44,3.55,101.99,cloud,yes,Plot Plan for Process & Utility,"Bents at N 512.9, 509.0, 503.0, 497.0; continues south past the package edge.; Defaults: beam_depth_m, bracing, column_section_m, columns_across, lines, pipe_fill, tier_gap_m.",plan_offset,medium
pipe_rack-pu-ns-01,,Utility pipe rack (N-S),pipe_rack,Process & Utility,Area_Process & Utility,944.5,459.25,245378.28,3179660.61,99.33,4.37,103.7,cloud,yes,Plot Plan for Process & Utility,"Labelled UTILITY PR(N-S); bents ~6 m, columns at E 941.9 / 947.1. North end continues beyond package (~N 503).; Defaults: beam_depth_m, bracing, column_section_m, columns_across, lines, n_tiers, pipe_fill, tier_gap_m.",plan_offset,medium
pipe_rack-pu-ew-01,,Utility pipe rack (E-W),pipe_rack,Process & Utility,Area_Process & Utility,977.0,460.5,245409.57,3179651.76,99.53,11.87,111.4,cloud,yes,Plot Plan for Process & Utility,"Bents at ~8 m, N 458.5/462.5, X bracing in east end bay at E ~996-1004.; Defaults: beam_depth_m, bracing, column_section_m, columns_across, lines, n_tiers, pipe_fill, tier_gap_m.",plan_offset,medium
pipe_rack-pu-process-main,,Process main pipe rack (N-S),pipe_rack,Process & Utility,Area_Process & Utility,1076.5,476.7,245509.21,3179636.42,100.0,16.2,116.2,drawing,yes,Plot Plan for Process & Utility,"Columns E 1072.0/1081.0, bents ~8 m. Tier TOS 106.0 (utility), 108.5 (process), 112.5 (flare), 116.2 from Section C-C.; Defaults: beam_depth_m, bracing, column_section_m, columns_across, lines, n_tiers, pipe_fill, tier_gap_m.",plan_offset;height_mismatch,medium
pipe_rack-pu-utility-ew-1,,Utility pipe rack (E-W),pipe_rack,Process & Utility,Area_Process & Utility,1032.4,460.6,245462.29,3179634.74,99.6,11.79,111.39,cloud,yes,Plot Plan for Process & Utility,"Labelled UTILITY PR(E-W); continues west beyond the package edge.; Defaults: beam_depth_m, bracing, column_section_m, columns_across, lines, pipe_fill, tier_gap_m.",plan_offset,medium
pipe-rack-pu5-01,,Small pipe support east of metering shelter,pipe_rack,Process & Utility,Area_Process & Utility,1169.85,629.75,245645.28,3179753.13,96.67,3.83,100.5,cloud,yes,Plot Plan for Process & Utility,"Two rows of 5 posts under the 50-A-0006 label; function not stated.; Defaults: beam_depth_m, bent_spacing_m, bracing, column_section_m, columns_across, lines, n_tiers, pipe_fill, tier_gap_m.",plan_offset,low
pipe-rack-pu5-02,,Pipe rack branch east of 40-PR-001,pipe_rack,Process & Utility,Area_Process & Utility,1171.85,494.15,245605.28,3179623.55,99.26,2.91,102.17,cloud,yes,Plot Plan for Process & Utility,"Defaults: beam_depth_m, bent_spacing_m, bracing, column_section_m, columns_across, lines, n_tiers, pipe_fill, tier_gap_m.",plan_offset,low
pipe-rack-pu-p6-001,,Process main pipe rack (E-W),pipe_rack,Process & Utility,Area_Process & Utility,1138.25,458.0,245562.16,3179599.55,99.81,13.12,112.93,cloud,yes,Plot Plan for Process & Utility,"Labelled 'PROCESS MAIN PR(E-W)'; bents at N454.6/461.4, 8 m spacing. Tier levels taken from Section C-C (cut through the N-S rack) as brief suggests; just north of package edge.; Defaults: beam_depth_m, bracing, column_section_m, columns_across, lines, n_tiers, pipe_fill, tier_gap_m.",plan_offset,medium
pipe-rack-pu-p6-002,,Pipe rack branch off main PR,pipe_rack,Process & Utility,Area_Process & Utility,1174.1,451.05,245594.11,3179581.87,99.93,12.91,112.84,cloud,yes,Plot Plan for Process & Utility,"Three columns at N447.5 (E1166.1/1174.1/1182.1) tied to main rack south row.; Defaults: beam_depth_m, bracing, column_section_m, columns_across, lines, n_tiers, pipe_fill, tier_gap_m.",plan_offset,low
pipe-rack-pu-p6-003,,Small pipe rack E-W east of PR-001,pipe_rack,Process & Utility,Area_Process & Utility,1167.6,391.0,245569.37,3179526.76,100.99,4.93,105.92,cloud,yes,Plot Plan for Process & Utility,"Defaults: beam_depth_m, bracing, column_section_m, columns_across, lines, pipe_fill, tier_gap_m.",plan_offset,medium
pipe-rack-pu-p6-004,,Small pipe rack N-S to impound basin area,pipe_rack,Process & Utility,Area_Process & Utility,1180.85,380.5,245578.73,3179512.68,101.04,4.16,105.2,cloud,yes,Plot Plan for Process & Utility,"Defaults: beam_depth_m, bracing, column_section_m, columns_across, lines, pipe_fill, tier_gap_m.",,medium
pipe-rack-pu-p6-005,,"Small pipe support rack (west, N~291)",pipe_rack,Process & Utility,Area_Process & Utility,1092.9,291.55,245467.59,3179455.26,102.44,3.97,106.41,cloud,yes,Plot Plan for Process & Utility,"Defaults: beam_depth_m, bracing, column_section_m, columns_across, lines, pipe_fill, tier_gap_m.",plan_offset,low
pipe-rack-tank-01,,Central tank pipe rack (north tanks side),pipe_rack,LNG Tank Area,Area_LNG Tank Area,1364.0,459.5,245777.32,3179531.22,100.0,12.61,112.61,cloud,yes,Plot Plan for Tank Area · p1,"Bent cross-beams drawn N454.7-464.2 at ~12 m spacing, foundation row N465.8-469; continues E and W beyond the package. Top ~10-12 m above grade in cloud, indicative.; Defaults: beam_depth_m, bracing, column_section_m, columns_across, lines, pipe_fill, tier_gap_m.",plan_offset,low
pipe_rack-tank-flare-01,,Tank area flare rack,pipe_rack,LNG Tank Area,Area_LNG Tank Area,1680.7,467.0,246080.84,3179440.5,99.15,15.36,114.51,cloud,yes,Plot Plan for Tank Area · p1,"Label 'TANK AREA FLARE RACK'; interpreted as the row of foundation squares at N465-469 north of the sleeper band. Exact rack line uncertain.; Defaults: beam_depth_m, bent_spacing_m, bracing, column_section_m, lines, pipe_fill, tier_gap_m.",plan_offset,low
pipe-rack-lng-tank-area-tank-rack-ew,,Tank pipe rack (E-W run at KO drums),pipe_rack,LNG Tank Area,Area_LNG Tank Area,1895.9,469.1,246286.16,3179376.0,98.68,14.5,113.18,cloud,yes,Plot Plan for Tank Area · p1,"Labelled TANK PIPE RACK; columns at N464.1/474.1, bents ~8 m apart E1884.9-1916.9.; Defaults: beam_depth_m, bracing, column_section_m, columns_across, lines, pipe_fill, tier_gap_m.",,medium
pipe-rack-lng-tank-area-tank-rack-ns,,Tank pipe rack (N-S leg),pipe_rack,LNG Tank Area,Area_LNG Tank Area,1879.9,479.6,246274.19,3179390.93,98.43,12.52,110.95,cloud,yes,Plot Plan for Tank Area · p1,"Columns at E1874.9/1884.9, N474.1/485.1.; Defaults: beam_depth_m, bracing, column_section_m, columns_across, lines, pipe_fill, tier_gap_m.",plan_offset,low
pipe-rack-lng-tank-area-flare-ko-rack,,Flare KO drum pipe rack,pipe_rack,LNG Tank Area,Area_LNG Tank Area,1892.9,452.1,246278.05,3179360.75,98.81,9.23,108.04,cloud,yes,Plot Plan for Tank Area · p1,"Narrow rack between the two KO drums, leader from FLARE KO DRUM PIPE RACK label.; Defaults: beam_depth_m, bracing, column_section_m, columns_across, lines, pipe_fill, tier_gap_m.",,medium
pipe-rack-lng-tank-area-flare-to-jetty,,Flare pipe rack (truss to jetty),pipe_rack,LNG Tank Area,Area_LNG Tank Area,1908.45,420.1,246282.95,3179325.52,90.84,17.85,108.69,cloud,yes,Plot Plan for Tank Area · p1,"Truss pipe bridge over the shore slope heading SE to the jetty (continues on T0005 past BL E1923). Labelled FLARE PIPE RACK.; Defaults: beam_depth_m, bracing, column_section_m, columns_across, lines, pipe_fill, tier_gap_m.",,medium
pipe_rack-jetty-trestle-01,,Trestle pipe rack,pipe_rack,Jetty Area,Area_Jetty Area,2111.5,490.3,246497.76,3179329.54,96.88,19.34,116.22,cloud,yes,Plot Plan for Jetty Area · p1,"TRESTLE PIPE RACK label; south band of trestle deck, bents ~5.9 m. Top approx from cloud (~4 m above deck).; Defaults: beam_depth_m, bracing, column_section_m, columns_across, lines, pipe_fill, tier_gap_m.",plan_offset,medium
pipe_rack-jetty-flare-01,,Flare pipe rack (lattice truss),pipe_rack,Jetty Area,Area_Jetty Area,1943.32,381.96,246304.34,3179278.47,91.13,18.21,109.34,cloud,yes,Plot Plan for Jetty Area · p1,"Lattice truss spans (~20 m) between piled supports, zig-zag expansion loops, from shore support box to flare platform. Truss top approx EL 105, bottom ~99.5 (cloud).; Defaults: beam_depth_m, bracing, column_section_m, columns_across, lines, pipe_fill, tier_gap_m.",,medium
pipe-rack-building-area-north,,Pipe rack along north edge of building area,pipe_rack,Building Area,Area_Building Area,752.11,656.15,245256.14,3179907.33,89.27,13.41,102.68,cloud,yes,Plot Plan for Building Area · p1,"Diagonal rack band crossing the top of the package; belongs to the inter-area rack, likely traced in neighbouring packages too.; Defaults: beam_depth_m, bent_spacing_m, bracing, column_section_m, columns_across, lines, n_tiers, pipe_fill, tier_gap_m.",,low
pipe-rack-ba-corridor,,Corridor pipe rack (SW-NE),pipe_rack,Building Area,Area_Building Area,338.5,445.75,244797.76,3179835.03,93.34,5.23,98.57,cloud,yes,Plot Plan for Building Area · p1,"Rack band drawn with bents along the diagonal corridor, bearing ~62.1 deg, centreline scaled (N284.0 at E32.4, N584 at E600). Continues beyond both package edges.; Defaults: beam_depth_m, bent_spacing_m, bracing, column_section_m, columns_across, lines, n_tiers, pipe_fill, tier_gap_m.",plan_offset,medium
pipe-rack-ba-west-ew,,Pipe rack E-W at west battery limit,pipe_rack,Building Area,Area_Building Area,52.95,256.95,244467.85,3179743.7,97.5,5.0,102.5,indicative,yes,Plot Plan for Building Area · p1,"Braced rack band N255.1-258.8 from BL E27 to E78.9, scaled.; Defaults: beam_depth_m, bent_spacing_m, bracing, column_section_m, columns_across, lines, n_tiers, pipe_fill, tier_gap_m.",,low
pipe-rack-ba-west-ns,,Pipe rack N-S at E77,pipe_rack,Building Area,Area_Building Area,76.95,272.7,244495.54,3179751.27,97.5,5.0,102.5,indicative,yes,Plot Plan for Building Area · p1,"Braced rack E75.1-78.8, N255.1-290.3, scaled.; Defaults: beam_depth_m, bent_spacing_m, bracing, column_section_m, columns_across, lines, n_tiers, pipe_fill, tier_gap_m.",,low
pipe-rack-ba-west-ns2,,Small pipe rack N-S at E46,pipe_rack,Building Area,Area_Building Area,46.1,241.4,244456.53,3179731.03,97.5,4.0,101.5,indicative,yes,Plot Plan for Building Area · p1,"Braced band scaled from plot.; Defaults: beam_depth_m, bent_spacing_m, bracing, column_section_m, columns_across, lines, n_tiers, pipe_fill, tier_gap_m.",,low
pipe-rack-ba-west-ew2,,Small pipe rack E-W at N227,pipe_rack,Building Area,Area_Building Area,37.25,227.0,244443.66,3179720.07,97.5,4.0,101.5,indicative,yes,Plot Plan for Building Area · p1,"Braced band scaled from plot.; Defaults: beam_depth_m, bent_spacing_m, bracing, column_section_m, columns_across, lines, n_tiers, pipe_fill, tier_gap_m.",,low
revetment-pu-north-1,,Shore revetment / slope (north),revetment,Process & Utility,Area_Process & Utility,925.5,680.3,245428.51,3179876.72,99.6,0.4,100.0,indicative,yes,Plot Plan for Process & Utility,Three slope-hatched bands N 669.6-691 (long/short tick slope symbols).,,medium
revetment-pu3-01,,Diagonal slope band NW-SE,revetment,Process & Utility,Area_Process & Utility,814.69,289.28,245202.3,3179539.07,99.6,0.4,100.0,indicative,yes,Plot Plan for Process & Utility,,,medium
revetment-pu3-02,,Slope west of cul-de-sac road,revetment,Process & Utility,Area_Process & Utility,856.0,216.0,245218.94,3179456.61,99.6,0.4,100.0,indicative,yes,Plot Plan for Process & Utility,,,medium
revetment-pu3-03,,Slope east of cul-de-sac road,revetment,Process & Utility,Area_Process & Utility,879.15,215.0,245240.65,3179448.51,99.6,0.4,100.0,indicative,yes,Plot Plan for Process & Utility,,,medium
revetment-pu3-04,,Slope rings around cul-de-sac turning head,revetment,Process & Utility,Area_Process & Utility,864.4,153.64,245207.66,3179394.71,99.6,0.4,100.0,indicative,yes,Plot Plan for Process & Utility,Concentric slope bands r~23-35 m around centre E864.4 N160.,,medium
revetment-pu3-05,,Curved slope band from BL E770 southward,revetment,Process & Utility,Area_Process & Utility,797.54,206.81,245160.51,3179465.94,99.6,0.4,100.0,indicative,yes,Plot Plan for Process & Utility,Hatched slope line on drawing; lies in open water on the ortho (probably an underwater slope/dredge toe).,,low
revetment-pu3-06,,Long E-W slope band along the south,revetment,Process & Utility,Area_Process & Utility,938.0,235.8,245303.05,3179450.11,99.6,0.4,100.0,indicative,yes,Plot Plan for Process & Utility,Two hatched slope bands N~235.6-242 and N~229.5-232.5 merged.,,medium
revetment-pu-north-1-2,,North shore revetment (rock armour),revetment,Process & Utility,Area_Process & Utility,1038.7,679.3,245535.86,3179840.79,95.0,4.5,99.5,indicative,yes,Plot Plan for Process & Utility,Slope-hatched bands between crest line N ~666.5 and toe N ~691; confirmed as rock armour/sea on ortho. Diagonal lines are slope/armour symbols.,,medium
revetment-pu-south-1,,South shore revetment (rock armour),revetment,Process & Utility,Area_Process & Utility,1038.7,240.55,245400.29,3179423.51,95.0,4.5,99.5,indicative,yes,Plot Plan for Process & Utility,"Crest line N ~253, toe N ~228; ortho shows rock armour then sea.",,medium
revetment-pu5-01,,Shore slope / rock revetment north of BL,revetment,Process & Utility,Area_Process & Utility,1141.5,680.9,245634.13,3179810.54,99.0,1.0,100.0,indicative,yes,Plot Plan for Process & Utility,"Three bands of slope hachures (N688.5-691.9, 682.2-685.0, 669.9-678.7) between BL N703 and the boundary line N666.5; ortho shows rock armour and sea here.",,low
revetment-tank-north-01,,North shore revetment,revetment,LNG Tank Area,Area_LNG Tank Area,1364.0,680.0,245845.46,3179740.93,99.0,1.0,100.0,indicative,yes,Plot Plan for Tank Area · p1,"Three bands of cells N666.6-693.2 (shore protection / armour units, per ortho the sea lies north). Interpretation uncertain.",,low
revetment-lng-tank-area-south,,South shore revetment (rock armour slope),revetment,LNG Tank Area,Area_LNG Tank Area,1362.5,246.9,245710.2,3179329.49,93.5,4.5,98.0,indicative,yes,Plot Plan for Tank Area · p1,Slope-hatched band N240.5-253.3; ortho shows rock armour then sea. Further slope bands N234.1-236.9 and N227.2-231.1 (below water) not modelled.,,low
revetment-tank-south-01,,Shore protection / slope band south of tank area,revetment,LNG Tank Area,Area_LNG Tank Area,1686.42,243.0,246017.07,3179225.69,97.6,0.4,98.0,indicative,yes,Plot Plan for Tank Area · p1,Slope-hatched bands N~252 to ~223 curving NE at the east end; nature (revetment vs embankment slope) not labelled.,,low
revetment-lng-tank-area-ne-rock,,NE shore rock revetment,revetment,LNG Tank Area,Area_LNG Tank Area,1883.37,723.44,246352.84,3179621.76,99.0,0.4,99.4,indicative,yes,Plot Plan for Tank Area · p1,"Two short-tick bands (rock armour) outside the slope, curving round the NE corner to BL E1923.",,medium
revetment-lng-tank-area-ne-slope,,NE shore embankment slope,revetment,LNG Tank Area,Area_LNG Tank Area,1882.64,705.49,246346.59,3179604.91,100.5,0.4,100.9,indicative,yes,Plot Plan for Tank Area · p1,Long-hatch slope band between perimeter fence and rock revetment.,,medium
revetment-lng-tank-area-e-slope,,East shore embankment slope (KO drum plateau to T-0008),revetment,LNG Tank Area,Area_LNG Tank Area,1866.93,370.13,246228.02,3179290.82,98.5,0.4,98.9,indicative,yes,Plot Plan for Tank Area · p1,"Long-hatch slope band; arc approx. concentric with tank T-0008 (centre ~E1743.3 N363.9, R 115-129).",,medium
revetment-lng-tank-area-e-rock,,East shore rock revetment,revetment,LNG Tank Area,Area_LNG Tank Area,1880.45,357.69,246237.04,3179274.81,97.0,0.4,97.4,indicative,yes,Plot Plan for Tank Area · p1,"Short-tick bands outside the berm (R ~133-142.5 from T-0008 centre), turning east under the flare rack truss to BL E1923.",,medium
revetment-jetty-shore-01,,Shore slope / revetment,revetment,Jetty Area,Area_Jetty Area,1946.8,489.92,246341.01,3179380.07,99.2,0.4,99.6,indicative,yes,Plot Plan for Jetty Area · p1,Hatched slope band E~1934-1963 rounding the south end at N~409; crest level approx from cloud. Actual slope runs down to seabed.,,medium
revetment-ba-corridor-slope,,North shore rock revetment / embankment along corridor (NW of rack),revetment,Building Area,Area_Building Area,356.78,483.78,244826.9,3179865.55,97.1,0.4,97.5,indicative,yes,Plot Plan for Building Area · p1,Ticked slope bands 15.5-37 m NW of rack CL (long-tick slope plus short-tick crest band); ortho shows rock armour to the sea here. Scaled; west end loops south near E96.,,low
revetment-ba-south-slope,,Embankment slope south of south road,revetment,Building Area,Area_Building Area,527.55,308.8,244935.24,3179646.36,97.1,0.4,97.5,indicative,yes,Plot Plan for Building Area · p1,"Long-tick slope band between south road fence and lower berm, scaled.",,low
revetment-ba-berm-slope,,Lower berm slope bands with outfall bulb,revetment,Building Area,Area_Building Area,517.6,281.48,244917.34,3179623.46,97.1,0.4,97.5,indicative,yes,Plot Plan for Building Area · p1,Double ticked band wrapping a semicircular bulb (ramp/outfall) near E478 N258; scaled approximation.,,low
revetment-ba-shore,,South shore rock revetment,revetment,Building Area,Area_Building Area,523.07,256.52,244914.83,3179598.03,97.1,0.4,97.5,indicative,yes,Plot Plan for Building Area · p1,"S-curved ticked band along the south, scaled; elevation unknown (shown at grade).",,low
wall-pu-north-1,,Sea wall / crest wall,wall,Process & Utility,Area_Process & Utility,934.79,666.18,245432.98,3179860.41,91.79,4.0,95.79,cloud,yes,Plot Plan for Process & Utility,Heavy line N 666.2; nature (wall vs revetment crest) not stated.; Defaults: coping.,plan_offset,low
wall-pu3-01,,Walled yard east of 70-SS-01 (south room),wall,Process & Utility,Area_Process & Utility,956.35,334.69,245351.06,3179538.49,102.14,11.91,114.05,cloud,yes,Plot Plan for Process & Utility,South half of the enclosure E941.7-971.0 N322.9-356.7; ortho suggests an open yard with outdoor electrical units (not drawn on this sheet).; Defaults: coping.,plan_offset,low
wall-pu-protection-1,,Protection wall H 2.5 m,wall,Process & Utility,Area_Process & Utility,1068.75,494.52,245507.34,3179655.77,100.0,2.5,102.5,drawing,yes,Plot Plan for Process & Utility,PROTECTION WALL (H=2.5) between ORVs and process main rack; continues east at N 410.; Defaults: coping.,plan_offset;height_mismatch,medium
wall-pu-protection-2,,Protection wall H 2.5 m (pad J/I),wall,Process & Utility,Area_Process & Utility,1058.79,526.84,245507.86,3179689.58,100.0,2.5,102.5,drawing,yes,Plot Plan for Process & Utility,Defaults: coping.,plan_offset;height_mismatch,low
wall-pu-protection-3,,Protection wall H 2.5 m (pad H/G),wall,Process & Utility,Area_Process & Utility,1059.71,484.21,245495.56,3179648.75,100.0,2.5,102.5,drawing,yes,Plot Plan for Process & Utility,Defaults: coping.,plan_offset;height_mismatch,low
wall-pu-protection-4,,Protection wall H 2.5 m (pad F/E),wall,Process & Utility,Area_Process & Utility,1058.46,424.31,245475.86,3179592.17,100.0,2.5,102.5,drawing,yes,Plot Plan for Process & Utility,Defaults: coping.,plan_offset;height_mismatch,medium
wall-pu-protection-5,,Protection wall H 2.5 m (south),wall,Process & Utility,Area_Process & Utility,1060.17,357.02,245456.7,3179527.64,100.0,2.5,102.5,drawing,yes,Plot Plan for Process & Utility,Continues east across the rack at N 335.2.; Defaults: coping.,plan_offset;height_mismatch,medium
wall-pu5-01,,Boundary wall (north),wall,Process & Utility,Area_Process & Utility,1155.84,670.71,245644.61,3179796.42,87.22,8.9,96.12,cloud,yes,Plot Plan for Process & Utility,Heavy line; could be a kerb or retaining wall.; Defaults: coping.,plan_offset,low
wall-pu-p6-001,,Boundary wall (thick line N~253 / E~1203),wall,Process & Utility,Area_Process & Utility,1159.32,247.87,245517.27,3179393.2,95.24,5.39,100.63,cloud,yes,Plot Plan for Process & Utility,Heavy solid line; may be a boundary wall or only a limit line.; Defaults: coping.,,low
wall-building-area-gis-yard,,GIS substation yard boundary wall,wall,Building Area,Area_Building Area,709.56,431.62,245146.29,3179706.93,98.41,12.21,110.62,cloud,yes,Plot Plan for Building Area · p1,Dims 78300 x 62835; SW corner E 670.410 N 400.200 (partly legible). Gates on south side.; Defaults: coping.,plan_offset,medium
fence-pu-north-1,,"Fence (north, outer)",fence,Process & Utility,Area_Process & Utility,925.5,663.8,245423.41,3179861.02,100.0,2.5,102.5,indicative,yes,Plot Plan for Process & Utility,"Defaults: post, post_spacing.",,high
fence-pu-north-2,,"Fence (north, inner)",fence,Process & Utility,Area_Process & Utility,925.5,657.6,245421.5,3179855.13,100.0,2.5,102.5,indicative,yes,Plot Plan for Process & Utility,"Defaults: post, post_spacing.",,high
fence-pu3-01,,Perimeter fence (diagonal and south E-W),fence,Process & Utility,Area_Process & Utility,875.26,281.95,245257.64,3179513.38,100.0,2.5,102.5,indicative,yes,Plot Plan for Process & Utility,"Defaults: post, post_spacing.",,medium
fence-pu3-02,,Fence south of water treatment / neutralization area,fence,Process & Utility,Area_Process & Utility,940.2,261.3,245313.02,3179473.68,100.0,2.5,102.5,indicative,yes,Plot Plan for Process & Utility,"Defaults: post, post_spacing.",,medium
fence-pu-launcher-1,,Low security fence (pig launchers),fence,Process & Utility,Area_Process & Utility,1023.96,619.61,245503.4,3179788.57,100.0,2.0,102.0,indicative,yes,Plot Plan for Process & Utility,"Defaults: post, post_spacing.",,medium
fence-pu-launcher-2,,"Low security fence (pig launchers, east)",fence,Process & Utility,Area_Process & Utility,1063.38,619.12,245540.74,3179775.93,100.0,2.0,102.0,indicative,yes,Plot Plan for Process & Utility,"East side route not clearly drawn.; Defaults: post, post_spacing.",,low
fence-pu-north-1-2,,North perimeter fence (outer),fence,Process & Utility,Area_Process & Utility,1038.7,663.6,245531.01,3179825.85,100.0,2.5,102.5,indicative,yes,Plot Plan for Process & Utility,"Defaults: post, post_spacing.",,medium
fence-pu-north-2-2,,North perimeter fence (inner),fence,Process & Utility,Area_Process & Utility,1038.7,657.6,245529.16,3179820.15,100.0,2.5,102.5,indicative,yes,Plot Plan for Process & Utility,"Defaults: post, post_spacing.",,medium
fence-pu-south-1,,South perimeter fence (inner),fence,Process & Utility,Area_Process & Utility,1038.7,261.3,245406.7,3179443.24,100.0,2.5,102.5,indicative,yes,Plot Plan for Process & Utility,"Pedestrian gate at E ~1026.7-1030.5.; Defaults: post, post_spacing.",,medium
fence-pu-south-2,,South perimeter fence (outer),fence,Process & Utility,Area_Process & Utility,1038.7,255.3,245404.84,3179437.54,100.0,2.5,102.5,indicative,yes,Plot Plan for Process & Utility,"Defaults: post, post_spacing.",,medium
fence-pu5-01,,Security fence (outer),fence,Process & Utility,Area_Process & Utility,1141.8,663.9,245629.16,3179794.28,100.0,2.5,102.5,indicative,yes,Plot Plan for Process & Utility,"Defaults: post, post_spacing.",,high
fence-pu5-02,,Security fence (inner),fence,Process & Utility,Area_Process & Utility,1141.8,657.9,245627.3,3179788.57,100.0,2.5,102.5,indicative,yes,Plot Plan for Process & Utility,"Gate symbol at E1163.5-1169.3 on the line just south.; Defaults: post, post_spacing.",,high
fence-pu-p6-001,,"Fence (inner, N~261)",fence,Process & Utility,Area_Process & Utility,1144.5,261.4,245507.35,3179410.64,100.0,2.5,102.5,indicative,yes,Plot Plan for Process & Utility,"Defaults: post, post_spacing.",,medium
fence-pu-p6-002,,"Fence (outer, N~255)",fence,Process & Utility,Area_Process & Utility,1143.0,255.2,245504.01,3179405.21,100.0,2.5,102.5,indicative,yes,Plot Plan for Process & Utility,"Defaults: post, post_spacing.",,medium
fence-tank-north-01,,North perimeter fence (outer),fence,LNG Tank Area,Area_LNG Tank Area,1364.0,663.8,245840.45,3179725.53,100.0,2.5,102.5,indicative,yes,Plot Plan for Tank Area · p1,"Fence line symbol (-x-).; Defaults: post, post_spacing.",,medium
fence-tank-north-02,,North perimeter fence (inner),fence,LNG Tank Area,Area_LNG Tank Area,1366.25,657.8,245840.74,3179719.12,100.0,2.5,102.5,indicative,yes,Plot Plan for Tank Area · p1,"Fence line symbol (-x-), gate at its west end.; Defaults: post, post_spacing.",,medium
fence-tank-north-01-2,,Fence north (outer),fence,LNG Tank Area,Area_LNG Tank Area,1675.7,692.29,246145.7,3179656.31,100.0,2.5,102.5,indicative,yes,Plot Plan for Tank Area · p1,"Defaults: post, post_spacing.",,medium
fence-tank-north-02-2,,Fence north (inner),fence,LNG Tank Area,Area_LNG Tank Area,1675.77,686.03,246143.83,3179650.33,100.0,2.5,102.5,indicative,yes,Plot Plan for Tank Area · p1,"Defaults: post, post_spacing.",,medium
fence-lng-tank-area-south-1,,South fence (inner),fence,LNG Tank Area,Area_LNG Tank Area,1362.5,261.3,245714.65,3179343.19,100.0,2.5,102.5,indicative,yes,Plot Plan for Tank Area · p1,"'-x-x- fence line.; Defaults: post, post_spacing.",,medium
fence-lng-tank-area-south-2,,South fence (outer),fence,LNG Tank Area,Area_LNG Tank Area,1362.5,255.3,245712.8,3179337.48,100.0,2.5,102.5,indicative,yes,Plot Plan for Tank Area · p1,"'-x-x- fence line.; Defaults: post, post_spacing.",,medium
fence-tank-south-01,,South fence (inner),fence,LNG Tank Area,Area_LNG Tank Area,1692.3,269.94,246030.98,3179249.49,98.4,2.5,100.9,indicative,yes,Plot Plan for Tank Area · p1,"x-x-x line at N~261.3; curved east part assumed concentric with the road.; Defaults: post, post_spacing.",,low
fence-tank-south-02,,South fence (outer),fence,LNG Tank Area,Area_LNG Tank Area,1689.21,262.34,246025.69,3179243.22,98.4,2.5,100.9,indicative,yes,Plot Plan for Tank Area · p1,"x-x-x line at N~255.3; curved east part assumed concentric with the road.; Defaults: post, post_spacing.",,low
fence-jetty-shore-01,,Shore fence (north of trestle),fence,Jetty Area,Area_Jetty Area,1927.3,525.7,246333.51,3179420.12,99.6,2.5,102.1,indicative,yes,Plot Plan for Jetty Area · p1,"Defaults: post, post_spacing.",,medium
fence-jetty-shore-02,,Shore fence (south of trestle),fence,Jetty Area,Area_Jetty Area,1927.06,453.19,246310.88,3179351.23,99.6,2.5,102.1,indicative,yes,Plot Plan for Jetty Area · p1,"Defaults: post, post_spacing.",,medium
fence-building-area-n01,,Fence (inner) along pipe-rack corridor,fence,Building Area,Area_Building Area,776.27,634.41,245272.4,3179879.18,100.0,2.5,102.5,indicative,yes,Plot Plan for Building Area · p1,"Fence line (x symbols) scaled; west continuation not traced.; Defaults: post, post_spacing.",,low
fence-building-area-n02,,Fence (outer) along pipe-rack corridor,fence,Building Area,Area_Building Area,776.19,640.69,245274.27,3179885.19,100.0,2.5,102.5,indicative,yes,Plot Plan for Building Area · p1,"Second fence ~6 m north of the first; scaled.; Defaults: post, post_spacing.",,low
fence-building-area-s01,,Fence south of road N 389,fence,Building Area,Area_Building Area,709.75,382.7,245131.36,3179660.35,100.0,2.5,102.5,indicative,yes,Plot Plan for Building Area · p1,"Double line with gate boxes; interpreted as fence.; Defaults: post, post_spacing.",,low
fence-ba-corridor-south,,Fence: corridor south side and Unit 98 boundary N254.912,fence,Building Area,Area_Building Area,362.64,362.7,244795.06,3179748.58,97.5,2.5,100.0,indicative,yes,Plot Plan for Building Area · p1,"Fence N254.912 and corner E382.875 N254.912 read; corridor and south-road legs scaled.; Defaults: post, post_spacing.",,medium
fence-ba-west-ns-1,,Fence N-S at west BL (west side of 8 m corridor),fence,Building Area,Area_Building Area,32.4,257.75,244448.55,3179750.81,97.5,2.5,100.0,indicative,yes,Plot Plan for Building Area · p1,"Pair of lines 8000 apart with fence symbols, scaled.; Defaults: post, post_spacing.",,low
fence-ba-west-ns-2,,Fence N-S at west BL (east side of 8 m corridor),fence,Building Area,Area_Building Area,40.4,257.75,244456.16,3179748.34,97.5,2.5,100.0,indicative,yes,Plot Plan for Building Area · p1,"Pair of lines 8000 apart with fence symbols, scaled.; Defaults: post, post_spacing.",,low
road-pu-north-1,,Patrol road between fences,road,Process & Utility,Area_Process & Utility,925.5,660.7,245422.45,3179858.07,100.0,0.2,100.2,indicative,yes,Plot Plan for Process & Utility,"Asphalt between fence lines per ortho; not dimensioned on drawing.; Defaults: dash_m, gap_m, markings.",,low
road-pu-north-2,,North plant road,road,Process & Utility,Area_Process & Utility,925.5,649.1,245418.87,3179847.04,100.0,0.2,100.2,indicative,yes,Plot Plan for Process & Utility,"Dashed centreline N 649; edges kerb N 643 / line N 655.2.; Defaults: dash_m, gap_m, markings.",,medium
road-pu-west-lane,,N-S lane west of screen house,road,Process & Utility,Area_Process & Utility,876.0,617.5,245362.03,3179832.28,100.0,0.2,100.2,indicative,yes,Plot Plan for Process & Utility,"Defaults: dash_m, gap_m, markings.",,medium
road-pu-east-lane,,N-S lane east of screen house,road,Process & Utility,Area_Process & Utility,970.4,618.5,245452.12,3179804.07,100.0,0.2,100.2,indicative,yes,Plot Plan for Process & Utility,"Defaults: dash_m, gap_m, markings.",,medium
road-pu-west-edge,,Perimeter road west (along matchline),road,Process & Utility,Area_Process & Utility,858.3,575.1,245332.09,3179797.43,100.0,0.2,100.2,indicative,yes,Plot Plan for Process & Utility,"Between matchline E 855 and compound kerb E 861.5; continues west on T0008.; Defaults: dash_m, gap_m, markings.",,low
road-pu-south-1,,E-W road south of pump bay,road,Process & Utility,Area_Process & Utility,925.5,536.3,245384.01,3179739.76,100.0,0.2,100.2,indicative,yes,Plot Plan for Process & Utility,"Dashed centreline N 536.1, hatched kerbs N 539.9 / 532.7.; Defaults: dash_m, gap_m, markings.",,medium
road-pu-01,,Road along N 389 (south of utilities),road,Process & Utility,Area_Process & Utility,883.5,389.5,245298.71,3179613.13,100.0,0.2,100.2,indicative,yes,Plot Plan for Process & Utility,"Kerbs at ~N 386 and ~N 393; N 389.000 matchline drawn along it. Western extent approximate.; Defaults: dash_m, gap_m, markings.",,low
road-pu3-02,,East N-S road (E 996),road,Process & Utility,Area_Process & Utility,996.0,341.25,245390.79,3179532.47,99.8,0.2,100.0,indicative,yes,Plot Plan for Process & Utility,"On package east edge; centre dashes read at E~996.; Defaults: dash_m, gap_m, markings.",,medium
road-pu3-03,,South perimeter road to cul-de-sac,road,Process & Utility,Area_Process & Utility,868.04,237.24,245236.95,3179473.09,99.8,0.2,100.0,indicative,yes,Plot Plan for Process & Utility,"Road edges read at E864.2-870.3 south of N266; connection north to E-W road approximate.; Defaults: dash_m, gap_m, markings.",,low
road-pu3-04,,Access loop north of water treatment pad,road,Process & Utility,Area_Process & Utility,903.03,291.04,245286.86,3179513.45,99.8,0.2,100.0,indicative,yes,Plot Plan for Process & Utility,"Defaults: dash_m, gap_m, markings.",,low
road-pu3-01,,"Utility area road (west N-S, diagonal and E-W south of substation)",road,Process & Utility,Area_Process & Utility,881.61,320.49,245275.59,3179548.07,99.8,0.2,100.0,indicative,yes,Plot Plan for Process & Utility,"Defaults: dash_m, gap_m.",,medium
road-pu-north-perimeter,,North perimeter road,road,Process & Utility,Area_Process & Utility,1038.7,649.0,245526.5,3179811.97,99.8,0.2,100.0,indicative,yes,Plot Plan for Process & Utility,"Defaults: dash_m, gap_m.",,medium
road-pu-south-perimeter,,South perimeter road,road,Process & Utility,Area_Process & Utility,1038.7,270.1,245409.42,3179451.61,99.8,0.2,100.0,indicative,yes,Plot Plan for Process & Utility,"Defaults: dash_m, gap_m.",,medium
road-pu-access-1,,Access road (hatched) N of ORV L and E of launchers,road,Process & Utility,Area_Process & Utility,1042.94,606.36,245517.36,3179770.1,99.8,0.2,100.0,indicative,yes,Plot Plan for Process & Utility,"Hatched 4 m band, interpreted as paved access road; passes the launcher fence gates.; Defaults: dash_m, gap_m, markings.",,low
road-pu-access-2,,Access road (hatched) K/J,road,Process & Utility,Area_Process & Utility,1028.0,551.5,245486.19,3179722.55,99.8,0.2,100.0,indicative,yes,Plot Plan for Process & Utility,"Defaults: dash_m, gap_m, markings.",,low
road-pu-access-3,,Access road (hatched) I/H,road,Process & Utility,Area_Process & Utility,1028.0,509.5,245473.22,3179682.6,99.8,0.2,100.0,indicative,yes,Plot Plan for Process & Utility,"Defaults: dash_m, gap_m, markings.",,low
road-pu-access-4,,Access road (hatched) south of G,road,Process & Utility,Area_Process & Utility,1028.0,467.6,245460.27,3179642.75,99.8,0.2,100.0,indicative,yes,Plot Plan for Process & Utility,"Defaults: dash_m, gap_m, markings.",,low
road-pu-access-5,,Access road (hatched) north of F,road,Process & Utility,Area_Process & Utility,1028.0,449.6,245454.71,3179625.63,99.8,0.2,100.0,indicative,yes,Plot Plan for Process & Utility,"Defaults: dash_m, gap_m, markings.",,low
road-pu-access-6,,Access road (hatched) E/D,road,Process & Utility,Area_Process & Utility,1028.0,407.6,245441.73,3179585.69,99.8,0.2,100.0,indicative,yes,Plot Plan for Process & Utility,"Defaults: dash_m, gap_m, markings.",,low
road-pu-access-7,,Access road (hatched) C/B,road,Process & Utility,Area_Process & Utility,1028.0,361.8,245427.58,3179542.13,99.8,0.2,100.0,indicative,yes,Plot Plan for Process & Utility,"Defaults: dash_m, gap_m, markings.",,low
road-pu-access-8,,Access road (hatched) south of A,road,Process & Utility,Area_Process & Utility,1028.0,322.5,245415.43,3179504.75,99.8,0.2,100.0,indicative,yes,Plot Plan for Process & Utility,"Defaults: dash_m, gap_m, markings.",,low
road-pu5-01,,Road south of BOG area,road,Process & Utility,Area_Process & Utility,1138.0,468.0,245565.01,3179609.14,99.8,0.2,100.0,indicative,yes,Plot Plan for Process & Utility,"Defaults: dash_m, gap_m, markings.",,medium
road-pu5-02,,Road between heater block and BOG block,road,Process & Utility,Area_Process & Utility,1140.0,528.3,245585.54,3179665.87,99.8,0.2,100.0,indicative,yes,Plot Plan for Process & Utility,"Defaults: dash_m, gap_m, markings.",,low
road-pu5-03,,Road between metering block and heater block,road,Process & Utility,Area_Process & Utility,1140.0,595.5,245606.31,3179729.78,99.8,0.2,100.0,indicative,yes,Plot Plan for Process & Utility,"Narrow lane with hatched kerbs both sides, N593.6-597.0.; Defaults: dash_m, gap_m, markings.",,low
road-pu5-04,,N-S road east of metering shelter,road,Process & Utility,Area_Process & Utility,1152.0,621.0,245625.6,3179750.33,99.8,0.2,100.0,indicative,yes,Plot Plan for Process & Utility,"Defaults: dash_m, gap_m, markings.",,low
road-pu5-05,,N-S road between trim heaters and basin block,road,Process & Utility,Area_Process & Utility,1153.8,562.5,245609.24,3179694.14,99.8,0.2,100.0,indicative,yes,Plot Plan for Process & Utility,"Defaults: dash_m, gap_m, markings.",,low
road-pu5-06,,Road north of metering block,road,Process & Utility,Area_Process & Utility,1140.5,647.3,245622.79,3179778.9,99.8,0.2,100.0,indicative,yes,Plot Plan for Process & Utility,"Defaults: dash_m, gap_m, markings.",,low
road-pu-p6-001,,Access road between HP pump rows,road,Process & Utility,Area_Process & Utility,1153.5,418.7,245564.52,3179557.47,100.0,0.2,100.2,indicative,yes,Plot Plan for Process & Utility,"Band N413.6-423.8 between the pump-row laydowns, curved into the east road.; Defaults: dash_m, gap_m, markings.",,medium
road-pu-p6-002,,"East perimeter road (N-S, along BL E1203)",road,Process & Utility,Area_Process & Utility,1200.5,363.0,245592.01,3179489.97,100.0,0.2,100.2,indicative,yes,Plot Plan for Process & Utility,"Kerb at E~1197.5; east edge beyond match line E1203 uncertain.; Defaults: dash_m, gap_m, markings.",,low
road-pu-p6-003,,South perimeter road (E-W),road,Process & Utility,Area_Process & Utility,1143.25,273.2,245509.81,3179422.25,100.0,0.2,100.2,indicative,yes,Plot Plan for Process & Utility,"Between kerb N276.2 and line N270.2.; Defaults: dash_m, gap_m, markings.",,low
road-pu-p6-004,,Hatched access strip north of SCV C,road,Process & Utility,Area_Process & Utility,1110.5,380.0,245511.66,3179533.95,100.0,0.2,100.2,indicative,yes,Plot Plan for Process & Utility,"Diagonally hatched 4 m strip; could be paved access or sleeper way.; Defaults: dash_m, gap_m, markings.",,low
road-pu-p6-005,,Hatched access strip between SCV C and B,road,Process & Utility,Area_Process & Utility,1111.0,356.0,245504.72,3179510.97,100.0,0.2,100.2,indicative,yes,Plot Plan for Process & Utility,"Diagonally hatched strip.; Defaults: dash_m, gap_m, markings.",,low
road-pu-p6-006,,Hatched access strip between SCV B and A,road,Process & Utility,Area_Process & Utility,1111.0,332.0,245497.31,3179488.14,100.0,0.2,100.2,indicative,yes,Plot Plan for Process & Utility,"Diagonally hatched strip.; Defaults: dash_m, gap_m, markings.",,low
road-pu-p6-007,,Hatched N-S strip east of SCVs,road,Process & Utility,Area_Process & Utility,1143.2,332.5,245528.09,3179478.67,100.0,0.2,100.2,indicative,yes,Plot Plan for Process & Utility,"Defaults: dash_m, gap_m, markings.",,low
road-tank-north-01,,North perimeter road,road,LNG Tank Area,Area_LNG Tank Area,1364.0,649.1,245835.91,3179711.55,100.0,0.3,100.3,indicative,yes,Plot Plan for Tank Area · p1,"Edges N653.1 / N645.0 with drawn centreline N649.1; continues east.; Defaults: dash_m, gap_m, markings.",,medium
road-tank-south-01,,Road along south edge of tank 1-2 plot,road,LNG Tank Area,Area_LNG Tank Area,1364.0,488.6,245786.32,3179558.9,100.0,0.3,100.3,indicative,yes,Plot Plan for Tank Area · p1,"Between the plot kerb N491.4 and N485.9; passes under Overbridges A and B.; Defaults: dash_m, gap_m, markings.",,medium
road-tank-ring-01,,Ring road around 20-T-0001,road,LNG Tank Area,Area_LNG Tank Area,1300.0,550.8,245744.67,3179637.83,100.0,0.3,100.3,indicative,yes,Plot Plan for Tank Area · p1,"Paved ring between base slab edge (r48.25) and outer circle (r~55).; Defaults: dash_m, gap_m, markings.",,medium
road-tank-ring-02,,Ring road around 20-T-0002,road,LNG Tank Area,Area_LNG Tank Area,1446.2,550.8,245883.71,3179592.66,100.0,0.3,100.3,indicative,yes,Plot Plan for Tank Area · p1,"As tank 1.; Defaults: dash_m, gap_m, markings.",,medium
road-tank-spur-01,,"North access spur, tank 1",road,LNG Tank Area,Area_LNG Tank Area,1300.25,625.25,245767.91,3179708.56,100.0,0.3,100.3,indicative,yes,Plot Plan for Tank Area · p1,"Edges E1298.2/1302.3.; Defaults: dash_m, gap_m, markings.",,medium
road-tank-spur-02,,"North access spur, tank 2",road,LNG Tank Area,Area_LNG Tank Area,1446.45,625.25,245906.96,3179663.39,100.0,0.3,100.3,indicative,yes,Plot Plan for Tank Area · p1,"As tank 1.; Defaults: dash_m, gap_m, markings.",,medium
road-tank-spur-03,,"SW access spur, tank 1",road,LNG Tank Area,Area_LNG Tank Area,1270.1,497.43,245699.73,3179596.32,100.0,0.3,100.3,indicative,yes,Plot Plan for Tank Area · p1,"Curved spur from the ring to the south kerb, approximate.; Defaults: dash_m, gap_m, markings.",,low
road-tank-spur-04,,"SE access spur, tank 1",road,LNG Tank Area,Area_LNG Tank Area,1331.12,497.37,245757.75,3179577.4,100.0,0.3,100.3,indicative,yes,Plot Plan for Tank Area · p1,"Approximate.; Defaults: dash_m, gap_m, markings.",,low
road-tank-spur-05,,"SW access spur, tank 2",road,LNG Tank Area,Area_LNG Tank Area,1416.3,497.43,245838.78,3179551.14,100.0,0.3,100.3,indicative,yes,Plot Plan for Tank Area · p1,"Approximate.; Defaults: dash_m, gap_m, markings.",,low
road-tank-spur-06,,"SE access spur, tank 2",road,LNG Tank Area,Area_LNG Tank Area,1477.32,497.37,245896.8,3179532.22,100.0,0.3,100.3,indicative,yes,Plot Plan for Tank Area · p1,"Approximate.; Defaults: dash_m, gap_m, markings.",,low
road-tank-north-01-2,,Tank area north road,road,LNG Tank Area,Area_LNG Tank Area,1696.76,634.38,246147.83,3179594.72,100.0,0.2,100.2,indicative,yes,Plot Plan for Tank Area · p1,"Edges N645/N653 in the west, curving south round NE of T-0004 (arc radius ~83 m about E1740 N565.7).; Defaults: dash_m, gap_m, markings.",,medium
road-tank-north-02,,Access road to T-0004 east (pump platform side),road,LNG Tank Area,Area_LNG Tank Area,1807.9,551.1,246227.8,3179481.18,100.0,0.2,100.2,indicative,yes,Plot Plan for Tank Area · p1,"Defaults: dash_m, gap_m, markings.",,low
road-tank-north-03,,Branch road to T-0003 north laydown,road,LNG Tank Area,Area_LNG Tank Area,1592.2,626.15,246045.85,3179619.2,100.0,0.2,100.2,indicative,yes,Plot Plan for Tank Area · p1,"Defaults: dash_m, gap_m, markings.",,medium
road-tank-north-04,,Branch road to T-0004 north laydown,road,LNG Tank Area,Area_LNG Tank Area,1738.4,626.05,246184.86,3179573.93,100.0,0.2,100.2,indicative,yes,Plot Plan for Tank Area · p1,"Defaults: dash_m, gap_m, markings.",,medium
road-tank-ring-03,,Ring road around T-0003,road,LNG Tank Area,Area_LNG Tank Area,1592.3,571.68,246029.11,3179567.37,100.0,0.2,100.2,indicative,yes,Plot Plan for Tank Area · p1,"Circular road/hardstand edges at r~54.4-58.5 m around tank; extent of the ring approximate.; Defaults: dash_m, gap_m, markings.",,low
road-tank-ring-04,,Ring road around T-0004,road,LNG Tank Area,Area_LNG Tank Area,1738.1,571.48,246167.72,3179522.12,100.0,0.2,100.2,indicative,yes,Plot Plan for Tank Area · p1,"Defaults: dash_m, gap_m, markings.",,low
road-tank-south-01-2,,Tank area road under overbridges C/D,road,LNG Tank Area,Area_LNG Tank Area,1680.7,489.2,246087.7,3179461.61,100.0,0.2,100.2,indicative,yes,Plot Plan for Tank Area · p1,"E-W band N486.5-491.9 with grating crossings, spanned by overbridges C/D; interpreted as road.; Defaults: dash_m, gap_m, markings.",,low
road-lng-tank-area-ring-t5,,Ring access road around 20-T-0005,road,LNG Tank Area,Area_LNG Tank Area,1300.3,367.7,245688.37,3179463.6,99.6,0.4,100.0,indicative,yes,Plot Plan for Tank Area · p1,"Concrete ring between the base slab edge (r 48.25) and outer line (~r 54.2); clearly visible on the ortho.; Defaults: dash_m, gap_m, markings.",,medium
road-lng-tank-area-ring-t6,,Ring access road around 20-T-0006,road,LNG Tank Area,Area_LNG Tank Area,1446.3,367.7,245827.23,3179418.49,99.6,0.4,100.0,indicative,yes,Plot Plan for Tank Area · p1,"Concrete ring road around the tank.; Defaults: dash_m, gap_m, markings.",,medium
road-lng-tank-area-spur-t5-s,,Spur road S of 20-T-0005 to perimeter road,road,LNG Tank Area,Area_LNG Tank Area,1300.4,295.1,245666.04,3179394.52,99.6,0.4,100.0,indicative,yes,Plot Plan for Tank Area · p1,"Defaults: dash_m, gap_m, markings.",,high
road-lng-tank-area-spur-t6-s,,Spur road S of 20-T-0006 to perimeter road,road,LNG Tank Area,Area_LNG Tank Area,1446.4,295.1,245804.89,3179349.41,99.6,0.4,100.0,indicative,yes,Plot Plan for Tank Area · p1,"Defaults: dash_m, gap_m, markings.",,high
road-lng-tank-area-spur-t5-nw,,Spur road NW of 20-T-0005 to central road,road,LNG Tank Area,Area_LNG Tank Area,1267.6,417.25,245672.59,3179520.83,99.6,0.4,100.0,indicative,yes,Plot Plan for Tank Area · p1,"Defaults: dash_m, gap_m, markings.",,medium
road-lng-tank-area-spur-t5-ne,,Spur road NE of 20-T-0005 to central road,road,LNG Tank Area,Area_LNG Tank Area,1333.0,417.25,245734.78,3179500.62,99.6,0.4,100.0,indicative,yes,Plot Plan for Tank Area · p1,"Position confirmed mainly from the ortho.; Defaults: dash_m, gap_m, markings.",,low
road-lng-tank-area-spur-t6-nw,,Spur road NW of 20-T-0006 to central road,road,LNG Tank Area,Area_LNG Tank Area,1413.6,417.25,245811.44,3179475.72,99.6,0.4,100.0,indicative,yes,Plot Plan for Tank Area · p1,"Defaults: dash_m, gap_m, markings.",,medium
road-lng-tank-area-spur-t6-ne,,Spur road NE of 20-T-0006 to central road,road,LNG Tank Area,Area_LNG Tank Area,1479.0,417.25,245873.64,3179455.51,99.6,0.4,100.0,indicative,yes,Plot Plan for Tank Area · p1,"Position from the ortho/T5 symmetry.; Defaults: dash_m, gap_m, markings.",,low
road-lng-tank-area-basin-access,,Access road to impounding basin 20-TC-07,road,LNG Tank Area,Area_LNG Tank Area,1373.9,423.0,245775.46,3179493.45,99.6,0.4,100.0,indicative,yes,Plot Plan for Tank Area · p1,"Defaults: dash_m, gap_m, markings.",,medium
road-lng-tank-area-central-south-edge,,Central E-W road between tank rows (south part),road,LNG Tank Area,Area_LNG Tank Area,1362.5,429.9,245766.75,3179503.54,99.6,0.4,100.0,indicative,yes,Plot Plan for Tank Area · p1,"On the package's north edge (N 427-433); merge with the rack-band package.; Defaults: dash_m, gap_m, markings.",,medium
road-lng-tank-area-south-perimeter,,South perimeter road,road,LNG Tank Area,Area_LNG Tank Area,1362.5,270.0,245717.34,3179351.46,99.6,0.4,100.0,indicative,yes,Plot Plan for Tank Area · p1,"Between the tank-compound edge N274 and N266, centre line N270; concrete strip on the ortho.; Defaults: dash_m, gap_m.",,medium
road-tank-south-01-3,,Tank area south perimeter road,road,LNG Tank Area,Area_LNG Tank Area,1721.3,300.97,246068.15,3179270.05,98.0,0.4,98.4,indicative,yes,Plot Plan for Tank Area · p1,"Edges N274/N266 with dashed centreline N270; curves north around the east of 20-T-0008.; Defaults: dash_m, gap_m.",,medium
road-lng-tank-area-perimeter-ne,,Perimeter road (NE corner to trestle gate),road,LNG Tank Area,Area_LNG Tank Area,1896.71,634.51,246338.04,3179533.06,102.1,0.4,102.5,indicative,yes,Plot Plan for Tank Area · p1,"Defaults: dash_m, gap_m, markings.",,medium
road-lng-tank-area-trestle-ramp,,Ramp road to trestle,road,LNG Tank Area,Area_LNG Tank Area,1914.05,514.36,246317.4,3179413.43,102.1,0.4,102.5,indicative,yes,Plot Plan for Tank Area · p1,"Embanked ramp with side slopes; turns east to the trestle at BL E1923. FG EL 102.500 label near it.; Defaults: dash_m, gap_m, markings.",,medium
road-lng-tank-area-fire-truck-access,,Access road to fire truck parking,road,LNG Tank Area,Area_LNG Tank Area,1861.9,600.86,246294.54,3179511.81,102.1,0.4,102.5,indicative,yes,Plot Plan for Tank Area · p1,"Defaults: dash_m, gap_m, markings.",,medium
road-lng-tank-area-service-u,,Service road / pipe way to tank pipe rack,road,LNG Tank Area,Area_LNG Tank Area,1876.97,506.39,246279.67,3179417.31,99.6,0.4,100.0,indicative,yes,Plot Plan for Tank Area · p1,"Unlabelled 4 m double-line band with culvert marks at its north end; could be a pipe way rather than a road.; Defaults: dash_m, gap_m, markings.",,low
road-jetty-trestle-01,,Primary road on trestle (W=5400),road,Jetty Area,Area_Jetty Area,2375.05,692.0,246810.74,3179439.93,104.5,0.1,104.6,indicative,yes,Plot Plan for Jetty Area · p1,"Road lane on trestle deck, label PRIMARY ROAD (W=5400).; Defaults: dash_m, gap_m, markings.",,medium
road-jetty-mac-01,,Maintenance access corridor (W=4000),road,Jetty Area,Area_Jetty Area,2395.17,831.55,246872.99,3179566.44,104.5,0.1,104.6,indicative,yes,Plot Plan for Jetty Area · p1,"Corridor looping round the loading arms platform on the jetty deck; centreline approximate.; Defaults: dash_m, gap_m, markings.",,low
road-jetty-trestle-primary,,Primary road on shore trestle (W=5400),road,Jetty Area,Area_Jetty Area,2111.25,497.55,246499.76,3179336.51,104.5,0.4,104.9,drawing,yes,Plot Plan for Jetty Area · p1,"PRIMARY ROAD (W=5400) on north half of trestle deck.; Defaults: dash_m, gap_m, markings.",,high
road-building-area-n389,,Road N 389.000 (W 8 m),road,Building Area,Area_Building Area,710.0,389.0,245133.54,3179666.26,99.6,0.4,100.0,indicative,yes,Plot Plan for Building Area · p1,"Centreline N 389.000 stated; intersections E 660.510 and E 767.210 stated.; Defaults: dash_m, gap_m, markings.",,high
road-building-area-e767,,Road E 767.210 (W 6 m),road,Building Area,Area_Building Area,767.21,499.5,245222.1,3179753.68,99.6,0.4,100.0,indicative,yes,Plot Plan for Building Area · p1,"Centreline E 767.210 stated; north end curves into the diagonal W 8 m road (approx).; Defaults: dash_m, gap_m, markings.",,medium
road-building-area-n471,,Road N 471.350 (W 6 m),road,Building Area,Area_Building Area,713.86,471.35,245162.66,3179743.39,99.6,0.4,100.0,indicative,yes,Plot Plan for Building Area · p1,"Centreline N 471.350 stated; road corner E 750.150 N 471.350 stated.; Defaults: dash_m, gap_m, markings.",,high
road-building-area-e660,,Road E 660.510 (W 6 m),road,Building Area,Area_Building Area,660.51,430.18,245099.2,3179720.71,99.6,0.4,100.0,indicative,yes,Plot Plan for Building Area · p1,"Centreline E 660.510 stated.; Defaults: dash_m, gap_m, markings.",,high
road-building-area-n461,,Road N 461.200 (W 6 m),road,Building Area,Area_Building Area,809.61,461.2,245250.58,3179704.15,99.6,0.4,100.0,indicative,yes,Plot Plan for Building Area · p1,"Centreline N 461.200 stated; east end approx.; Defaults: dash_m, gap_m, markings.",,high
road-building-area-diag,,"Road (W 8 m) diagonal, north of gate house I",road,Building Area,Area_Building Area,708.61,584.25,245192.55,3179852.39,99.6,0.4,100.0,indicative,yes,Plot Plan for Building Area · p1,"Centreline scaled from dashed line (bearing ~63 deg); no coordinates stated.; Defaults: dash_m, gap_m, markings.",,medium
road-ba-corridor-a,,Road (W=8000) along corridor,road,Building Area,Area_Building Area,333.47,395.68,244777.51,3179788.96,97.2,0.4,97.6,indicative,yes,Plot Plan for Building Area · p1,"Centreline points read: E79.998 N240.444, E91.998 N252.444, E91.995 N263.121, E98.392 N273.733, junctions E193.253 N323.827, E361.212 N412.475, E493.919 N482.531. East bend beyond E580 scaled.; Defaults: dash_m, gap_m, markings.",,medium
road-ba-pad-west-leg,,"Road (W=8000) west pad loop, west leg",road,Building Area,Area_Building Area,206.58,298.64,244626.84,3179735.88,97.2,0.4,97.6,indicative,yes,Plot Plan for Building Area · p1,"From junction E193.253 N323.827 perpendicular to corridor road down to road N273.450.; Defaults: dash_m, gap_m, markings.",,medium
road-ba-south-loop,,Road (W=8000) N273.450 and south diagonal road,road,Building Area,Area_Building Area,438.7,315.52,244852.81,3179680.21,97.2,0.4,97.6,indicative,yes,Plot Plan for Building Area · p1,"CL N273.450 read; junctions E424.468 N292.953 and E557.175 N363.009 read; east part to E660 N389 label scaled (FS EL 97.600 near E595).; Defaults: dash_m, gap_m, markings.",,medium
road-ba-interpad-1,,Road (W=8000) between west and middle pads,road,Building Area,Area_Building Area,392.84,352.71,244820.69,3179729.75,97.2,0.4,97.6,indicative,yes,Plot Plan for Building Area · p1,"Ends at junction coordinates written on the drawing.; Defaults: dash_m, gap_m, markings.",,high
road-ba-interpad-2,,Road (W=8000) between middle and east pads,road,Building Area,Area_Building Area,525.55,422.77,244968.55,3179755.38,97.2,0.4,97.6,indicative,yes,Plot Plan for Building Area · p1,"Ends at junction coordinates written on the drawing.; Defaults: dash_m, gap_m, markings.",,high
road-ba-corridor-service,,Corridor service road (south of rack),road,Building Area,Area_Building Area,335.31,432.95,244790.78,3179823.84,97.2,0.4,97.6,indicative,yes,Plot Plan for Building Area · p1,"Branch from W road at E~58.6 curving NE along the rack's south side; band scaled from plot, uncertain whether full road or strip.; Defaults: dash_m, gap_m, markings.",,low
laydown-pu-1,,Laydown pad west,laydown,Process & Utility,Area_Process & Utility,867.25,617.0,245353.55,3179834.51,100.0,0.2,100.2,indicative,yes,Plot Plan for Process & Utility,"Rounded asphalt pad E 861.5-873, N 593-641.",,low
laydown-pu-2,,Laydown pad north of screen house,laydown,Process & Utility,Area_Process & Utility,923.0,636.8,245412.69,3179836.12,100.0,0.2,100.2,indicative,yes,Plot Plan for Process & Utility,,,low
laydown-pu-3,,Laydown pad east,laydown,Process & Utility,Area_Process & Utility,978.75,618.0,245459.9,3179801.01,100.0,0.2,100.2,indicative,yes,Plot Plan for Process & Utility,,,low
laydown-pu-4,,Laydown area (X-hatched pad),laydown,Process & Utility,Area_Process & Utility,885.85,545.75,245349.22,3179761.0,100.0,0.3,100.3,indicative,yes,Plot Plan for Process & Utility,,,medium
laydown-pu-5,,Laydown area south (asphalt pad),laydown,Process & Utility,Area_Process & Utility,942.5,516.0,245393.91,3179715.2,100.0,0.2,100.2,indicative,yes,Plot Plan for Process & Utility,LAYDOWN AREA label at N ~535; pad outline approximate.,,low
laydown-pu5-01,,Laydown area (west of trim heaters),laydown,Process & Utility,Area_Process & Utility,1113.7,564.65,245571.76,3179708.57,100.0,0.2,100.2,indicative,yes,Plot Plan for Process & Utility,Labelled LAYDOWN AREA.,,high
laydown-pu-p6-001,,Laydown area south of 30-PR-002 pumps,laydown,Process & Utility,Area_Process & Utility,1127.6,426.65,245542.34,3179573.03,100.0,0.2,100.2,indicative,yes,Plot Plan for Process & Utility,,,medium
laydown-pu-p6-002,,Laydown area north of 30-PR-001 pumps,laydown,Process & Utility,Area_Process & Utility,1127.6,410.6,245537.38,3179557.77,100.0,0.2,100.2,indicative,yes,Plot Plan for Process & Utility,,,medium
laydown-pu-p6-003,,Laydown area NE of 30-PR-002,laydown,Process & Utility,Area_Process & Utility,1176.5,439.5,245592.82,3179570.14,100.0,0.2,100.2,indicative,yes,Plot Plan for Process & Utility,Extent inferred from label position.,,low
laydown-pu-p6-004,,Laydown area east of 30-PR-001,laydown,Process & Utility,Area_Process & Utility,1164.5,378.5,245562.56,3179515.83,100.0,0.2,100.2,indicative,yes,Plot Plan for Process & Utility,Extent inferred from label leader.,,low
laydown-tank-01,,Laydown area N of tank 1 (crane 20-A-0012),laydown,LNG Tank Area,Area_LNG Tank Area,1312.3,603.0,245772.5,3179683.68,100.0,0.2,100.2,indicative,yes,Plot Plan for Tank Area · p1,Dash-dot rectangle labelled LAYDOWN AREA.,,medium
laydown-tank-02,,Laydown area N of tank 2 (crane 20-A-0022),laydown,LNG Tank Area,Area_LNG Tank Area,1458.5,603.0,245911.54,3179638.5,100.0,0.2,100.2,indicative,yes,Plot Plan for Tank Area · p1,Dash-dot rectangle labelled LAYDOWN AREA.,,medium
laydown-tank-01-2,,Laydown area T-0003 north,laydown,LNG Tank Area,Area_LNG Tank Area,1604.3,603.0,246050.2,3179593.45,100.0,0.2,100.2,indicative,yes,Plot Plan for Tank Area · p1,,,medium
laydown-tank-02-2,,Laydown area T-0003 south-east,laydown,LNG Tank Area,Area_LNG Tank Area,1630.3,512.8,246047.06,3179499.63,100.0,0.2,100.2,indicative,yes,Plot Plan for Tank Area · p1,,,medium
laydown-tank-03,,Laydown area T-0004 north,laydown,LNG Tank Area,Area_LNG Tank Area,1750.4,603.0,246189.16,3179548.3,100.0,0.2,100.2,indicative,yes,Plot Plan for Tank Area · p1,,,medium
laydown-tank-04,,Laydown area T-0004 south-east,laydown,LNG Tank Area,Area_LNG Tank Area,1776.2,513.0,246185.88,3179454.74,100.0,0.2,100.2,indicative,yes,Plot Plan for Tank Area · p1,,,medium
laydown-lng-tank-area-t5-nw,,Laydown area NW of 20-T-0005,laydown,LNG Tank Area,Area_LNG Tank Area,1263.8,406.9,245665.77,3179512.16,100.0,0.2,100.2,indicative,yes,Plot Plan for Tank Area · p1,Dash-dot box labelled LAYDOWN AREA.,,medium
laydown-lng-tank-area-t5-s,,Laydown area S of 20-T-0005,laydown,LNG Tank Area,Area_LNG Tank Area,1287.35,315.5,245659.93,3179417.96,100.0,0.2,100.2,indicative,yes,Plot Plan for Tank Area · p1,Dash-dot box labelled LAYDOWN AREA.,,medium
laydown-lng-tank-area-t6-nw,,Laydown area NW of 20-T-0006,laydown,LNG Tank Area,Area_LNG Tank Area,1409.8,406.9,245804.63,3179467.05,100.0,0.2,100.2,indicative,yes,Plot Plan for Tank Area · p1,"Dash-dot box, same layout as T5.",,medium
laydown-lng-tank-area-t6-s,,Laydown area S of 20-T-0006,laydown,LNG Tank Area,Area_LNG Tank Area,1433.8,315.7,245799.27,3179372.89,100.0,0.2,100.2,indicative,yes,Plot Plan for Tank Area · p1,Dash-dot box labelled LAYDOWN AREA.,,medium
laydown-tank-07n,,Laydown area north of 20-T-0007,laydown,LNG Tank Area,Area_LNG Tank Area,1554.2,405.9,245941.65,3179421.47,98.4,0.2,98.6,indicative,yes,Plot Plan for Tank Area · p1,,,medium
laydown-tank-08n,,Laydown area north of 20-T-0008,laydown,LNG Tank Area,Area_LNG Tank Area,1700.1,405.9,246080.41,3179376.39,98.4,0.2,98.6,indicative,yes,Plot Plan for Tank Area · p1,,,medium
laydown-tank-07s,,Laydown area south of 20-T-0007,laydown,LNG Tank Area,Area_LNG Tank Area,1580.5,315.5,245938.73,3179327.37,98.4,0.2,98.6,indicative,yes,Plot Plan for Tank Area · p1,,,medium
laydown-tank-08s,,Laydown area south of 20-T-0008,laydown,LNG Tank Area,Area_LNG Tank Area,1726.4,315.5,246077.49,3179282.29,98.4,0.2,98.6,indicative,yes,Plot Plan for Tank Area · p1,,,medium
laydown-ba-pad-west,,Graded pad FG EL 97.500 (west),laydown,Building Area,Area_Building Area,315.18,325.35,244738.38,3179727.72,97.1,0.4,97.5,drawing,yes,Plot Plan for Building Area · p1,"FG EL 97.500. Outline = road-loop centrelines (E193.253 N323.827, E361.212 N412.475, E424.468 N292.953, N273.450) inset ~5 m.",,medium
laydown-ba-pad-mid,,Graded pad FG EL 97.500 (middle),laydown,Building Area,Area_Building Area,459.16,387.76,244894.6,3179742.59,97.1,0.4,97.5,drawing,yes,Plot Plan for Building Area · p1,"FG EL 97.500. Bounded by road centrelines E361.212 N412.475, E493.919 N482.531, E557.175 N363.009, E424.468 N292.953, inset ~5 m.",,medium
laydown-ba-pad-east,,"Graded pad FG EL 97.500 (east, parking/building)",laydown,Building Area,Area_Building Area,588.63,451.29,245037.36,3179763.01,97.1,0.4,97.5,drawing,yes,Plot Plan for Building Area · p1,FG EL 97.500 marker near E575 N448. Holds 80-B-19 and NOTE 1 building; east limit clipped at package edge E650.,,low
pipe-sleeper-pu-sw-header,,Sea water discharge header sleepers,pipe_sleeper,Process & Utility,Area_Process & Utility,937.8,552.0,245400.56,3179750.89,100.0,0.6,100.6,indicative,yes,Plot Plan for Process & Utility,"Sleeper rows at N 549.4-551.6 and 556.6; header continues east.; Defaults: lines, pipe_fill, sleeper_spacing_m, sleeper_width_m.",,low
pipe-sleeper-pu-p6-001,,Pipe sleeper band 1 (south corridor),pipe_sleeper,Process & Utility,Area_Process & Utility,1144.5,245.0,245502.28,3179395.05,100.0,0.6,100.6,indicative,yes,Plot Plan for Process & Utility,"Band N240.4-249.6 with cross ticks at ~3 m; interpreted as sleepers.; Defaults: lines, pipe_fill, sleeper_spacing_m, sleeper_width_m.",,low
pipe-sleeper-pu-p6-002,,Pipe sleeper band 2 (south corridor),pipe_sleeper,Process & Utility,Area_Process & Utility,1144.5,235.5,245499.35,3179386.01,100.0,0.6,100.6,indicative,yes,Plot Plan for Process & Utility,"Defaults: lines, pipe_fill, sleeper_spacing_m, sleeper_width_m.",,low
pipe-sleeper-pu-p6-003,,Pipe sleeper band 3 (south corridor),pipe_sleeper,Process & Utility,Area_Process & Utility,1144.5,229.1,245497.37,3179379.93,100.0,0.6,100.6,indicative,yes,Plot Plan for Process & Utility,"Defaults: lines, pipe_fill, sleeper_spacing_m, sleeper_width_m.",,low
pipe_sleeper-tank-01,,Tank area pipe sleeper,pipe_sleeper,LNG Tank Area,Area_LNG Tank Area,1680.7,457.0,246077.75,3179430.99,100.0,0.6,100.6,indicative,yes,Plot Plan for Tank Area · p1,"Label 'TANK AREA PIPE SLEEPER'; band approx N450-464, sleepers drawn as short N-S lines. Continues beyond package edges.; Defaults: lines, pipe_fill, sleeper_spacing_m, sleeper_width_m.",,medium
pipe-sleeper-ba-corridor,,Pipe on sleepers along corridor (south of rack),pipe_sleeper,Building Area,Area_Building Area,353.07,433.85,244807.94,3179819.21,97.5,0.6,98.1,indicative,yes,Plot Plan for Building Area · p1,"Thick line with short cross-bars at ~2.5 m, with local jogs; interpreted as pipe on sleepers (could be a fence). Scaled.; Defaults: lines, pipe_fill, sleeper_spacing_m, sleeper_width_m.",,low
other-pu-box-1,,Rectangular pit/structure on pump-area paving,other,Process & Utility,Area_Process & Utility,899.7,545.75,245362.4,3179756.72,97.67,1.45,99.12,cloud,yes,Plot Plan for Process & Utility,,plan_offset,low
other-pu-laydown-items-1,,Stored items on south laydown (rack-like),other,Process & Utility,Area_Process & Utility,936.9,528.6,245392.48,3179728.92,98.19,5.34,103.53,cloud,yes,Plot Plan for Process & Utility,,plan_offset,low
other-pu-laydown-items-2,,Stored items on south laydown (rack-like),other,Process & Utility,Area_Process & Utility,936.9,522.4,245390.56,3179723.02,98.3,5.34,103.64,cloud,yes,Plot Plan for Process & Utility,,plan_offset,low
other-pu-01,,"Unidentified unit (3 nozzles, ladder at W end) north",other,Process & Utility,Area_Process & Utility,932.0,476.9,245371.84,3179681.26,99.1,5.11,104.21,cloud,yes,Plot Plan for Process & Utility,"Rectangular unit with three circular nozzles on the axis, corner anchors and a ladder/stair at the west end; no legible tag/leader.",plan_offset,low
other-pu-02,,"Unidentified unit (3 nozzles, ladder at W end) south",other,Process & Utility,Area_Process & Utility,932.0,465.7,245368.38,3179670.61,99.32,5.11,104.43,cloud,yes,Plot Plan for Process & Utility,Twin of other-pu-01.,plan_offset,low
other-jetty-lifeboat-01,,Life boat,other,Jetty Area,Area_Jetty Area,2271.9,532.2,246663.26,3179319.82,100.4,7.17,107.57,cloud,yes,Plot Plan for Jetty Area · p1,"LIFE BOAT label (no tag), at NE corner of substation platform.",plan_offset,medium
other-building-area-fs-annex,,Fire station east annex / enclosure (untagged),other,Building Area,Area_Building Area,843.4,623.1,245332.75,3179847.68,96.13,7.93,104.06,cloud,yes,Plot Plan for Building Area · p1,Rectangular walled enclosure with inner rectangle east of 80-B-01; purpose not labelled.,,low
other-building-area-gis-yard-01,,"Equipment in GIS yard (unlabelled, possibly transformer/pit)",other,Building Area,Area_Building Area,682.3,451.3,245126.45,3179734.07,98.68,2.97,101.65,cloud,yes,Plot Plan for Building Area · p1,,,low
sw-intake-pipelines-trunk,,"Sea water intake pipelines (4 lines, subsea trunk)",other,Marine,Area_Marine,1524.5,860.5,246053.88,3179863.0,92.0,1.5,93.5,indicative,yes,Overall Plotplan · p1,Overall plan 'WATER INTAKE' bundle. Plan route re-entered from the earlier trace. It is a subsea line: the cloud heights (87-96) came from water returns and were replaced by an indicative band at about MSL to match the branches. The seabed level is not stated.,,medium
sw-intake-branch-1,,Sea water intake pipeline 1 branch to intake head 1,other,Marine,Area_Marine,2150.94,1098.74,246723.28,3179896.01,92.0,1.5,93.5,indicative,yes,Overall Plotplan · p1,Northernmost branch of the intake fan-out; pipe ~2 m drawn width.,,medium
sw-intake-branch-2,,Sea water intake pipeline 2 branch to intake head 2,other,Marine,Area_Marine,2164.25,1086.42,246732.13,3179880.19,92.0,1.5,93.5,indicative,yes,Overall Plotplan · p1,Second branch of the intake fan-out.,,medium
sw-intake-branch-3,,Sea water intake pipeline 3 branch to intake head 3,other,Marine,Area_Marine,2164.23,1062.15,246724.61,3179857.11,92.0,1.5,93.5,indicative,yes,Overall Plotplan · p1,Third branch of the intake fan-out.,,medium
sw-intake-branch-4,,Sea water intake pipeline 4 branch to intake head 4,other,Marine,Area_Marine,2174.88,1044.92,246729.42,3179837.43,92.0,1.5,93.5,indicative,yes,Overall Plotplan · p1,Southernmost branch of the intake fan-out.,,medium
sw-intake-head-1,,Sea water intake head 1,other,Marine,Area_Marine,2190.0,1124.0,246768.23,3179907.97,88.0,6.5,94.5,indicative,yes,Overall Plotplan · p1,"Square intake head (velocity cap type symbol, ~11.5 m square drawn, aligned to UTM grid). Heights indicative; seabed and crown level not given.",,medium
sw-intake-head-2,,Sea water intake head 2,other,Marine,Area_Marine,2213.0,1104.6,246784.11,3179882.41,88.0,6.5,94.5,indicative,yes,Overall Plotplan · p1,Square intake head symbol; heights indicative.,,medium
sw-intake-head-3,,Sea water intake head 3,other,Marine,Area_Marine,2207.6,1073.3,246769.3,3179854.31,88.0,6.5,94.5,indicative,yes,Overall Plotplan · p1,Square intake head symbol; heights indicative.,,medium
sw-intake-head-4,,Sea water intake head 4,other,Marine,Area_Marine,2227.7,1052.0,246781.84,3179827.84,88.0,6.5,94.5,indicative,yes,Overall Plotplan · p1,Square intake head symbol; heights indicative.,,medium
other-marine-outfall-onshore,,"Sea water outfall pipeline from 50-TC-10, onshore buried section (pit to revetment toe)",other,Marine,Area_Marine,1019.25,264.3,245389.13,3179452.11,94.98,8.2,103.18,cloud,yes,Overall Plotplan · p1,"Bundle of ~8 parallel lines leaving the south side of 50-TC-10 Sea Water Outfall Pit (key 5-11 on the equipment list) and running plant-south under the perimeter road and the revetment. Modelled as one band ~12 m wide. Buried under grade (HPFS EL 100.000), so heights are indicative. Plan position is from the scanned 1:3000 overall plan, accurate to about +/-5 m (the ortho places the pit about 6 m E / 6 m S of this).",plan_offset,medium
other-marine-outfall-subsea,,"Sea water outfall pipeline, subsea section (south then ESE to diffuser)",other,Marine,Area_Marine,1032.67,210.25,245385.19,3179396.55,94.23,0.9,95.13,cloud,yes,Overall Plotplan · p1,"Outfall pipe bundle (~8 lines) running south from the revetment toe, then bending to run ESE (about plant east) on the seabed. There are 4 small circles across the bundle at the second bend (about E1030 N205): purpose unknown, maybe flanges or end markers. No seabed level on the drawing: base at about ACD -3 m (EL 89.5) is assumed. MSL is EL 93.56.",,medium
other-marine-outfall-diffuser,,Sea water outfall diffuser section (12 port risers),other,Marine,Area_Marine,1163.35,202.05,245506.94,3179348.37,89.5,2.0,91.5,indicative,yes,Overall Plotplan · p1,"End of the outfall bundle. Its lines stop one after another, and the drawing marks 12 ports or risers (circles) at about 17 m centres between E1063 and E1264. The longest line ends at about E1264 N206. Two yellow marker buoys on the ortho at about E1007 N186 and E1268 N188 probably mark the outfall's start and end, about 10-15 m south of the drawn line. Heights are indicative (seabed level not given).",,medium
platform-pu-01,,Access platform between 70-T-0001A/B,platform,Process & Utility,Area_Process & Utility,932.05,440.1,245360.52,3179646.25,99.79,6.5,106.29,cloud,yes,Plot Plan for Process & Utility,"Stairs drawn at both N and S ends.; Defaults: beam_depth_m, bracing, column_section_m, column_spacing_m, grating_m, handrail, post_spacing_m, stair, stair_side.",plan_offset,medium
platform-30-v-0001,,Recondenser 30-V-0001 structure,platform,Process & Utility,Area_Process & Utility,1093.0,420.0,245507.38,3179577.4,100.0,22.6,122.6,drawing,yes,Plot Plan for Process & Utility,"Detail plans PF EL 104.0/108.0/113.15/117.05/122.6, small top platform PF EL 124.0; column grid 10 x 13 m (3+5+5), platform ~16 x 13 m.; Defaults: beam_depth_m, bracing, column_section_m, grating_m, handrail, post_spacing_m, stair, stair_side.",height_mismatch,medium
platform-pu-p6-001,,30-PR-002 vent drum deck extension (4 m),platform,Process & Utility,Area_Process & Utility,1123.5,436.6,245541.52,3179583.76,100.0,4.5,104.5,drawing,yes,Plot Plan for Process & Utility,"4 m cantilever/extension carrying vent drums 30-V-0002H~N; PF EL 104.5 per Section B-B.; Defaults: beam_depth_m, bracing, column_section_m, grating_m, handrail, post_spacing_m, stair_side.",plan_offset;height_mismatch,medium
platform-pu-p6-002,,30-PR-001 vent drum deck extension (4 m),platform,Process & Utility,Area_Process & Utility,1123.5,400.5,245530.36,3179549.43,100.0,4.5,104.5,drawing,yes,Plot Plan for Process & Utility,"4 m extension carrying vent drums 30-V-0002A~G at PF EL 104.5 (Section B-B).; Defaults: beam_depth_m, bracing, column_section_m, grating_m, handrail, post_spacing_m, stair_side.",height_mismatch,medium
platform-pu-p6-003,,SCV A inlet platform (west of SCV),platform,Process & Utility,Area_Process & Utility,1089.85,321.75,245474.02,3179484.93,102.17,7.47,109.64,cloud,yes,Plot Plan for Process & Utility,"Columns at E1083.8/1089.9/1095.9, stair on south side; on package west edge.; Defaults: beam_depth_m, bracing, column_section_m, grating_m, handrail, post_spacing_m, stair, stair_side.",plan_offset,low
platform-pu-p6-004,,SCV B inlet platform (west of SCV),platform,Process & Utility,Area_Process & Utility,1089.85,345.65,245481.41,3179507.66,101.82,7.41,109.23,cloud,yes,Plot Plan for Process & Utility,"Columns at E1083.8/1089.9/1095.9, N342.4/348.9; stair on south side.; Defaults: beam_depth_m, bracing, column_section_m, grating_m, handrail, post_spacing_m, stair, stair_side.",plan_offset,low
platform-pu-p6-005,,SCV C inlet platform (west of SCV),platform,Process & Utility,Area_Process & Utility,1089.85,369.55,245488.79,3179530.39,101.44,7.93,109.37,cloud,yes,Plot Plan for Process & Utility,"Defaults: beam_depth_m, bracing, column_section_m, grating_m, handrail, post_spacing_m, stair, stair_side.",plan_offset,low
platform-lng-tank-area-flare-rack-head,,Flare pipe rack head platform,platform,LNG Tank Area,Area_LNG Tank Area,1894.15,436.45,246274.41,3179345.48,94.32,13.81,108.13,cloud,yes,Plot Plan for Tank Area · p1,"Four-column structure with stair at the start of the flare rack truss.; Defaults: beam_depth_m, bracing, column_section_m, column_spacing_m, grating_m, handrail, post_spacing_m, stair, stair_side.",,low
platform-jetty-la-01,,Loading arms platform (manifold platform),platform,Jetty Area,Area_Jetty Area,2395.8,839.28,246875.98,3179573.59,105.67,30.18,135.85,cloud,yes,Plot Plan for Jetty Area · p1,"Labelled LOADING ARMS PLATFORM; column grid drawn; height not given.; Defaults: beam_depth_m, bracing, column_section_m, column_spacing_m, grating_m, handrail, post_spacing_m, stair, stair_side.",plan_offset,low
platform-j2-loading-arm-structure,,Loading arms platform structure (column grid over KO drum),platform,Jetty Area,Area_Jetty Area,2455.4,274.2,246758.05,3179017.75,105.93,34.48,140.41,cloud,yes,Plot Plan for Jetty Area · p1,"Column grid drawn on the head deck labelled JETTY 2 AREA LOADING ARMS PLATFORM; elevation not given.; Defaults: beam_depth_m, bracing, column_section_m, column_spacing_m, grating_m, handrail, post_spacing_m, stair, stair_side.",plan_offset,low
building-pu3-01,,70-SS-01 west annex,building,Process & Utility,Area_Process & Utility,847.6,353.8,245253.53,3179590.27,100.85,9.7,110.55,cloud,yes,Plot Plan for Process & Utility,"Annex attached to west end of substation (battery/office rooms drawn inside).; Defaults: door_h, door_w, doors, hvac, parapet_h, parapet_t, plinth_h, roof_overhang, roof_t, sill_h, storey_h, window_h, windows.",plan_offset,medium
building-pu3-02,,Building east of 70-SS-01 (north room),building,Process & Utility,Area_Process & Utility,956.35,367.25,245361.12,3179569.45,101.19,13.3,114.49,cloud,yes,Plot Plan for Process & Utility,"North room E941.7-971.0 N356.7-377.8 of the double enclosure east of the substation; ortho shows a roofed building here. No tag read.; Defaults: door_h, door_w, doors, hvac, parapet_h, parapet_t, plinth_h, roof_overhang, roof_t, sill_h, storey_h, window_h, windows.",plan_offset,medium
building-pu3-03,,70-SS-01 north block,building,Process & Utility,Area_Process & Utility,898.4,368.05,245306.25,3179588.12,100.92,10.38,111.3,cloud,yes,Plot Plan for Process & Utility,"Block between north transformer bay rows.; Defaults: door_h, door_w, doors, hvac, parapet_h, parapet_t, plinth_h, roof_overhang, roof_t, sill_h, storey_h, window_h, windows.",plan_offset,medium
building-ba-note1,,"Building (NOTE 1), C-shaped",building,Building Area,Area_Building Area,620.53,457.45,245069.6,3179759.01,95.22,10.33,105.55,cloud,yes,Plot Plan for Building Area · p1,"C-shaped outline labelled NOTE 1 (note text not in package), door/stair marks on walls. Outline scaled from plot, no coordinates written.; Defaults: door_h, door_w, doors, hvac, parapet_h, parapet_t, plinth_h, roof_overhang, roof_t, sill_h, storey_h, window_h, windows.",plan_offset,medium
transformer-pu3-01,,70-SS-01 north transformer bays (west),transformer,Process & Utility,Area_Process & Utility,878.1,366.65,245286.51,3179593.06,100.85,10.42,111.27,cloud,yes,Plot Plan for Process & Utility,Defaults: firewalls.,plan_offset,medium
transformer-pu3-02,,70-SS-01 north transformer bays (east),transformer,Process & Utility,Area_Process & Utility,918.65,366.65,245325.08,3179580.53,101.06,10.37,111.43,cloud,yes,Plot Plan for Process & Utility,Defaults: firewalls.,plan_offset,medium
transformer-pu3-03,,70-SS-01 south transformer bays (west),transformer,Process & Utility,Area_Process & Utility,869.8,327.5,245266.52,3179558.39,101.47,9.07,110.54,cloud,yes,Plot Plan for Process & Utility,Defaults: firewalls.,plan_offset,medium
transformer-pu3-04,,70-SS-01 south small transformer bays (east),transformer,Process & Utility,Area_Process & Utility,921.35,329.55,245316.18,3179544.41,101.69,7.89,109.58,cloud,yes,Plot Plan for Process & Utility,8 small units in a walled row on substation south side.; Defaults: firewalls.,plan_offset,medium
transformer-lng-tank-area-ss02,,Substation 20-SS-02 transformer annex (2 units),transformer,LNG Tank Area,Area_LNG Tank Area,1868.85,645.6,246314.97,3179552.22,97.79,22.42,120.21,cloud,yes,Plot Plan for Tank Area · p1,"Walled annex on west side of 20-SS-02 with two units (bushing dots, cable trench); type interpreted as transformers.; Defaults: firewalls.",,low
generator-pu3-01,,Emergency diesel generator (north) - likely 70-A-0012-G-01,generator,Process & Utility,Area_Process & Utility,824.3,364.0,245234.53,3179607.17,100.71,6.43,107.14,cloud,yes,Plot Plan for Process & Utility,Individual G tag not legible; numbering N->S assumed.; Defaults: exhaust.,plan_offset,medium
generator-pu3-02,,Emergency diesel generator (middle) - likely 70-A-0012-G-02,generator,Process & Utility,Area_Process & Utility,824.3,349.9,245230.17,3179593.76,100.96,6.18,107.14,cloud,yes,Plot Plan for Process & Utility,Individual G tag not legible.; Defaults: exhaust.,plan_offset,medium
generator-pu3-03,,Emergency diesel generator (south) - likely 70-A-0012-G-03,generator,Process & Utility,Area_Process & Utility,824.3,335.8,245225.81,3179580.35,101.15,5.92,107.07,cloud,yes,Plot Plan for Process & Utility,Individual G tag not legible.; Defaults: exhaust.,plan_offset,medium
tank-pu3-01,,Generator day tank (north) - likely 70-A-0012-V-01,storage_tank_small,Process & Utility,Area_Process & Utility,828.8,370.35,245240.77,3179611.81,100.57,3.45,104.02,cloud,yes,Plot Plan for Process & Utility,"Horizontal tank in bund with steps; V tag not legible.; Defaults: bund_h_m, handrail, ladder, roof, roof_slope.",plan_offset,medium
tank-pu3-02,,Generator day tank (middle) - likely 70-A-0012-V-02,storage_tank_small,Process & Utility,Area_Process & Utility,828.8,356.5,245236.49,3179598.64,100.83,3.25,104.08,cloud,yes,Plot Plan for Process & Utility,"Defaults: bund_h_m, handrail, ladder, roof, roof_slope.",plan_offset,medium
tank-pu3-03,,Generator day tank (south) - likely 70-A-0012-V-03,storage_tank_small,Process & Utility,Area_Process & Utility,828.8,342.4,245232.13,3179585.23,101.05,3.17,104.22,cloud,yes,Plot Plan for Process & Utility,"Defaults: bund_h_m, handrail, ladder, roof, roof_slope.",plan_offset,medium
tank-pu3-04,,WT vertical tank,storage_tank_small,Process & Utility,Area_Process & Utility,910.9,271.3,245288.24,3179492.24,102.45,4.18,106.63,cloud,yes,Plot Plan for Process & Utility,"Defaults: bund_h_m, form, handrail, ladder, roof, roof_slope.",plan_offset,medium
tank-pu3-05,,Neutralization tank - likely 50-A-0004-V-01,storage_tank_small,Process & Utility,Area_Process & Utility,958.0,274.8,245334.12,3179481.02,102.58,12.51,115.09,cloud,yes,Plot Plan for Process & Utility,"Round tank with top mixer drawn; tag V-01 not legible.; Defaults: bund_h_m, form, handrail, ladder, roof, roof_slope.",,medium
trench-pu3-01,,Cable trench south of substation,trench,Process & Utility,Area_Process & Utility,900.4,325.0,245294.85,3179546.56,99.2,0.8,100.0,indicative,yes,Plot Plan for Process & Utility,"Defaults: covered, floor_t, wall_t.",,low
trench-pu3-02,,Concrete trench east of 50-B-14,trench,Process & Utility,Area_Process & Utility,986.1,337.2,245380.13,3179531.68,99.2,0.8,100.0,indicative,yes,Plot Plan for Process & Utility,"Defaults: covered, floor_t, wall_t.",,low
trench-pu-drain-ns,,Drain trench west of ORV column,trench,Process & Utility,Area_Process & Utility,1002.51,453.41,245431.65,3179637.14,99.0,1.0,100.0,indicative,yes,Plot Plan for Process & Utility,"Defaults: covered, floor_t, wall_t.",,low
trench-pu-drain-south,,Drain trench north of south road,trench,Process & Utility,Area_Process & Utility,1048.2,276.8,245420.52,3179455.05,99.0,1.0,100.0,indicative,yes,Plot Plan for Process & Utility,"Defaults: covered, floor_t, wall_t.",,low
trench-pu-drain-north,,Drain trench south of north road,trench,Process & Utility,Area_Process & Utility,1041.85,642.3,245527.42,3179804.62,99.0,1.0,100.0,indicative,yes,Plot Plan for Process & Utility,"Defaults: covered, floor_t, wall_t.",,low
trench-pu-drain-north-2,,Drain trench north of north road,trench,Process & Utility,Area_Process & Utility,1038.7,655.4,245528.48,3179818.06,99.0,1.0,100.0,indicative,yes,Plot Plan for Process & Utility,"Defaults: floor_t, wall_t.",,low
trench-pu-orv-l,,ORV 50-E-0001L sea water outlet channel,trench,Process & Utility,Area_Process & Utility,1022.84,581.49,245490.55,3179752.66,99.0,1.0,100.0,indicative,yes,Plot Plan for Process & Utility,"Defaults: covered, floor_t, wall_t.",,medium
trench-pu-orv-k,,ORV 50-E-0001K sea water outlet channel,trench,Process & Utility,Area_Process & Utility,1022.95,563.55,245485.12,3179735.56,99.0,1.0,100.0,indicative,yes,Plot Plan for Process & Utility,"Defaults: covered, floor_t, wall_t.",,medium
trench-pu-orv-j,,ORV 50-E-0001J sea water outlet channel,trench,Process & Utility,Area_Process & Utility,1022.99,539.59,245477.75,3179712.77,99.0,1.0,100.0,indicative,yes,Plot Plan for Process & Utility,"Defaults: covered, floor_t, wall_t.",,medium
trench-pu-orv-i,,ORV 50-E-0001I sea water outlet channel,trench,Process & Utility,Area_Process & Utility,1022.97,521.38,245472.1,3179695.45,99.0,1.0,100.0,indicative,yes,Plot Plan for Process & Utility,"Defaults: covered, floor_t, wall_t.",,medium
trench-pu-orv-h,,ORV 50-E-0001H sea water outlet channel,trench,Process & Utility,Area_Process & Utility,1022.76,496.76,245464.29,3179672.1,99.0,1.0,100.0,indicative,yes,Plot Plan for Process & Utility,"Defaults: covered, floor_t, wall_t.",,medium
trench-pu-orv-g,,ORV 50-E-0001G sea water outlet channel,trench,Process & Utility,Area_Process & Utility,1022.9,479.85,245459.21,3179655.98,99.0,1.0,100.0,indicative,yes,Plot Plan for Process & Utility,"Defaults: covered, floor_t, wall_t.",,medium
trench-pu-orv-f,,ORV 50-E-0001F sea water outlet channel,trench,Process & Utility,Area_Process & Utility,1022.92,437.42,245446.11,3179615.62,99.0,1.0,100.0,indicative,yes,Plot Plan for Process & Utility,"Defaults: covered, floor_t, wall_t.",,medium
trench-pu-orv-e,,ORV 50-E-0001E sea water outlet channel,trench,Process & Utility,Area_Process & Utility,1022.89,420.01,245440.7,3179599.08,99.0,1.0,100.0,indicative,yes,Plot Plan for Process & Utility,"Defaults: covered, floor_t, wall_t.",,medium
trench-pu-orv-d,,ORV 50-E-0001D sea water outlet channel,trench,Process & Utility,Area_Process & Utility,1022.97,395.52,245433.21,3179575.75,99.0,1.0,100.0,indicative,yes,Plot Plan for Process & Utility,"Defaults: covered, floor_t, wall_t.",,medium
trench-pu-orv-c,,ORV 50-E-0001C sea water outlet channel,trench,Process & Utility,Area_Process & Utility,1022.19,377.16,245426.8,3179558.54,99.0,1.0,100.0,indicative,yes,Plot Plan for Process & Utility,"Defaults: covered, floor_t, wall_t.",,medium
trench-pu-orv-b,,ORV 50-E-0001B sea water outlet channel,trench,Process & Utility,Area_Process & Utility,1023.54,351.99,245420.3,3179534.18,99.0,1.0,100.0,indicative,yes,Plot Plan for Process & Utility,"Defaults: covered, floor_t, wall_t.",,medium
trench-pu-orv-a,,ORV 50-E-0001A sea water outlet channel,trench,Process & Utility,Area_Process & Utility,1022.7,335.4,245414.38,3179518.67,99.0,1.0,100.0,indicative,yes,Plot Plan for Process & Utility,"Defaults: covered, floor_t, wall_t.",,medium
trench-pu-p6-001,,Spill trench N-S along west of pump rows/SCVs,trench,Process & Utility,Area_Process & Utility,1099.4,377.1,245500.21,3179534.62,99.2,0.8,100.0,indicative,yes,Plot Plan for Process & Utility,"Double line with grated crossings; interpreted as spill/drain trench.; Defaults: covered, floor_t, wall_t.",,low
trench-pu-p6-002,,Spill trench to impound basin 30-TC-03,trench,Process & Utility,Area_Process & Utility,1137.0,384.5,245538.25,3179530.04,99.2,0.8,100.0,indicative,yes,Plot Plan for Process & Utility,"Double line along PR-001 south edge, turning south into the basin.; Defaults: covered, floor_t, wall_t.",,medium
trench-tank-01,,LNG spill collection trench (tanks 1-2),trench,LNG Tank Area,Area_LNG Tank Area,1390.84,506.04,245817.23,3179567.2,99.2,0.8,100.0,indicative,yes,Plot Plan for Tank Area · p1,"Hatched double line from the tank-1 overbridge pad east past basin 20-TC-05 and round the south of tank 2 (r~51 m). Possibly what the 20-TC-05 label refers to.; Defaults: covered, floor_t, wall_t.",,medium
trench-tank-spill-01,,LNG spill trench to impounding basin 20-TC-06,trench,LNG Tank Area,Area_LNG Tank Area,1682.92,506.9,246095.28,3179477.75,98.8,1.2,100.0,indicative,yes,Plot Plan for Tank Area · p1,"Hatched concrete channel along N508 south of the tanks, following T-0004 base slab arc.; Defaults: covered, floor_t, wall_t.",,medium
trench-tank-north-01,,Drain trench loop north of tanks,trench,LNG Tank Area,Area_LNG Tank Area,1734.3,624.28,246180.42,3179573.52,99.0,1.0,100.0,indicative,yes,Plot Plan for Tank Area · p1,"Heavy multi-line band; could be pipe route (labels 20-A-0009-V/G point to it) rather than a trench.; Defaults: covered, floor_t, wall_t.",,low
trench-tank-north-02,,Drain line with grating crossings north,trench,LNG Tank Area,Area_LNG Tank Area,1675.46,679.32,246141.47,3179644.04,99.0,1.0,100.0,indicative,yes,Plot Plan for Tank Area · p1,"Double line with hatched grating boxes; label 20-A-0009-L points at it at the east edge.; Defaults: covered, floor_t, wall_t.",,low
trench-tank-north-03,,Road-side drain south of north road,trench,LNG Tank Area,Area_LNG Tank Area,1691.64,630.18,246141.67,3179592.31,99.2,0.8,100.0,indicative,yes,Plot Plan for Tank Area · p1,"Defaults: covered, floor_t, wall_t.",,low
trench-lng-tank-area-spill-t5,,Spill collection trench 20-T-0005 to basin 20-TC-07,trench,LNG Tank Area,Area_LNG Tank Area,1324.32,413.74,245725.44,3179499.97,99.0,1.0,100.0,indicative,yes,Plot Plan for Tank Area · p1,"Hatched concrete channel along r~51 arc north of the tank then east into the basin.; Defaults: covered, floor_t, wall_t.",,medium
trench-lng-tank-area-spill-t6,,Spill collection trench 20-T-0006 to basin 20-TC-07,trench,LNG Tank Area,Area_LNG Tank Area,1406.09,411.62,245802.55,3179472.68,99.0,1.0,100.0,indicative,yes,Plot Plan for Tank Area · p1,"Hatched concrete channel from the T6 riser pad corner west into the basin.; Defaults: covered, floor_t, wall_t.",,medium
trench-lng-tank-area-compound-kerb,,Tank compound edge drain (west and south),trench,LNG Tank Area,Area_LNG Tank Area,1314.5,301.79,245681.51,3179396.53,99.4,0.6,100.0,indicative,yes,Plot Plan for Tank Area · p1,"Double line with hatched pits along the compound boundary; read as a covered drain.; Defaults: floor_t, wall_t.",,low
trench-tank-spill-08,,Spill collection trench T-0007/T-0008 to 20-TC-08,trench,LNG Tank Area,Area_LNG Tank Area,1644.7,413.31,246030.01,3179400.55,97.4,1.0,98.4,indicative,yes,Plot Plan for Tank Area · p1,"Hatched trench arcing round the north of each tank and running east-west at N~411 into basin 20-TC-08.; Defaults: covered, floor_t, wall_t.",,medium
trench-tank-south-01,,Perimeter drain trench with gratings (south/east of tanks),trench,LNG Tank Area,Area_LNG Tank Area,1716.99,305.61,246065.48,3179275.79,97.6,0.8,98.4,indicative,yes,Plot Plan for Tank Area · p1,"Double line with hatched grating boxes at N~276.5 along the tank-area south edge, curving north around 20-T-0008 (R~87 about 1743.5,363.5) to E~1830.; Defaults: floor_t, wall_t.",,medium
trench-jetty-j2-spill-ditch,,Spill ditch / trough loading platform to impounding basin,trench,Jetty Area,Area_Jetty Area,2447.89,243.79,246741.51,3178991.14,103.5,1.0,104.5,indicative,yes,Plot Plan for Jetty Area · p1,"Double-line trough from loading-arm deck to basin 10-TC-02 (labelled DITCH).; Defaults: covered, floor_t, wall_t.",,low
trench-ba-road-a-north,,Roadside drain north of corridor road,trench,Building Area,Area_Building Area,337.16,407.12,244784.55,3179798.71,96.7,0.8,97.5,indicative,yes,Plot Plan for Building Area · p1,"Double line with crossing marks ~6.5 m off road CL, scaled.; Defaults: covered, floor_t, wall_t.",,low
trench-ba-road-a-south,,Roadside drain south of corridor road,trench,Building Area,Area_Building Area,343.22,395.62,244786.76,3179785.9,96.7,0.8,97.5,indicative,yes,Plot Plan for Building Area · p1,"Double line with crossing marks ~6.5 m off road CL, scaled.; Defaults: covered, floor_t, wall_t.",,low
shelter-pu3-01,,Dashed outline east of water treatment pad,shelter,Process & Utility,Area_Process & Utility,939.3,272.85,245315.73,3179484.94,102.37,2.77,105.14,cloud,yes,Plot Plan for Process & Utility,"Dashed rectangle with corner markers, no equipment drawn; could be a shelter or reserved area.; Defaults: bay, beam_d, column, roof_overhang, roof_t, slab_t.",plan_offset,low
shelter-lng-tank-area-ss02-south,,Substation 20-SS-02 south annex/canopy,shelter,LNG Tank Area,Area_LNG Tank Area,1882.7,625.6,246321.96,3179528.92,98.16,17.13,115.29,cloud,yes,Plot Plan for Tank Area · p1,"Column-framed bay south of 20-SS-02, purpose not labelled.; Defaults: bay, beam_d, column, roof_overhang, roof_t, slab_t.",,low
shelter-building-area-fs-carport,,Fire station carport / shelter (untagged),shelter,Building Area,Area_Building Area,801.8,615.65,245290.89,3179853.45,96.08,3.63,99.71,cloud,yes,Plot Plan for Building Area · p1,"Column-grid structure west of fire station, E 795.7-807.9, N 612.8-618.5.; Defaults: bay, beam_d, column, roof_overhang, roof_t, slab_t.",plan_offset,medium
vessel-pu3-01,,WT horizontal vessel (north),vessel_h,Process & Utility,Area_Process & Utility,892.75,271.7,245271.1,3179498.23,102.42,2.22,104.64,cloud,yes,Plot Plan for Process & Utility,"Pair of horizontal vessels in low bund E886.1-899.4 N265.5-274.1.; Defaults: d_m, head, insulated, nozzles, orient, saddle_h_m.",plan_offset,medium
vessel-pu3-02,,WT horizontal vessel (south),vessel_h,Process & Utility,Area_Process & Utility,892.75,268.05,245269.98,3179494.76,102.48,3.23,105.71,cloud,yes,Plot Plan for Process & Utility,"Defaults: d_m, head, insulated, nozzles, orient, saddle_h_m.",plan_offset,medium
stair_tower-pu-rack-south,,Pipe rack stair tower (south),stair_tower,Process & Utility,Area_Process & Utility,1079.4,299.1,245457.09,3179466.62,100.0,16.2,116.2,drawing,yes,Plot Plan for Process & Utility,"3 m stair bay beside 9 m rack per Section C-C (PF 103.0/106.0/108.5/112.5/116.2); rack continues east of package edge.; Defaults: base_slab, column_section_m, flight_rise_m, landing_m.",plan_offset;height_mismatch,low
stair-tower-pu-p6-001,,Stair at east end of 30-PR-002,stair_tower,Process & Utility,Area_Process & Utility,1149.75,428.7,245564.04,3179568.13,100.36,3.57,103.93,cloud,yes,Plot Plan for Process & Utility,"X-box with hatched edge facing road; interpreted as stair/access to PF 104.5.; Defaults: base_slab, column_section_m, flight_rise_m, landing_m.",plan_offset,low
stair-tower-pu-p6-002,,Stair at east end of 30-PR-001,stair_tower,Process & Utility,Area_Process & Utility,1149.7,408.3,245557.69,3179548.75,100.75,8.74,109.49,cloud,yes,Plot Plan for Process & Utility,"X-box with hatched edge facing road; interpreted as stair/access to PF 104.5.; Defaults: base_slab, column_section_m, flight_rise_m, landing_m.",missing_in_cloud,low
stair_tower-jetty-ss03-exit,,Substation emergency exit stair,stair_tower,Jetty Area,Area_Jetty Area,2266.8,538.9,246660.48,3179327.77,97.72,7.76,105.48,cloud,yes,Plot Plan for Jetty Area · p1,"Hatched element labelled EMERGENCY EXIT at north side of 10-SS-03; read as an external escape stair.; Defaults: base_slab, column_section_m, flight_rise_m, landing_m.",plan_offset,low
gate-pu-launcher-n,,Launcher area gate (north),gate,Process & Utility,Area_Process & Utility,1059.95,640.4,245544.05,3179797.22,100.0,2.0,102.0,indicative,yes,Plot Plan for Process & Utility,"Defaults: leaf_max, picket_spacing, post.",missing_in_cloud,high
gate-pu-launcher-s,,Launcher area gate (south),gate,Process & Utility,Area_Process & Utility,1059.9,599.2,245531.27,3179758.05,100.0,2.0,102.0,indicative,yes,Plot Plan for Process & Utility,"Defaults: leaf_max, picket_spacing, post.",,medium
gate-pu-south-1,,"Pedestrian gate, south fence",gate,Process & Utility,Area_Process & Utility,1028.6,261.3,245397.09,3179446.36,100.0,2.2,102.2,indicative,yes,Plot Plan for Process & Utility,"Defaults: leaf_max, picket_spacing, post.",,medium
gate-pu5-01,,Gate,gate,Process & Utility,Area_Process & Utility,1166.4,656.3,245650.21,3179779.45,100.0,2.5,102.5,indicative,yes,Plot Plan for Process & Utility,"Defaults: leaf_max, picket_spacing, post.",,low
gate-tank-north-01,,Gate in inner north fence,gate,LNG Tank Area,Area_LNG Tank Area,1208.75,657.8,245690.95,3179767.79,100.0,2.5,102.5,indicative,yes,Plot Plan for Tank Area · p1,"Single-leaf swing arc drawn at E1207-1210.5.; Defaults: leaf_max, picket_spacing, post.",,medium
gate-lng-tank-area-trestle,,Trestle road gate,gate,LNG Tank Area,Area_LNG Tank Area,1912.2,555.1,246328.24,3179452.75,102.5,2.5,105.0,indicative,yes,Plot Plan for Tank Area · p1,"Double swing gate across the trestle approach road next to 10-B-15.; Defaults: leaf_max, picket_spacing, post.",missing_in_cloud,medium
gate-trestle-junction-north,,Trestle gate (north),gate,Jetty Area,Area_Jetty Area,2386.25,548.7,246777.11,3179300.18,102.89,9.36,112.25,cloud,yes,Plot Plan for Jetty Area · p1,"Defaults: leaf_max, picket_spacing, post.",,medium
gate-trestle-junction-south,,Trestle gate (south),gate,Jetty Area,Area_Jetty Area,2390.5,507.75,246768.5,3179259.92,100.13,10.02,110.15,cloud,yes,Plot Plan for Jetty Area · p1,"Defaults: leaf_max, picket_spacing, post.",,medium
gate-building-area-01,,Road barrier gate at gate house II,gate,Building Area,Area_Building Area,748.8,388.6,245170.32,3179653.89,100.0,1.5,101.5,indicative,yes,Plot Plan for Building Area · p1,"Boom barrier across road N 389 west of gate house II.; Defaults: leaf_max, picket_spacing, post.",plan_offset,low
vessel-v-pu5-01,,Vertical vessel on octagonal foundation,vessel_v,Process & Utility,Area_Process & Utility,1120.5,481.5,245552.54,3179627.39,99.52,15.68,115.2,cloud,yes,Plot Plan for Process & Utility,"Octagonal foundation 4.5 m. Likely 40-V-0001 (BOG compressor suction drum) via the 40-V-0001/0002 leader, but the leader is not traceable to it.; Defaults: d_m, head, insulated, ladder, nozzles, skirt_h_m, top_platform.",,low
vessel-v-pu5-02,,Small vertical vessel,vessel_v,Process & Utility,Area_Process & Utility,1129.4,481.5,245561.0,3179624.64,99.56,8.71,108.27,cloud,yes,Plot Plan for Process & Utility,"Possibly 40-V-0002 (drain vessel); not confirmed.; Defaults: d_m, head, insulated, ladder, nozzles, skirt_h_m, top_platform.",,low
stack-pu-p6-001,,SCV A exhaust stack,stack,Process & Utility,Area_Process & Utility,1112.2,324.6,245496.16,3179480.73,102.7,9.93,112.63,cloud,yes,Plot Plan for Process & Utility,"Circle ~3.3 m drawn on the SCV bath top; interpreted as exhaust stack, standing on bath roof. Height indicative.; Defaults: bands, ladder, platform, top_d_ratio.",,low
stack-pu-p6-002,,SCV B exhaust stack,stack,Process & Utility,Area_Process & Utility,1113.2,347.7,245504.25,3179502.39,102.41,6.5,108.91,cloud,yes,Plot Plan for Process & Utility,"Circle ~3.3 m on bath top; interpreted as exhaust stack.; Defaults: bands, ladder, platform, top_d_ratio.",,low
stack-pu-p6-003,,SCV C exhaust stack,stack,Process & Utility,Area_Process & Utility,1113.2,371.6,245511.64,3179525.12,102.26,6.26,108.52,cloud,yes,Plot Plan for Process & Utility,"Circle on bath top; interpreted as exhaust stack.; Defaults: bands, ladder, platform, top_d_ratio.",,low
overbridge-tank-a,,Overbridge Structure-A (tank 1 to central rack),overbridge,LNG Tank Area,Area_LNG Tank Area,1304.2,485.7,245728.55,3179574.62,99.59,19.98,119.57,cloud,yes,Plot Plan for Tank Area · p1,"Columns at E1298.2/1310.1, bents at N498.8, 495.6, 482.6, 472.6 on a hatched concrete pad; spans the plot-edge road N-S. Label 'OVERBRIDGE STRUCTURE-A' (no tag). Top ~z-1 in cloud (~18 m above grade), indicative.; Defaults: beam_depth_m, column_section_m, lines, pipe_fill, tier_gap_m.",plan_offset,medium
overbridge-tank-b,,Overbridge Structure-B (tank 2 to central rack),overbridge,LNG Tank Area,Area_LNG Tank Area,1450.4,485.7,245867.59,3179529.44,99.55,19.27,118.82,cloud,yes,Plot Plan for Tank Area · p1,"Same as Structure-A, offset with tank 2.; Defaults: beam_depth_m, column_section_m, lines, pipe_fill, tier_gap_m.",plan_offset,medium
overbridge-c-north,,Overbridge structure C (north half),overbridge,LNG Tank Area,Area_LNG Tank Area,1598.1,485.9,246008.12,3179483.99,99.37,19.22,118.59,cloud,yes,Plot Plan for Tank Area · p1,"Label 'OVERBRIDGE STRUCTURE-C'. Columns at E1592.2/1604.0, N472.7/482.6/495.8 on hatched concrete slab; spans N-S over the E-W band at N486.5-491.9.; Defaults: beam_depth_m, column_section_m, columns_across, lines, n_tiers, pipe_fill, tier_gap_m.",,medium
overbridge-d-north,,Overbridge structure D (north half),overbridge,LNG Tank Area,Area_LNG Tank Area,1744.3,485.9,246147.17,3179438.82,99.0,19.58,118.58,cloud,yes,Plot Plan for Tank Area · p1,"Label 'OVERBRIDGE STRUCTURE-D'. Columns at E1738.3/1750.3, N472.9/482.7/498.9.; Defaults: beam_depth_m, column_section_m, columns_across, lines, n_tiers, pipe_fill, tier_gap_m.",,medium
overbridge-i,,Overbridge structure I,overbridge,LNG Tank Area,Area_LNG Tank Area,1779.8,477.8,246178.43,3179420.15,98.6,23.83,122.43,cloud,yes,Plot Plan for Tank Area · p1,"Label 'OVERBRIDGE STRUCTURE-I'; drawn dashed, 4x2 columns E1764.9-1794.7, N472.9-482.7. Span direction unclear (possibly future).; Defaults: beam_depth_m, column_section_m, columns_across, lines, n_tiers, pipe_fill, tier_gap_m.",,low
overbridge-tank-g,,Overbridge Structure-G (rack to 20-T-0007),overbridge,LNG Tank Area,Area_LNG Tank Area,1584.8,428.5,245977.74,3179433.51,100.8,59.01,159.81,cloud,yes,Plot Plan for Tank Area · p1,"Label 'OVERBRIDGE STRUCTURE-G' with leader to the stippled foundation boxes N~408-449 straddling the perimeter road; north part lies outside this package. Top approx from cloud (z~-5.5).; Defaults: beam_depth_m, column_section_m, columns_across, lines, n_tiers, pipe_fill, tier_gap_m.",plan_offset,low
overbridge-tank-h,,Overbridge Structure-H (rack to 20-T-0008),overbridge,LNG Tank Area,Area_LNG Tank Area,1730.8,428.5,246116.59,3179388.4,100.33,59.13,159.46,cloud,yes,Plot Plan for Tank Area · p1,"Twin of Structure-G, 146 m east.; Defaults: beam_depth_m, column_section_m, columns_across, lines, n_tiers, pipe_fill, tier_gap_m.",plan_offset,low
overbridge-jetty-ss03-01,,Pipe/cable bridge rack-to-substation over trestle road,overbridge,Jetty Area,Area_Jetty Area,2244.6,513.5,246631.51,3179310.47,105.28,21.15,126.43,cloud,yes,Plot Plan for Jetty Area · p1,"X-braced rectangle spanning the road between trestle rack and substation platform; interpreted as an overbridge.; Defaults: beam_depth_m, column_section_m, columns_across, lines, n_tiers, pipe_fill, tier_gap_m.",plan_offset,low
parking-lng-tank-area-fire-truck,,Fire truck parking area,parking,LNG Tank Area,Area_LNG Tank Area,1867.7,564.1,246288.69,3179475.06,102.5,0.2,102.7,indicative,yes,Plot Plan for Tank Area · p1,"Defaults: markings, stall_d, stall_w.",,high
parking-building-area-b15w,,Parking 80-B-15 west stalls,parking,Building Area,Area_Building Area,800.3,470.35,245244.56,3179715.73,99.6,0.4,100.0,indicative,yes,Plot Plan for Building Area · p1,"West group of stalls belonging to 80-B-15.; Defaults: markings, stall_d, stall_w.",,medium
parking-building-area-b02s,,Parking south of administration building,parking,Building Area,Area_Building Area,706.1,479.35,245157.75,3179753.39,99.6,0.4,100.0,indicative,yes,Plot Plan for Building Area · p1,"Untagged stall row; may be part of 80-B-08.; Defaults: markings, stall_d, stall_w.",,medium
parking-building-area-b16sw,,Parking 80-B-16 SW stalls,parking,Building Area,Area_Building Area,801.45,399.7,245223.83,3179648.18,99.6,0.4,100.0,indicative,yes,Plot Plan for Building Area · p1,"Defaults: markings, stall_d, stall_w.",,medium
parking-building-area-b06n,,Parking north of control building,parking,Building Area,Area_Building Area,849.8,447.35,245284.53,3179678.56,99.6,0.4,100.0,indicative,yes,Plot Plan for Building Area · p1,"Defaults: markings, stall_d, stall_w.",,medium
parking-building-area-b06s,,Parking south of control building,parking,Building Area,Area_Building Area,835.3,406.85,245258.23,3179644.52,99.6,0.4,100.0,indicative,yes,Plot Plan for Building Area · p1,"Defaults: markings, stall_d, stall_w.",,medium
trestle-jetty-n-01,,"Approach trestle (north section, trestle junction to Jetty I head)",trestle,Jetty Area,Area_Jetty Area,2371.11,692.0,246806.99,3179441.15,99.53,14.49,114.02,cloud,yes,Plot Plan for Jetty Area · p1,"Deck 13.4 m wide: west pipe-rack band ~6.5 m, primary road W=5400 east. Axis 5.999 deg off plant north (dimension on drawing). Deck EL assumed equal to jetty head +12.00 m CD; base = CD 0 (92.5).; Defaults: bracing, deck_thickness_m, handrail, headstock, pile_d_m, pile_inset_m, pile_spacing_m, post_spacing_m.",plan_offset,medium
trestle-jetty-j2-ns,,Approach trestle (N-S) junction to Jetty II head,trestle,Jetty Area,Area_Jetty Area,2398.35,432.05,246752.57,3179185.5,98.34,14.37,112.71,cloud,yes,Plot Plan for Jetty Area · p1,"Pipe rack band (~6.4 m) on west side, primary road W=5400 on east side; trestle skewed ~6 deg from plant N. Deck EL assumed = Jetty II deck.; Defaults: bay_spacing_m, bracing, deck_thickness_m, handrail, headstock, pile_d_m, pile_inset_m, pile_spacing_m, post_spacing_m, rack_pipes.",plan_offset,medium
trestle-jetty-west-lifeboat,,"Approach trestle (E-W) west of junction, lifeboat stretch",trestle,Jetty Area,Area_Jetty Area,2325.5,516.6,246709.41,3179288.42,103.77,11.05,114.82,cloud,yes,Plot Plan for Jetty Area · p1,"Continues west outside package (trestle pipe rack / primary road). Rack band on south side.; Defaults: bay_spacing_m, bracing, deck_thickness_m, handrail, headstock, pile_d_m, pile_inset_m, pile_spacing_m, post_spacing_m, rack_pipes.",plan_offset,medium
trestle-jetty-j3-shore,,J3 shore approach trestle (road + pipe rack deck),trestle,Jetty Area,Area_Jetty Area,2111.25,493.75,246498.59,3179332.9,89.5,15.0,104.5,drawing,yes,Plot Plan for Jetty Area · p1,"Deck top from HPFS EL 104.500 at shore abutment (N 467.881 E 1925.910 = SW corner of rack band). Bearing ~84 deg. Deck = 5.4 m road (north) + ~6.4 m pipe rack band (south), overall ~13.5 m. Continues east beyond package. base_el = approx seabed from cloud.; Defaults: bay_spacing_m, bracing, handrail, headstock, pile_d_m, pile_inset_m, pile_spacing_m, post_spacing_m, rack_pipes, rack_width_m.",plan_offset;height_mismatch,medium
jetty_platform-jetty-trestle-bay-01,,Trestle widening bay (expansion loop) N~792-818,jetty_platform,Jetty Area,Area_Jetty Area,2346.71,805.21,246818.76,3179556.36,103.24,10.18,113.42,cloud,yes,Plot Plan for Jetty Area · p1,"Deck widening west of trestle with pipe-rack bents (expansion loop bay).; Defaults: bay_spacing_m, bollard_spacing_m, bracing, deck_thickness_m, handrail, headstock, pile_d_m, pile_inset_m, pile_spacing_m, post_spacing_m.",plan_offset,medium
jetty_platform-jetty-trestle-bay-02,,Trestle widening bay (expansion loop) N~701-728,jetty_platform,Jetty Area,Area_Jetty Area,2355.7,714.39,246799.26,3179467.2,103.65,9.83,113.48,cloud,yes,Plot Plan for Jetty Area · p1,"Deck widening west of trestle (expansion loop bay).; Defaults: bay_spacing_m, bollard_spacing_m, bracing, deck_thickness_m, handrail, headstock, pile_d_m, pile_inset_m, pile_spacing_m, post_spacing_m.",plan_offset,medium
jetty_platform-jetty-trestle-bay-03,,Trestle widening bay (expansion loop) N~611-637,jetty_platform,Jetty Area,Area_Jetty Area,2365.32,624.25,246780.55,3179378.5,99.17,14.31,113.48,cloud,yes,Plot Plan for Jetty Area · p1,"Deck widening west of trestle (expansion loop bay).; Defaults: bay_spacing_m, bollard_spacing_m, bracing, deck_thickness_m, handrail, headstock, pile_d_m, pile_inset_m, pile_spacing_m, post_spacing_m.",plan_offset,medium
jetty_platform-jetty-service-01,,Jetty I service deck (operator house deck),jetty_platform,Jetty Area,Area_Jetty Area,2366.41,837.02,246847.33,3179580.52,92.5,12.0,104.5,drawing,yes,Plot Plan for Jetty Area · p1,"Deck west of loading platform carrying 10-B-11, 10-AH-0001, 10-HEF-001, 10-SC-D-01. Top EL taken as jetty head +12.00 m CD.; Defaults: bay_spacing_m, bollard_spacing_m, bracing, deck_thickness_m, handrail, headstock, pile_d_m, pile_inset_m, pile_spacing_m, post_spacing_m.",plan_offset;height_mismatch,medium
jetty_platform-jetty-i-01,,Jetty I loading platform (Berth #47),jetty_platform,Jetty Area,Area_Jetty Area,2397.64,840.71,246878.17,3179574.38,92.5,12.0,104.5,drawing,yes,Plot Plan for Jetty Area · p1,"JETTY I (BERTH #47); TOP EL +12.00 m CD = plant EL 104.5. Base at CD 0 (MSL not given).; Defaults: bay_spacing_m, bollard_spacing_m, bracing, deck_thickness_m, handrail, headstock, pile_d_m, pile_inset_m, pile_spacing_m, post_spacing_m.",plan_offset;height_mismatch,high
jetty_platform-jetty-tc01-deck,,Impounding basin support deck,jetty_platform,Jetty Area,Area_Jetty Area,2368.9,886.9,246865.11,3179627.19,97.48,9.98,107.46,cloud,yes,Plot Plan for Jetty Area · p1,"Piled deck carrying 10-TC-01; R11000 circle drawn round it (hazard radius, not an asset).; Defaults: bay_spacing_m, bollard_spacing_m, bracing, deck_thickness_m, handrail, headstock, pile_d_m, pile_inset_m, pile_spacing_m, post_spacing_m.",plan_offset,medium
jetty-platform-trestle-junction,,Trestle junction platform,jetty_platform,Jetty Area,Area_Jetty Area,2372.35,526.55,246757.04,3179283.41,101.15,13.41,114.56,cloud,yes,Plot Plan for Jetty Area · p1,"Junction deck west of the N-S trestle where the E-W trestle joins; carries fog horn 10-FH-10V01.; Defaults: bay_spacing_m, bollard_spacing_m, bracing, deck_thickness_m, handrail, headstock, pile_d_m, pile_inset_m, pile_spacing_m, post_spacing_m.",plan_offset,medium
jetty-platform-trestle-bay-1,,Trestle lay-by deck (west side),jetty_platform,Jetty Area,Area_Jetty Area,2386.1,423.9,246738.4,3179181.54,99.49,13.41,112.9,cloud,yes,Plot Plan for Jetty Area · p1,"Deck widening on west side of trestle (maintenance access corridor).; Defaults: bay_spacing_m, bollard_spacing_m, bracing, deck_thickness_m, handrail, headstock, pile_d_m, pile_inset_m, pile_spacing_m, post_spacing_m.",plan_offset,medium
jetty-platform-trestle-bay-2,,"Trestle lay-by deck (west side, LOP bay)",jetty_platform,Jetty Area,Area_Jetty Area,2397.2,327.0,246719.02,3179085.95,98.94,12.91,111.85,cloud,yes,Plot Plan for Jetty Area · p1,"Defaults: bay_spacing_m, bollard_spacing_m, bracing, deck_thickness_m, handrail, headstock, pile_d_m, pile_inset_m, pile_spacing_m, post_spacing_m.",plan_offset,medium
jetty-platform-j2-head,,Jetty II loading platform (head),jetty_platform,Jetty Area,Area_Jetty Area,2440.23,273.11,246743.29,3179021.4,93.56,10.94,104.5,drawing,yes,Plot Plan for Jetty Area · p1,"TOP EL +12.00 m CD = plant EL 104.5 (brief). Includes west service area (operator house, foam, sampling) and loading-arm deck with curb and drain ditch.; Defaults: bay_spacing_m, bollard_spacing_m, bracing, deck_thickness_m, handrail, headstock, pile_d_m, pile_inset_m, pile_spacing_m, post_spacing_m.",plan_offset;height_mismatch,medium
jetty-platform-j2-basin-deck,,Piled deck under impounding basin 10-TC-02,jetty_platform,Jetty Area,Area_Jetty Area,2438.7,222.3,246726.13,3178973.55,97.42,11.15,108.57,cloud,yes,Plot Plan for Jetty Area · p1,"Defaults: bay_spacing_m, bollard_spacing_m, bracing, deck_thickness_m, handrail, headstock, pile_d_m, pile_inset_m, pile_spacing_m, post_spacing_m.",plan_offset,low
jetty_platform-jetty-trestle-loop-01,,Trestle widening (pipe expansion loop bay) 1,jetty_platform,Jetty Area,Area_Jetty Area,1971.58,465.93,246357.16,3179349.6,89.5,15.0,104.5,drawing,yes,Plot Plan for Jetty Area · p1,"Southward deck extension of trestle rack band (expansion loop).; Defaults: bay_spacing_m, bollard_spacing_m, bracing, deck_thickness_m, handrail, headstock, pile_d_m, pile_inset_m, pile_spacing_m, post_spacing_m.",plan_offset;height_mismatch,medium
jetty_platform-jetty-trestle-loop-02,,Trestle widening (pipe expansion loop bay) 2,jetty_platform,Jetty Area,Area_Jetty Area,2115.53,480.98,246498.71,3179319.43,89.5,15.0,104.5,drawing,yes,Plot Plan for Jetty Area · p1,"Southward deck extension of trestle rack band (expansion loop).; Defaults: bay_spacing_m, bollard_spacing_m, bracing, deck_thickness_m, handrail, headstock, pile_d_m, pile_inset_m, pile_spacing_m, post_spacing_m.",plan_offset;height_mismatch,medium
jetty_platform-jetty-trestle-loop-03,,Trestle widening (pipe expansion loop bay) 3,jetty_platform,Jetty Area,Area_Jetty Area,2255.16,495.89,246636.11,3179290.47,89.5,15.0,104.5,drawing,yes,Plot Plan for Jetty Area · p1,"Southward deck extension below substation platform; carries load bank 10-A-0003-L-01.; Defaults: bay_spacing_m, bollard_spacing_m, bracing, deck_thickness_m, handrail, headstock, pile_d_m, pile_inset_m, pile_spacing_m, post_spacing_m.",plan_offset;height_mismatch,medium
jetty_platform-jetty-ss03-platform,,Trestle platform for jetty control & electrical building,jetty_platform,Jetty Area,Area_Jetty Area,2251.5,525.26,246641.71,3179319.53,97.81,37.34,135.15,cloud,yes,Plot Plan for Jetty Area · p1,"Northward deck extension of trestle; deck level from cloud (~0.5 m below trestle HPFS).; Defaults: bay_spacing_m, bollard_spacing_m, bracing, deck_thickness_m, handrail, headstock, pile_d_m, pile_inset_m, pile_spacing_m, post_spacing_m.",plan_offset,medium
jetty_platform-jetty-flare-01,,Flare piled platform,jetty_platform,Jetty Area,Area_Jetty Area,1989.67,343.03,246336.38,3179227.12,92.33,59.62,151.95,cloud,yes,Plot Plan for Jetty Area · p1,"Diamond (45 deg) base ~22.8 m square under flare derrick; deck level from cloud.; Defaults: bay_spacing_m, bollard_spacing_m, bracing, deck_thickness_m, handrail, headstock, pile_d_m, pile_inset_m, pile_spacing_m, post_spacing_m.",plan_offset,medium
dolphin-jetty-cws-01,,Catwalk support pier MD8-MD7,dolphin,Jetty Area,Area_Jetty Area,2354.4,1028.0,246894.92,3179765.87,94.62,9.23,103.85,cloud,yes,Plot Plan for Jetty Area · p1,"Defaults: cap_thickness_m, fender_side, pile_d_m, pile_inset_m.",plan_offset,medium
dolphin-jetty-cws-02,,Catwalk support pier MD5-BD4,dolphin,Jetty Area,Area_Jetty Area,2384.2,911.8,246887.36,3179646.15,98.96,6.53,105.49,cloud,yes,Plot Plan for Jetty Area · p1,"Defaults: cap_thickness_m, fender_side, pile_d_m, pile_inset_m.",plan_offset,medium
dolphin-jetty-cws-03,,Catwalk support pier BD1-MD4,dolphin,Jetty Area,Area_Jetty Area,2399.6,760.9,246855.38,3179497.87,99.45,5.99,105.44,cloud,yes,Plot Plan for Jetty Area · p1,"Defaults: cap_thickness_m, fender_side, pile_d_m, pile_inset_m.",plan_offset,medium
dolphin-jetty-cws-04,,Catwalk support pier MD2-MD1,dolphin,Jetty Area,Area_Jetty Area,2395.5,637.5,246813.35,3179381.78,96.94,8.91,105.85,cloud,yes,Plot Plan for Jetty Area · p1,"Defaults: cap_thickness_m, fender_side, pile_d_m, pile_inset_m.",plan_offset,medium
catwalk-jetty-01,,Catwalk MD8-MD7,catwalk,Jetty Area,Area_Jetty Area,2354.36,1028.2,246894.95,3179766.07,95.44,8.1,103.54,cloud,yes,Plot Plan for Jetty Area · p1,"Defaults: chord_m, grating_m, handrail, panel_m, post_spacing_m.",plan_offset,high
catwalk-jetty-02,,Catwalk MD7-MD6,catwalk,Jetty Area,Area_Jetty Area,2359.3,979.6,246884.63,3179718.32,95.57,8.56,104.13,cloud,yes,Plot Plan for Jetty Area · p1,"Labelled CATWALK.; Defaults: chord_m, grating_m, handrail, panel_m, post_spacing_m.",plan_offset,high
catwalk-jetty-03,,Catwalk MD6-MD5,catwalk,Jetty Area,Area_Jetty Area,2363.15,944.5,246877.44,3179683.75,95.66,8.48,104.14,cloud,yes,Plot Plan for Jetty Area · p1,"Defaults: chord_m, grating_m, handrail, panel_m, post_spacing_m.",plan_offset,high
catwalk-jetty-04,,Catwalk MD5-BD4,catwalk,Jetty Area,Area_Jetty Area,2383.21,912.26,246886.56,3179646.89,97.16,8.09,105.25,cloud,yes,Plot Plan for Jetty Area · p1,"Defaults: chord_m, grating_m, handrail, panel_m, post_spacing_m.",,high
catwalk-jetty-05,,Catwalk BD4-BD3,catwalk,Jetty Area,Area_Jetty Area,2404.65,878.55,246896.53,3179608.2,98.22,7.31,105.53,cloud,yes,Plot Plan for Jetty Area · p1,"Defaults: chord_m, grating_m, handrail, panel_m, post_spacing_m.",plan_offset,high
catwalk-jetty-06,,Catwalk BD2-BD1,catwalk,Jetty Area,Area_Jetty Area,2412.9,800.0,246880.11,3179530.95,99.3,21.93,121.23,cloud,yes,Plot Plan for Jetty Area · p1,"Defaults: chord_m, grating_m, handrail, panel_m, post_spacing_m.",plan_offset,high
catwalk-jetty-07,,Catwalk BD1-MD4,catwalk,Jetty Area,Area_Jetty Area,2399.73,761.13,246855.57,3179498.05,98.05,8.95,107.0,cloud,yes,Plot Plan for Jetty Area · p1,"Defaults: chord_m, grating_m, handrail, panel_m, post_spacing_m.",plan_offset,high
catwalk-jetty-08,,Catwalk MD4-MD3,catwalk,Jetty Area,Area_Jetty Area,2386.4,719.65,246830.08,3179462.72,97.24,8.2,105.44,cloud,yes,Plot Plan for Jetty Area · p1,"Defaults: chord_m, grating_m, handrail, panel_m, post_spacing_m.",plan_offset,high
catwalk-jetty-09,,Catwalk MD3-MD2,catwalk,Jetty Area,Area_Jetty Area,2390.9,682.65,246822.92,3179426.14,96.51,9.5,106.01,cloud,yes,Plot Plan for Jetty Area · p1,"Defaults: chord_m, grating_m, handrail, panel_m, post_spacing_m.",plan_offset,high
catwalk-jetty-10,,Catwalk MD2-MD1,catwalk,Jetty Area,Area_Jetty Area,2395.26,638.81,246813.53,3179383.1,96.7,9.33,106.03,cloud,yes,Plot Plan for Jetty Area · p1,"Defaults: chord_m, grating_m, handrail, panel_m, post_spacing_m.",plan_offset,high
catwalk-jetty-11,,Catwalk MD1-trestle,catwalk,Jetty Area,Area_Jetty Area,2392.15,608.4,246801.17,3179355.14,97.65,9.19,106.84,cloud,yes,Plot Plan for Jetty Area · p1,"Defaults: chord_m, grating_m, handrail, panel_m, post_spacing_m.",missing_in_cloud,high
catwalk-jetty-12,,Catwalk loading platform - impounding basin 10-TC-01,catwalk,Jetty Area,Area_Jetty Area,2378.0,870.19,246868.6,3179608.48,98.74,8.16,106.9,cloud,yes,Plot Plan for Jetty Area · p1,"Defaults: chord_m, grating_m, handrail, panel_m, post_spacing_m.",plan_offset,high
catwalk-jetty-j2-01,,Catwalk trestle to MD8,catwalk,Jetty Area,Area_Jetty Area,2404.3,491.3,246776.54,3179240.01,97.07,9.95,107.02,cloud,yes,Plot Plan for Jetty Area · p1,"Defaults: chord_m, grating_m, handrail, panel_m, post_spacing_m.",plan_offset,medium
catwalk-jetty-j2-02,,Catwalk MD8-MD7,catwalk,Jetty Area,Area_Jetty Area,2415.35,463.25,246778.38,3179209.92,95.87,13.65,109.52,cloud,yes,Plot Plan for Jetty Area · p1,"Intermediate support at ~E2413.9 N461.9.; Defaults: chord_m, grating_m, handrail, panel_m, post_spacing_m.",,medium
catwalk-jetty-j2-03,,Catwalk MD7-MD6,catwalk,Jetty Area,Area_Jetty Area,2420.5,414.7,246768.28,3179162.16,95.62,13.34,108.96,cloud,yes,Plot Plan for Jetty Area · p1,"Defaults: chord_m, grating_m, handrail, panel_m, post_spacing_m.",,medium
catwalk-jetty-j2-04,,Catwalk MD6-MD5,catwalk,Jetty Area,Area_Jetty Area,2424.05,379.7,246760.84,3179127.77,95.38,12.88,108.26,cloud,yes,Plot Plan for Jetty Area · p1,"Defaults: chord_m, grating_m, handrail, panel_m, post_spacing_m.",,medium
catwalk-jetty-j2-05,,Catwalk MD5-BD4,catwalk,Jetty Area,Area_Jetty Area,2444.14,346.35,246769.64,3179089.84,95.75,12.6,108.35,cloud,yes,Plot Plan for Jetty Area · p1,"Intermediate support at ~E2443.3 N346.6.; Defaults: chord_m, grating_m, handrail, panel_m, post_spacing_m.",plan_offset,medium
catwalk-jetty-j2-06,,Catwalk BD4-BD3,catwalk,Jetty Area,Area_Jetty Area,2464.4,313.25,246778.68,3179052.11,95.62,11.23,106.85,cloud,yes,Plot Plan for Jetty Area · p1,"Defaults: chord_m, grating_m, handrail, panel_m, post_spacing_m.",plan_offset,medium
catwalk-jetty-j2-07,,Catwalk BD2-BD1,catwalk,Jetty Area,Area_Jetty Area,2472.3,235.2,246762.08,3178975.43,98.9,23.67,122.57,cloud,yes,Plot Plan for Jetty Area · p1,"Defaults: chord_m, grating_m, handrail, panel_m, post_spacing_m.",plan_offset,medium
catwalk-jetty-j2-08,,Catwalk BD1-MD4,catwalk,Jetty Area,Area_Jetty Area,2459.86,196.46,246738.27,3178942.43,97.49,9.28,106.77,cloud,yes,Plot Plan for Jetty Area · p1,"Intermediate support at ~E2458.7 N195.7.; Defaults: chord_m, grating_m, handrail, panel_m, post_spacing_m.",plan_offset,medium
catwalk-jetty-j2-09,,Catwalk MD4-MD3,catwalk,Jetty Area,Area_Jetty Area,2448.25,154.35,246714.22,3178905.97,96.11,10.74,106.85,cloud,yes,Plot Plan for Jetty Area · p1,"Defaults: chord_m, grating_m, handrail, panel_m, post_spacing_m.",plan_offset,medium
catwalk-jetty-j2-10,,Catwalk MD3-MD2,catwalk,Jetty Area,Area_Jetty Area,2451.9,117.7,246706.37,3178869.99,96.0,10.96,106.96,cloud,yes,Plot Plan for Jetty Area · p1,"Defaults: chord_m, grating_m, handrail, panel_m, post_spacing_m.",,medium
catwalk-jetty-j2-11,,Catwalk MD2-MD1,catwalk,Jetty Area,Area_Jetty Area,2455.57,73.35,246696.15,3178826.68,96.16,9.6,105.76,cloud,yes,Plot Plan for Jetty Area · p1,"Intermediate support at ~E2454.6 N73.6.; Defaults: chord_m, grating_m, handrail, panel_m, post_spacing_m.",plan_offset,medium
catwalk-jetty-j2-12,,Catwalk loading platform to impounding basin,catwalk,Jetty Area,Area_Jetty Area,2443.91,240.94,246736.85,3178989.66,100.03,14.6,114.63,cloud,yes,Plot Plan for Jetty Area · p1,"Defaults: chord_m, grating_m, handrail, panel_m, post_spacing_m.",plan_offset,medium
channel-jetty-spill-01,,LNG spill trough / ditch to impounding basin,channel,Jetty Area,Area_Jetty Area,2384.0,867.19,246873.38,3179603.78,103.5,1.2,104.7,indicative,yes,Plot Plan for Jetty Area · p1,"Double-line trough from loading arms platform to 10-TC-01 (DITCH label leader); elevated over water, depth assumed.; Defaults: floor_t, wall_t, water.",,low
cand-020-carport,,Carport shelter (west row) in building yard,shelter,Building Area,Area_Building Area,589.3,458.8,245040.32,3179769.94,97.5,1.6,99.1,cloud,yes,,"Unregistered cloud cluster cand-020; ortho shows a white carport/tent row inside the U-shaped blue-roof building near 80-B-19 (NOTE 1 construction office). Not tagged on the drawing.; Defaults: bay, beam_d, column, roof_overhang, roof_t, slab_t.",unregistered,medium
cand-022-carport,,Carport shelter (middle row) in building yard,shelter,Building Area,Area_Building Area,602.8,458.8,245053.16,3179765.77,97.5,1.7,99.2,cloud,yes,,"Unregistered cloud cluster cand-022; white carport/tent row seen on ortho. Not on the drawing.; Defaults: bay, beam_d, column, roof_overhang, roof_t, slab_t.",unregistered,medium
cand-019-carport,,Carport shelter (east row) in building yard,shelter,Building Area,Area_Building Area,616.3,458.8,245066.0,3179761.6,97.5,1.8,99.3,cloud,yes,,"Unregistered cloud cluster cand-019; white carport/tent row seen on ortho. Not on the drawing.; Defaults: bay, beam_d, column, roof_overhang, roof_t, slab_t.",unregistered,medium
cand-041-carport,,Angled carport shelter 1 (staff parking),shelter,Building Area,Area_Building Area,536.6,464.0,244991.81,3179791.17,97.5,2.4,99.9,cloud,yes,,"Unregistered cloud cluster cand-041; angled white carport in parking west of the U building (ortho). Orientation read from ortho.; Defaults: bay, beam_d, column, roof_overhang, roof_t, slab_t.",unregistered,medium
cand-024-carport,,Angled carport shelter 2 (staff parking),shelter,Building Area,Area_Building Area,550.2,470.3,245006.69,3179792.96,97.5,2.3,99.8,cloud,yes,,"Unregistered cloud cluster cand-024; angled white carport (ortho).; Defaults: bay, beam_d, column, roof_overhang, roof_t, slab_t.",unregistered,medium
cand-040-carport,,Angled carport shelter 3 (staff parking),shelter,Building Area,Area_Building Area,562.8,477.4,245020.86,3179795.82,97.5,2.3,99.8,cloud,yes,,"Unregistered cloud cluster cand-040; angled white carport (ortho).; Defaults: bay, beam_d, column, roof_overhang, roof_t, slab_t.",unregistered,medium
cand-028-tent,,Long white tent / temporary shelter,shelter,Building Area,Area_Building Area,657.3,517.8,245123.22,3179805.04,97.5,2.4,99.9,cloud,yes,,"Unregistered cloud cluster cand-028; long white tent north-east of the U building on the ortho. Likely temporary (construction phase).; Defaults: bay, beam_d, column, roof_overhang, roof_t, slab_t.",unregistered,low
