node,tag,name,type,area,group,plant_E,plant_N,utm39_E,utm39_N,base_EL,height_m,top_EL,height_source,has_geometry,source_sheet,notes,flags,confidence
50-tc-09,50-TC-09,Sea water intake pit,basin,Process & Utility,Area_Process & Utility,925.0,595.0,245401.68,3179795.74,92.0,8.3,100.3,indicative,yes,Plot Plan for Process & Utility,"Pit outline approximate (E wall slightly skewed). Floor EL indicative.; Defaults: floor_t, freeboard, kerb_h, wall_t.",,medium
50-a-0002,50-A-0002,Sea water filtration package (chamber/house block),package,Process & Utility,Area_Process & Utility,925.55,621.3,245410.33,3179820.59,89.35,8.8,98.15,cloud,yes,Plot Plan for Process & Utility,"Label legible. Footprint = northern chamber block of package; bar screens, drum screens and spray pumps traced separately.; Defaults: colour.",plan_offset,medium
70-ub-03,70-UB-03,Sea water pump shelter,shelter,Process & Utility,Area_Process & Utility,925.35,566.25,245393.13,3179768.29,96.31,9.18,105.49,cloud,yes,Plot Plan for Process & Utility,"Label under west end; extent along pump row assumed to cover 50-P-0001A~N row too.; Defaults: bay, beam_d, column, roof_overhang, roof_t, slab_t.",plan_offset,medium
50-p-0001a,50-P-0001A,ORV sea water supply pump A,pump,Process & Utility,Area_Process & Utility,909.4,562.3,245376.74,3179769.47,96.6,7.87,104.47,cloud,yes,Plot Plan for Process & Utility,"Group label 50-P-0001A~N legible; letters assigned W to E (assumed).; Defaults: driver, plinth.",,medium
50-p-0001b,50-P-0001B,ORV sea water supply pump B,pump,Process & Utility,Area_Process & Utility,913.6,562.3,245380.73,3179768.17,96.67,7.72,104.39,cloud,yes,Plot Plan for Process & Utility,"Letters assigned W to E (assumed).; Defaults: driver, plinth.",,medium
50-p-0001c,50-P-0001C,ORV sea water supply pump C,pump,Process & Utility,Area_Process & Utility,917.8,562.3,245384.72,3179766.87,96.69,7.63,104.32,cloud,yes,Plot Plan for Process & Utility,"Letters assigned W to E (assumed).; Defaults: driver, plinth.",,medium
50-p-0001d,50-P-0001D,ORV sea water supply pump D,pump,Process & Utility,Area_Process & Utility,922.0,562.3,245388.72,3179765.57,96.69,7.67,104.36,cloud,yes,Plot Plan for Process & Utility,"Letters assigned W to E (assumed).; Defaults: driver, plinth.",,medium
50-p-0001e,50-P-0001E,ORV sea water supply pump E,pump,Process & Utility,Area_Process & Utility,926.2,562.3,245392.71,3179764.27,96.7,7.52,104.22,cloud,yes,Plot Plan for Process & Utility,"Letters assigned W to E (assumed).; Defaults: driver, plinth.",,medium
50-p-0001f,50-P-0001F,ORV sea water supply pump F,pump,Process & Utility,Area_Process & Utility,930.4,562.3,245396.71,3179762.98,96.7,7.47,104.17,cloud,yes,Plot Plan for Process & Utility,"Letters assigned W to E (assumed).; Defaults: driver, plinth.",,medium
50-p-0001g,50-P-0001G,ORV sea water supply pump G,pump,Process & Utility,Area_Process & Utility,934.5,562.3,245400.61,3179761.71,96.72,7.52,104.24,cloud,yes,Plot Plan for Process & Utility,"Letters assigned W to E (assumed).; Defaults: driver, plinth.",,medium
50-p-0001h,50-P-0001H,ORV sea water supply pump H,pump,Process & Utility,Area_Process & Utility,938.7,562.3,245404.6,3179760.41,96.75,7.6,104.35,cloud,yes,Plot Plan for Process & Utility,"Letters assigned W to E (assumed).; Defaults: driver, plinth.",,medium
50-p-0001i,50-P-0001I,ORV sea water supply pump I,pump,Process & Utility,Area_Process & Utility,942.9,562.3,245408.6,3179759.11,96.77,7.62,104.39,cloud,yes,Plot Plan for Process & Utility,"Letters assigned W to E (assumed).; Defaults: driver, plinth.",,medium
50-p-0001j,50-P-0001J,ORV sea water supply pump J,pump,Process & Utility,Area_Process & Utility,947.1,562.3,245412.59,3179757.82,96.78,7.72,104.5,cloud,yes,Plot Plan for Process & Utility,"Letters assigned W to E (assumed).; Defaults: driver, plinth.",,medium
50-p-0001k,50-P-0001K,ORV sea water supply pump K,pump,Process & Utility,Area_Process & Utility,951.3,562.3,245416.59,3179756.52,96.78,7.64,104.42,cloud,yes,Plot Plan for Process & Utility,"Letters assigned W to E (assumed).; Defaults: driver, plinth.",,medium
50-p-0001l,50-P-0001L,ORV sea water supply pump L,pump,Process & Utility,Area_Process & Utility,955.5,562.3,245420.58,3179755.22,96.79,7.64,104.43,cloud,yes,Plot Plan for Process & Utility,"Letters assigned W to E (assumed).; Defaults: driver, plinth.",,medium
50-p-0001m,50-P-0001M,ORV sea water supply pump M,pump,Process & Utility,Area_Process & Utility,959.7,562.3,245424.57,3179753.92,96.79,7.56,104.35,cloud,yes,Plot Plan for Process & Utility,"Letters assigned W to E (assumed).; Defaults: driver, plinth.",,medium
50-p-0001n,50-P-0001N,ORV sea water supply pump N,pump,Process & Utility,Area_Process & Utility,963.9,562.3,245428.57,3179752.62,96.76,7.66,104.42,cloud,yes,Plot Plan for Process & Utility,"Letters assigned W to E (assumed).; Defaults: driver, plinth.",,medium
70-p-0005b,70-P-0005B,Fire sea water pump B,pump,Process & Utility,Area_Process & Utility,873.8,571.5,245345.72,3179789.22,100.0,2.5,102.5,indicative,yes,Plot Plan for Process & Utility,"Leader of label 70-P-0005B~D ends at this walled pad of 3 identical vertical units; letters W to E assumed. Could alternatively be the diesel drums 70-P-0005B~D-V-01.; Defaults: driver, plinth.",plan_offset,low
70-p-0005c,70-P-0005C,Fire sea water pump C,pump,Process & Utility,Area_Process & Utility,877.0,571.5,245348.76,3179788.23,96.17,0.76,96.93,cloud,yes,Plot Plan for Process & Utility,"See 70-P-0005B.; Defaults: driver, plinth.",plan_offset,low
70-p-0005d,70-P-0005D,Fire sea water pump D,pump,Process & Utility,Area_Process & Utility,880.2,571.5,245351.81,3179787.24,96.21,0.64,96.85,cloud,yes,Plot Plan for Process & Utility,"See 70-P-0005B.; Defaults: driver, plinth.",plan_offset,low
70-p-0007b,70-P-0007B,Fire water pump B (diesel),pump,Process & Utility,Area_Process & Utility,872.5,521.1,245328.91,3179741.68,97.07,9.47,106.54,cloud,yes,Plot Plan for Process & Utility,"Label 70-P-0007B legible; leader runs into fire water pump area, unit is the diesel-driven set (B has diesel drum per equipment list).; Defaults: plinth.",plan_offset,medium
70-p-0007a,70-P-0007A,Fire water pump A (electric),pump,Process & Utility,Area_Process & Utility,881.4,520.3,245337.13,3179738.17,97.3,9.32,106.62,cloud,yes,Plot Plan for Process & Utility,"Label legible; leader ends near 70-T-0002, unit assigned by elimination.; Defaults: plinth.",,medium
70-t-0002,70-T-0002,Utility / fire water tank,storage_tank_small,Process & Utility,Area_Process & Utility,879.4,503.2,245329.94,3179722.53,97.38,13.78,111.16,cloud,yes,Plot Plan for Process & Utility,"Shell D from inner circle; octagonal ring around it.; Defaults: bund_h_m, form, handrail, ladder, roof, roof_slope.",plan_offset,high
70-v-0003,70-V-0003,Vessel 70-V-0003,vessel_h,Process & Utility,Area_Process & Utility,892.45,517.3,245346.71,3179731.91,97.3,8.22,105.52,cloud,yes,Plot Plan for Process & Utility,"Only vessel next to the 70-V-0003 label.; Defaults: d_m, head, insulated, nozzles, orient, saddle_h_m.",,medium
70-p-0009b,70-P-0009B,Pump 70-P-0009B,pump,Process & Utility,Area_Process & Utility,895.4,511.7,245347.79,3179725.67,100.0,1.2,101.2,indicative,yes,Plot Plan for Process & Utility,"Leaders of stacked labels map top-to-bottom to pumps.; Defaults: driver, plinth.",plan_offset,medium
70-p-0009a,70-P-0009A,Pump 70-P-0009A,pump,Process & Utility,Area_Process & Utility,895.4,509.2,245347.01,3179723.29,100.0,1.2,101.2,indicative,yes,Plot Plan for Process & Utility,"Defaults: driver, plinth.",plan_offset,medium
70-p-0010b,70-P-0010B,Pump 70-P-0010B,pump,Process & Utility,Area_Process & Utility,895.4,506.3,245346.12,3179720.53,100.0,1.2,101.2,indicative,yes,Plot Plan for Process & Utility,"Defaults: driver, plinth.",,medium
70-p-0010a,70-P-0010A,Pump 70-P-0010A,pump,Process & Utility,Area_Process & Utility,895.4,503.3,245345.19,3179717.68,100.0,1.2,101.2,indicative,yes,Plot Plan for Process & Utility,"Defaults: driver, plinth.",missing_in_cloud,medium
70-p-0006a,70-P-0006A,Pump skid 70-P-0006A,pump,Process & Utility,Area_Process & Utility,936.8,528.5,245392.35,3179728.85,97.17,5.34,102.51,cloud,yes,Plot Plan for Process & Utility,"Label 70-P-0006A/B underline runs to this pad of two identical skids; A/B order assumed (A north).; Defaults: driver, plinth.",plan_offset,low
70-p-0006b,70-P-0006B,Pump skid 70-P-0006B,pump,Process & Utility,Area_Process & Utility,936.8,522.0,245390.34,3179722.67,97.29,5.31,102.6,cloud,yes,Plot Plan for Process & Utility,"A/B order assumed.; Defaults: driver, plinth.",plan_offset,low
70-s-0001a,70-S-0001A,70-S-0001A,vessel_v,Process & Utility,Area_Process & Utility,934.1,484.7,245376.25,3179688.03,100.0,2.5,102.5,indicative,yes,Plot Plan for Process & Utility,"Label 70-S-0001A/B points to this twin unit; A/B order assumed (A west).; Defaults: d_m, head, insulated, ladder, nozzles, skirt_h_m, top_platform.",plan_offset,medium
70-s-0001b,70-S-0001B,70-S-0001B,vessel_v,Process & Utility,Area_Process & Utility,936.3,484.7,245378.34,3179687.35,97.97,2.9,100.87,cloud,yes,Plot Plan for Process & Utility,"A/B order assumed.; Defaults: d_m, head, insulated, ladder, nozzles, skirt_h_m, top_platform.",,medium
70-a-0004b,70-A-0004B,Package 70-A-0004B,package,Process & Utility,Area_Process & Utility,933.3,470.9,245371.22,3179675.15,98.25,4.8,103.05,cloud,yes,Plot Plan for Process & Utility,Leader from 70-A-0004B ends at this skid.; Defaults: colour.,plan_offset,medium
70-a-0004a,70-A-0004A,Package 70-A-0004A,package,Process & Utility,Area_Process & Utility,933.3,459.8,245367.79,3179664.6,98.4,6.95,105.35,cloud,yes,Plot Plan for Process & Utility,Leader from 70-A-0004A ends at this skid.; Defaults: colour.,plan_offset,medium
70-ub-02,70-UB-02,Hypochlorite tank shelter,shelter,Process & Utility,Area_Process & Utility,959.85,483.55,245400.38,3179678.98,98.24,14.61,112.85,cloud,yes,Plot Plan for Process & Utility,"Vertical label 70-UB-02 beside the west wall of this column-grid enclosure; assignment by proximity.; Defaults: bay, beam_d, column, roof_overhang, roof_t, slab_t.",plan_offset,low
50-a-0003,50-A-0003,Hypochlorite generation package,package,Process & Utility,Area_Process & Utility,973.4,481.1,245412.51,3179672.46,98.23,10.35,108.58,cloud,yes,Plot Plan for Process & Utility,Label 50-A-0003 vertical beside this room.; Defaults: colour.,plan_offset,medium
50-t-0002b,50-T-0002B,Hypochlorite tank B,storage_tank_small,Process & Utility,Area_Process & Utility,955.0,496.4,245399.74,3179692.7,98.45,12.06,110.51,cloud,yes,Plot Plan for Process & Utility,"Label 50-T-0002B/D/F/H leader drops to the west column; N->S order B,D,F,H assumed.; Defaults: bund_h_m, form, handrail, ladder, roof, roof_slope.",,medium
50-t-0002d,50-T-0002D,Hypochlorite tank D,storage_tank_small,Process & Utility,Area_Process & Utility,955.0,487.4,245396.96,3179684.14,98.89,11.65,110.54,cloud,yes,Plot Plan for Process & Utility,"Order assumed.; Defaults: bund_h_m, form, handrail, ladder, roof, roof_slope.",,medium
50-t-0002f,50-T-0002F,Hypochlorite tank F,storage_tank_small,Process & Utility,Area_Process & Utility,955.0,480.4,245394.8,3179677.48,98.95,11.81,110.76,cloud,yes,Plot Plan for Process & Utility,"Order assumed.; Defaults: bund_h_m, form, handrail, ladder, roof, roof_slope.",,medium
50-t-0002h,50-T-0002H,Hypochlorite tank H,storage_tank_small,Process & Utility,Area_Process & Utility,955.0,471.3,245391.99,3179668.83,98.44,12.06,110.5,cloud,yes,Plot Plan for Process & Utility,"Order assumed.; Defaults: bund_h_m, form, handrail, ladder, roof, roof_slope.",,medium
50-t-0002a,50-T-0002A,Hypochlorite tank A,storage_tank_small,Process & Utility,Area_Process & Utility,962.5,496.4,245406.87,3179690.38,99.71,13.02,112.73,cloud,yes,Plot Plan for Process & Utility,"Label 50-T-0002A/C/E/G leader drops to the east column; N->S order A,C,E,G assumed.; Defaults: bund_h_m, form, handrail, ladder, roof, roof_slope.",,medium
50-t-0002c,50-T-0002C,Hypochlorite tank C,storage_tank_small,Process & Utility,Area_Process & Utility,962.5,487.4,245404.09,3179681.82,109.2,3.69,112.89,cloud,yes,Plot Plan for Process & Utility,"Order assumed.; Defaults: bund_h_m, form, handrail, ladder, roof, roof_slope.",,medium
50-t-0002e,50-T-0002E,Hypochlorite tank E,storage_tank_small,Process & Utility,Area_Process & Utility,962.5,480.4,245401.93,3179675.17,109.32,3.69,113.01,cloud,yes,Plot Plan for Process & Utility,"Order assumed.; Defaults: bund_h_m, form, handrail, ladder, roof, roof_slope.",,medium
50-t-0002g,50-T-0002G,Hypochlorite tank G,storage_tank_small,Process & Utility,Area_Process & Utility,962.5,471.3,245399.12,3179666.51,98.46,14.77,113.23,cloud,yes,Plot Plan for Process & Utility,"Order assumed.; Defaults: bund_h_m, form, handrail, ladder, roof, roof_slope.",,medium
70-v-0002,70-V-0002,Vessel 70-V-0002,vessel_v,Process & Utility,Area_Process & Utility,931.9,455.6,245365.16,3179661.03,98.49,7.1,105.59,cloud,yes,Plot Plan for Process & Utility,"Label at page left (x~0.18) with leader into block.; Defaults: d_m, head, insulated, ladder, nozzles, skirt_h_m, top_platform.",,medium
70-v-0001,70-V-0001,Vessel 70-V-0001,vessel_h,Process & Utility,Area_Process & Utility,930.5,450.1,245362.13,3179656.24,98.54,3.83,102.37,cloud,yes,Plot Plan for Process & Utility,"Label at page left with leader.; Defaults: d_m, head, insulated, nozzles, orient, saddle_h_m.",plan_offset,medium
70-a-0003,70-A-0003,Package 70-A-0003,package,Process & Utility,Area_Process & Utility,937.7,442.4,245366.6,3179646.69,98.76,4.63,103.39,cloud,yes,Plot Plan for Process & Utility,Leader from 70-A-0003 (page left) runs east at this level; skid with drum and two pumps assigned by proximity.; Defaults: colour.,plan_offset,low
70-p-0002a,70-P-0002A,Pump 70-P-0002A,pump,Process & Utility,Area_Process & Utility,938.0,438.3,245365.62,3179642.7,98.84,1.9,100.74,cloud,yes,Plot Plan for Process & Utility,"Leader of 70-P-0002A/B (label at bottom) runs up and ends at these two pumps; A/B order assumed (A north).; Defaults: driver, plinth.",plan_offset,medium
70-p-0002b,70-P-0002B,Pump 70-P-0002B,pump,Process & Utility,Area_Process & Utility,938.0,435.3,245364.69,3179639.84,100.0,1.3,101.3,indicative,yes,Plot Plan for Process & Utility,"A/B order assumed.; Defaults: driver, plinth.",missing_in_cloud,medium
70-t-0001b,70-T-0001B,Potable water tank B,storage_tank_small,Process & Utility,Area_Process & Utility,929.1,444.0,245358.92,3179650.87,98.62,6.62,105.24,cloud,yes,Plot Plan for Process & Utility,"Leader from 70-T-0001B ends at this (north) tank.; Defaults: bund_h_m, form, handrail, ladder, roof, roof_slope.",plan_offset,high
70-t-0001a,70-T-0001A,Potable water tank A,storage_tank_small,Process & Utility,Area_Process & Utility,929.1,435.1,245356.17,3179642.4,98.79,6.92,105.71,cloud,yes,Plot Plan for Process & Utility,"Leader from 70-T-0001A ends at this (south) tank.; Defaults: bund_h_m, form, handrail, ladder, roof, roof_slope.",plan_offset,high
70-ub-08,70-UB-08,Utility building 70-UB-08,building,Process & Utility,Area_Process & Utility,930.95,428.4,245355.86,3179635.46,98.98,6.85,105.83,cloud,yes,Plot Plan for Process & Utility,"Label '70-A-0016, 70-UB-08' leader to this enclosure.; Defaults: door_h, door_w, doors, hvac, parapet_h, parapet_t, plinth_h, roof_overhang, roof_t, sill_h, storey_h, window_h, windows.",plan_offset,medium
70-a-0016,70-A-0016,Package 70-A-0016 (in 70-UB-08),package,Process & Utility,Area_Process & Utility,930.9,428.5,245355.84,3179635.57,99.0,6.86,105.86,cloud,yes,Plot Plan for Process & Utility,Inside 70-UB-08.; Defaults: colour.,,medium
70-a-0002,70-A-0002,Nitrogen package (main skid),package,Process & Utility,Area_Process & Utility,935.65,414.95,245356.17,3179621.22,99.18,1.51,100.69,cloud,yes,Plot Plan for Process & Utility,"Nitrogen package area on pad E 925-940, N 412.6-425.3; main skid assumed to be the framed unit at S end. Labels at page left, leaders converge on this pad.; Defaults: colour.",plan_offset,low
70-a-0002-e-02a,70-A-0002-E-02A,Nitrogen package cooler E-02A,other,Process & Utility,Area_Process & Utility,935.7,422.55,245358.57,3179628.43,99.19,6.75,105.94,cloud,yes,Plot Plan for Process & Utility,One of two identical fin-grid units (E-02A/B); A/B order assumed.,,low
70-a-0002-e-02b,70-A-0002-E-02B,Nitrogen package cooler E-02B,other,Process & Utility,Area_Process & Utility,935.7,418.55,245357.33,3179624.62,99.21,6.71,105.92,cloud,yes,Plot Plan for Process & Utility,A/B order assumed.,plan_offset,low
70-a-0002-e-03,70-A-0002-E-03,Nitrogen package exchanger E-03,other,Process & Utility,Area_Process & Utility,930.75,423.45,245354.14,3179630.81,99.15,21.34,120.49,cloud,yes,Plot Plan for Process & Utility,Small fin-grid unit; assignment by leader order.,,low
70-a-0002-v-05,70-A-0002-V-05,Nitrogen package vessel V-05,vessel_v,Process & Utility,Area_Process & Utility,929.1,420.6,245351.69,3179628.61,99.1,21.03,120.13,cloud,yes,Plot Plan for Process & Utility,"Circle on octagonal base; assignment by leader order.; Defaults: d_m, head, insulated, ladder, nozzles, skirt_h_m, top_platform.",plan_offset,low
70-a-0002-h-04,70-A-0002-H-04,Nitrogen package heater H-04,vessel_h,Process & Utility,Area_Process & Utility,931.25,416.8,245352.56,3179624.33,100.0,1.5,101.5,indicative,yes,Plot Plan for Process & Utility,"Small horizontal item; assignment by leader order.; Defaults: d_m, head, insulated, nozzles, orient, saddle_h_m.",missing_in_cloud,low
70-v-1001,70-V-1001,Air receiver 70-V-1001,vessel_v,Process & Utility,Area_Process & Utility,950.9,451.7,245382.03,3179651.45,98.71,7.11,105.82,cloud,yes,Plot Plan for Process & Utility,"Label underline drops to this small circle.; Defaults: d_m, head, insulated, ladder, nozzles, skirt_h_m, top_platform.",plan_offset,medium
70-v-1002a,70-V-1002A,Air receiver 70-V-1002A,vessel_v,Process & Utility,Area_Process & Utility,957.9,451.7,245388.69,3179649.29,98.79,21.69,120.48,cloud,yes,Plot Plan for Process & Utility,"Label 70-V-1002A/B leader to the pair; A/B order assumed (A west).; Defaults: d_m, head, insulated, ladder, nozzles, skirt_h_m, top_platform.",,medium
70-v-1002b,70-V-1002B,Air receiver 70-V-1002B,vessel_v,Process & Utility,Area_Process & Utility,966.5,451.7,245396.87,3179646.63,98.82,21.61,120.43,cloud,yes,Plot Plan for Process & Utility,"A/B order assumed.; Defaults: d_m, head, insulated, ladder, nozzles, skirt_h_m, top_platform.",plan_offset,medium
70-ub-01,70-UB-01,Air compressor building,building,Process & Utility,Area_Process & Utility,957.7,430.25,245381.87,3179628.95,99.04,12.72,111.76,cloud,yes,Plot Plan for Process & Utility,"Defaults: door_h, door_w, doors, hvac, parapet_h, parapet_t, plinth_h, roof_overhang, roof_t, sill_h, storey_h, window_h, windows.",plan_offset,high
70-a-1001b,70-A-1001B,Air compressor package B,compressor,Process & Utility,Area_Process & Utility,957.15,431.9,245381.86,3179630.69,99.58,12.22,111.8,cloud,yes,Plot Plan for Process & Utility,"Inside 70-UB-01, north unit.; Defaults: enclosure, kind, operating_floor_m, throws.",,high
70-a-1001a,70-A-1001A,Air compressor package A,compressor,Process & Utility,Area_Process & Utility,957.15,420.4,245378.3,3179619.75,99.26,12.67,111.93,cloud,yes,Plot Plan for Process & Utility,"Inside 70-UB-01, south unit.; Defaults: enclosure, kind, operating_floor_m, throws.",,high
70-a-1001b-s-01,70-A-1001B-S-01,Compressor B intake/silencer unit,package,Process & Utility,Area_Process & Utility,967.3,431.35,245391.34,3179627.03,99.04,10.72,109.76,cloud,yes,Plot Plan for Process & Utility,Drawing text reads 70-A-1001B-S01; outside E wall of 70-UB-01 with stair.; Defaults: colour.,plan_offset,high
70-a-1001a-s-01,70-A-1001A-S-01,Compressor A intake/silencer unit,package,Process & Utility,Area_Process & Utility,967.3,419.95,245387.82,3179616.19,99.26,10.72,109.98,cloud,yes,Plot Plan for Process & Utility,Drawing text reads 70-A-1001A-S01.; Defaults: colour.,plan_offset,high
70-a-1002b,70-A-1002B,Instrument air dryer B,package,Process & Utility,Area_Process & Utility,956.5,442.2,245384.42,3179640.69,99.16,12.44,111.6,cloud,yes,Plot Plan for Process & Utility,"Label 70-A-1002A/B leader to the pair; A/B order assumed (B north, like compressors).; Defaults: colour.",,medium
70-a-1002a,70-A-1002A,Instrument air dryer A,package,Process & Utility,Area_Process & Utility,956.5,438.3,245383.21,3179636.98,99.47,12.2,111.67,cloud,yes,Plot Plan for Process & Utility,A/B order assumed.; Defaults: colour.,plan_offset,medium
70-xc-0001,70-XC-0001,Overhead crane in 70-UB-01,other,Process & Utility,Area_Process & Utility,957.7,426.0,245380.56,3179624.91,99.19,12.62,111.81,cloud,yes,Plot Plan for Process & Utility,Label leader into 70-UB-01; modelled as bridge girder over the maintenance bay (no overhead-crane type in catalogue).,,medium
50-e-0001f,50-E-0001F,Open rack vaporizer F,vaporizer_orv,Process & Utility,Area_Process & Utility,1044.5,439.6,245467.31,3179611.02,98.96,11.05,110.01,cloud,yes,Plot Plan for Process & Utility,"Panel bank E 1035.4-1053.6; footprint = outer ORV box. Central header structure between F/E not modelled.; Defaults: panels, stairs.",plan_offset,medium
50-e-0001e,50-E-0001E,Open rack vaporizer E,vaporizer_orv,Process & Utility,Area_Process & Utility,1044.5,417.0,245460.33,3179589.53,99.41,10.86,110.27,cloud,yes,Plot Plan for Process & Utility,"Defaults: panels, stairs.",plan_offset,medium
50-e-0001d,50-E-0001D,Open rack vaporizer D,vaporizer_orv,Process & Utility,Area_Process & Utility,1044.5,397.4,245454.27,3179570.89,99.68,11.06,110.74,cloud,yes,Plot Plan for Process & Utility,"Defaults: panels, stairs.",plan_offset,medium
50-e-0001c,50-E-0001C,Open rack vaporizer C,vaporizer_orv,Process & Utility,Area_Process & Utility,1044.5,375.1,245447.38,3179549.68,100.14,10.85,110.99,cloud,yes,Plot Plan for Process & Utility,"Defaults: panels, stairs.",plan_offset,medium
50-e-0001b,50-E-0001B,Open rack vaporizer B,vaporizer_orv,Process & Utility,Area_Process & Utility,1044.5,355.2,245441.23,3179530.75,100.39,11.03,111.42,cloud,yes,Plot Plan for Process & Utility,"Defaults: panels, stairs.",plan_offset,medium
50-e-0001a,50-E-0001A,Open rack vaporizer A,vaporizer_orv,Process & Utility,Area_Process & Utility,1044.5,333.0,245434.37,3179509.64,100.83,10.81,111.64,cloud,yes,Plot Plan for Process & Utility,"Defaults: panels, stairs.",plan_offset,medium
30-v-0001,30-V-0001,Recondenser,vessel_v,Process & Utility,Area_Process & Utility,1093.1,418.2,245506.92,3179575.65,103.39,21.02,124.41,cloud,yes,Plot Plan for Process & Utility,"Plan circle ~5.9-6.5 m OD (plan vs 1:200 PF sketch). Vessel passes through structure decks up to PF 122.6/124.0; top head elevation not given.; Defaults: d_m, head, insulated, ladder, nozzles, skirt_h_m, top_platform.",,high
30-pr-002,30-PR-002,Pipe rack 30-PR-002 (HP pumps H~N),pipe_rack,Process & Utility,Area_Process & Utility,1116.05,442.75,245536.33,3179591.91,100.0,14.0,114.0,drawing,yes,Plot Plan for Process & Utility,"Bents ~6 m. Section B-B: width 9000, TOS EL 114.0; intermediate tiers scaled from section (approx). Stair to PF 116.45 on top.; Defaults: beam_depth_m, bent_spacing_m, bracing, column_section_m, columns_across, lines, n_tiers, pipe_fill, tier_gap_m.",plan_offset;height_mismatch,high
30-pr-001,30-PR-001,Pipe rack 30-PR-001 (HP pumps A~G),pipe_rack,Process & Utility,Area_Process & Utility,1116.05,393.8,245521.21,3179545.36,100.0,14.0,114.0,drawing,yes,Plot Plan for Process & Utility,"Mirror of 30-PR-002; Section B-B levels assumed equal.; Defaults: beam_depth_m, bent_spacing_m, bracing, column_section_m, columns_across, lines, n_tiers, pipe_fill, tier_gap_m.",plan_offset;height_mismatch,high
30-p-0001h,30-P-0001H,HP LNG pump H,pump,Process & Utility,Area_Process & Utility,1106.0,432.6,245523.64,3179585.36,100.0,3.0,103.0,indicative,yes,Plot Plan for Process & Utility,"Group label 30-P-0001H~N; letter order west->east assumed.; Defaults: driver, plinth.",plan_offset,medium
30-p-0001i,30-P-0001I,HP LNG pump I,pump,Process & Utility,Area_Process & Utility,1112.0,432.6,245529.34,3179583.51,100.0,3.0,103.0,indicative,yes,Plot Plan for Process & Utility,"Group label 30-P-0001H~N; letter order west->east assumed.; Defaults: driver, plinth.",,medium
30-p-0001j,30-P-0001J,HP LNG pump J,pump,Process & Utility,Area_Process & Utility,1118.0,432.6,245535.05,3179581.65,100.0,3.0,103.0,indicative,yes,Plot Plan for Process & Utility,"Group label 30-P-0001H~N; letter order west->east assumed.; Defaults: driver, plinth.",,medium
30-p-0001k,30-P-0001K,HP LNG pump K,pump,Process & Utility,Area_Process & Utility,1124.0,432.6,245540.76,3179579.8,100.0,3.0,103.0,indicative,yes,Plot Plan for Process & Utility,"Group label 30-P-0001H~N; letter order west->east assumed.; Defaults: driver, plinth.",plan_offset,medium
30-p-0001l,30-P-0001L,HP LNG pump L,pump,Process & Utility,Area_Process & Utility,1130.0,432.6,245546.46,3179577.95,100.0,3.0,103.0,indicative,yes,Plot Plan for Process & Utility,"Group label 30-P-0001H~N; letter order west->east assumed.; Defaults: driver, plinth.",plan_offset,medium
30-p-0001m,30-P-0001M,HP LNG pump M,pump,Process & Utility,Area_Process & Utility,1135.9,432.6,245552.07,3179576.12,99.42,2.4,101.82,cloud,yes,Plot Plan for Process & Utility,"Group label 30-P-0001H~N; letter order west->east assumed.; Defaults: driver, plinth.",plan_offset,medium
30-p-0001n,30-P-0001N,HP LNG pump N,pump,Process & Utility,Area_Process & Utility,1141.9,432.6,245557.78,3179574.27,99.41,2.27,101.68,cloud,yes,Plot Plan for Process & Utility,"Group label 30-P-0001H~N; letter order west->east assumed.; Defaults: driver, plinth.",,medium
30-p-0001a,30-P-0001A,HP LNG pump A,pump,Process & Utility,Area_Process & Utility,1106.0,403.8,245514.74,3179557.97,101.46,16.82,118.28,cloud,yes,Plot Plan for Process & Utility,"Group label 30-P-0001A~G (east-edge label, leader to this row); letter order west->east assumed.; Defaults: driver, plinth.",,medium
30-p-0001b,30-P-0001B,HP LNG pump B,pump,Process & Utility,Area_Process & Utility,1112.0,403.8,245520.44,3179556.12,101.74,16.44,118.18,cloud,yes,Plot Plan for Process & Utility,"Group label 30-P-0001A~G; letter order west->east assumed.; Defaults: driver, plinth.",,medium
30-p-0001c,30-P-0001C,HP LNG pump C,pump,Process & Utility,Area_Process & Utility,1118.0,403.8,245526.15,3179554.26,101.6,16.71,118.31,cloud,yes,Plot Plan for Process & Utility,"Group label 30-P-0001A~G; letter order west->east assumed.; Defaults: driver, plinth.",,medium
30-p-0001d,30-P-0001D,HP LNG pump D,pump,Process & Utility,Area_Process & Utility,1124.0,403.8,245531.86,3179552.41,101.72,16.59,118.31,cloud,yes,Plot Plan for Process & Utility,"Group label 30-P-0001A~G; letter order west->east assumed.; Defaults: driver, plinth.",,medium
30-p-0001e,30-P-0001E,HP LNG pump E,pump,Process & Utility,Area_Process & Utility,1130.0,403.8,245537.56,3179550.56,101.69,16.64,118.33,cloud,yes,Plot Plan for Process & Utility,"Group label 30-P-0001A~G; letter order west->east assumed.; Defaults: driver, plinth.",,medium
30-p-0001f,30-P-0001F,HP LNG pump F,pump,Process & Utility,Area_Process & Utility,1135.9,403.8,245543.17,3179548.73,101.59,16.74,118.33,cloud,yes,Plot Plan for Process & Utility,"Group label 30-P-0001A~G; letter order west->east assumed.; Defaults: driver, plinth.",,medium
30-p-0001g,30-P-0001G,HP LNG pump G,pump,Process & Utility,Area_Process & Utility,1141.9,403.8,245548.88,3179546.88,101.23,17.45,118.68,cloud,yes,Plot Plan for Process & Utility,"Group label 30-P-0001A~G; letter order west->east assumed.; Defaults: driver, plinth.",,medium
30-v-0002h,30-V-0002H,HP LNG pump vent drum H,vessel_v,Process & Utility,Area_Process & Utility,1106.0,436.1,245524.72,3179588.69,104.5,3.1,107.6,drawing,yes,Plot Plan for Process & Utility,"On PF EL 104.5, TL EL 105.3 per Section B-B; group label 30-V-0002H~N, order assumed.; Defaults: d_m, head, insulated, ladder, nozzles, skirt_h_m, top_platform.",height_mismatch,medium
30-v-0002i,30-V-0002I,HP LNG pump vent drum I,vessel_v,Process & Utility,Area_Process & Utility,1112.0,436.1,245530.43,3179586.84,104.5,3.1,107.6,drawing,yes,Plot Plan for Process & Utility,"Group label 30-V-0002H~N, order assumed.; Defaults: d_m, head, insulated, ladder, nozzles, skirt_h_m, top_platform.",height_mismatch,medium
30-v-0002j,30-V-0002J,HP LNG pump vent drum J,vessel_v,Process & Utility,Area_Process & Utility,1118.0,436.1,245536.13,3179584.98,104.5,3.1,107.6,drawing,yes,Plot Plan for Process & Utility,"Group label 30-V-0002H~N, order assumed.; Defaults: d_m, head, insulated, ladder, nozzles, skirt_h_m, top_platform.",height_mismatch,medium
30-v-0002k,30-V-0002K,HP LNG pump vent drum K,vessel_v,Process & Utility,Area_Process & Utility,1124.0,436.1,245541.84,3179583.13,104.5,3.1,107.6,drawing,yes,Plot Plan for Process & Utility,"Group label 30-V-0002H~N, order assumed.; Defaults: d_m, head, insulated, ladder, nozzles, skirt_h_m, top_platform.",height_mismatch,medium
30-v-0002l,30-V-0002L,HP LNG pump vent drum L,vessel_v,Process & Utility,Area_Process & Utility,1130.0,436.1,245547.54,3179581.28,104.5,3.1,107.6,drawing,yes,Plot Plan for Process & Utility,"Group label 30-V-0002H~N, order assumed.; Defaults: d_m, head, insulated, ladder, nozzles, skirt_h_m, top_platform.",height_mismatch,medium
30-v-0002m,30-V-0002M,HP LNG pump vent drum M,vessel_v,Process & Utility,Area_Process & Utility,1135.9,436.1,245553.16,3179579.45,104.5,3.1,107.6,drawing,yes,Plot Plan for Process & Utility,"Group label 30-V-0002H~N, order assumed.; Defaults: d_m, head, insulated, ladder, nozzles, skirt_h_m, top_platform.",height_mismatch,medium
30-v-0002n,30-V-0002N,HP LNG pump vent drum N,vessel_v,Process & Utility,Area_Process & Utility,1141.9,436.1,245558.86,3179577.6,104.5,3.1,107.6,drawing,yes,Plot Plan for Process & Utility,"Group label 30-V-0002H~N, order assumed.; Defaults: d_m, head, insulated, ladder, nozzles, skirt_h_m, top_platform.",height_mismatch,medium
30-v-0002a,30-V-0002A,HP LNG pump vent drum A,vessel_v,Process & Utility,Area_Process & Utility,1106.0,400.4,245513.69,3179554.74,104.5,3.1,107.6,drawing,yes,Plot Plan for Process & Utility,"Section B-B labels 30-V-0002A; group label 30-V-0002A~G, order assumed.; Defaults: d_m, head, insulated, ladder, nozzles, skirt_h_m, top_platform.",height_mismatch,medium
30-v-0002b,30-V-0002B,HP LNG pump vent drum B,vessel_v,Process & Utility,Area_Process & Utility,1112.0,400.4,245519.39,3179552.88,104.5,3.1,107.6,drawing,yes,Plot Plan for Process & Utility,"Group label 30-V-0002A~G, order assumed.; Defaults: d_m, head, insulated, ladder, nozzles, skirt_h_m, top_platform.",height_mismatch,medium
30-v-0002c,30-V-0002C,HP LNG pump vent drum C,vessel_v,Process & Utility,Area_Process & Utility,1118.0,400.4,245525.1,3179551.03,104.5,3.1,107.6,drawing,yes,Plot Plan for Process & Utility,"Group label 30-V-0002A~G, order assumed.; Defaults: d_m, head, insulated, ladder, nozzles, skirt_h_m, top_platform.",height_mismatch,medium
30-v-0002d,30-V-0002D,HP LNG pump vent drum D,vessel_v,Process & Utility,Area_Process & Utility,1124.0,400.4,245530.81,3179549.18,104.5,3.1,107.6,drawing,yes,Plot Plan for Process & Utility,"Group label 30-V-0002A~G, order assumed.; Defaults: d_m, head, insulated, ladder, nozzles, skirt_h_m, top_platform.",height_mismatch,medium
30-v-0002e,30-V-0002E,HP LNG pump vent drum E,vessel_v,Process & Utility,Area_Process & Utility,1130.0,400.4,245536.51,3179547.32,104.5,3.1,107.6,drawing,yes,Plot Plan for Process & Utility,"Group label 30-V-0002A~G, order assumed.; Defaults: d_m, head, insulated, ladder, nozzles, skirt_h_m, top_platform.",height_mismatch,medium
30-v-0002f,30-V-0002F,HP LNG pump vent drum F,vessel_v,Process & Utility,Area_Process & Utility,1135.9,400.4,245542.12,3179545.5,104.5,3.1,107.6,drawing,yes,Plot Plan for Process & Utility,"Group label 30-V-0002A~G, order assumed.; Defaults: d_m, head, insulated, ladder, nozzles, skirt_h_m, top_platform.",height_mismatch,medium
30-v-0002g,30-V-0002G,HP LNG pump vent drum G,vessel_v,Process & Utility,Area_Process & Utility,1141.9,400.4,245547.83,3179543.65,104.5,3.1,107.6,drawing,yes,Plot Plan for Process & Utility,"Group label 30-V-0002A~G, order assumed.; Defaults: d_m, head, insulated, ladder, nozzles, skirt_h_m, top_platform.",height_mismatch,medium
50-f-0001c,50-F-0001C,Submerged combustion vaporizer C,vaporizer_scv,Process & Utility,Area_Process & Utility,1118.2,369.4,245515.71,3179521.49,100.33,7.65,107.98,cloud,yes,Plot Plan for Process & Utility,"Bath at west, blower/duct at east end; pad E 1099.7-1133.9.",plan_offset,high
50-f-0001b,50-F-0001B,Submerged combustion vaporizer B,vaporizer_scv,Process & Utility,Area_Process & Utility,1118.2,345.4,245508.3,3179498.66,100.72,7.51,108.23,cloud,yes,Plot Plan for Process & Utility,,plan_offset,high
50-f-0001a,50-F-0001A,Submerged combustion vaporizer A,vaporizer_scv,Process & Utility,Area_Process & Utility,1118.2,321.3,245500.85,3179475.74,101.1,7.48,108.58,cloud,yes,Plot Plan for Process & Utility,,plan_offset,high
50-ac-002,50-AC-002,AQMS cabinet for SCV,package,Process & Utility,Area_Process & Utility,1149.3,314.9,245528.45,3179460.04,101.2,3.78,104.98,cloud,yes,Plot Plan for Process & Utility,Defaults: colour.,plan_offset,high
50-tc-10,50-TC-10,Sea water outfall pit,basin,Process & Utility,Area_Process & Utility,1027.5,289.1,245404.64,3179473.14,96.0,4.5,100.5,indicative,yes,Plot Plan for Process & Utility,"Outline E 1015.1-1039.8, N 278.8-299.4; west part straddles package edge. Outfall pipes run south from its south side.; Defaults: floor_t, freeboard, kerb_h, wall_t.",,high
30-tc-03,30-TC-03,Process area impound basin,basin,Process & Utility,Area_Process & Utility,1166.6,364.1,245560.1,3179501.49,97.0,3.3,100.3,indicative,yes,Plot Plan for Process & Utility,"Label at east edge (x~0.51) with leader to this pit; R4000 radius circle drawn around it.; Defaults: floor_t, freeboard, kerb_h, wall_t.",,high
30-p-0002,30-P-0002,Process area impound basin pump,pump,Process & Utility,Area_Process & Utility,1163.9,361.0,245556.58,3179499.38,94.64,6.14,100.78,cloud,yes,Plot Plan for Process & Utility,"Position from leader end and symbol in SW corner of basin.; Defaults: driver, plinth.",,medium
30-heg-001,30-HEG-001,Foam generator,package,Process & Utility,Area_Process & Utility,1171.6,367.7,245565.97,3179503.37,94.39,6.07,100.46,cloud,yes,Plot Plan for Process & Utility,Symbol on NE side of basin 30-TC-03.,,medium
30-hef-001,30-HEF-001,Foam system package for 30-TC-03,package,Process & Utility,Area_Process & Utility,1188.8,391.4,245589.65,3179520.59,99.91,3.42,103.33,cloud,yes,Plot Plan for Process & Utility,"Pad E 1185.9-1191.8, N 386.7-396.1; label at east edge with leader at N~391.6.",plan_offset,medium
70-ss-01,70-SS-01,Main electrical substation,substation,Process & Utility,Area_Process & Utility,890.23,347.56,245292.14,3179571.16,100.28,10.27,110.55,cloud,yes,Plot Plan for Process & Utility,"Main building E853.7-941.4 / N333.2-360.6 with west annex (battery/panel rooms) E841-854. Transformer bays N and S are separate items.; Defaults: door_h, door_w, doors, hvac, parapet_h, parapet_t, plinth_h, roof_overhang, roof_t, sill_h, storey_h, window_h, windows.",plan_offset,high
50-b-14,50-B-14,Operator house,building,Process & Utility,Area_Process & Utility,976.4,337.5,245370.99,3179534.96,100.73,5.23,105.96,cloud,yes,Plot Plan for Process & Utility,"Label 50-B-14 with underline leader points to small hut east of the big building at E974.7-978.1 / N333.6-341.4.; Defaults: door_h, door_w, doors, hvac, parapet_h, parapet_t, plinth_h, roof_overhang, roof_t, sill_h, storey_h, window_h, windows.",plan_offset,medium
70-a-0012,70-A-0012,Main emergency power generation package (pad),other,Process & Utility,Area_Process & Utility,825.07,351.09,245231.27,3179594.66,99.58,6.45,106.03,cloud,yes,Plot Plan for Process & Utility,Concrete package pad carrying G-01/02/03 and day tanks V-01/02/03.,plan_offset,high
70-a-0012-g-01,70-A-0012-G-01,Emergency diesel generator 1,generator,Process & Utility,Area_Process & Utility,824.0,363.6,245234.12,3179606.88,99.7,5.87,105.57,cloud,yes,Plot Plan for Process & Utility,Individual tags not written on the plan; numbered N to S by assumption.; Defaults: exhaust.,plan_offset,medium
70-a-0012-g-02,70-A-0012-G-02,Emergency diesel generator 2,generator,Process & Utility,Area_Process & Utility,824.0,349.75,245229.84,3179593.71,99.94,5.89,105.83,cloud,yes,Plot Plan for Process & Utility,Individual tags not written on the plan; numbered N to S by assumption.; Defaults: exhaust.,plan_offset,medium
70-a-0012-g-03,70-A-0012-G-03,Emergency diesel generator 3,generator,Process & Utility,Area_Process & Utility,824.0,335.6,245225.46,3179580.25,100.13,5.87,106.0,cloud,yes,Plot Plan for Process & Utility,Individual tags not written on the plan; numbered N to S by assumption.; Defaults: exhaust.,plan_offset,medium
70-a-0012-v-01,70-A-0012-V-01,Generator day tank 1,vessel_h,Process & Utility,Area_Process & Utility,828.65,370.3,245240.61,3179611.81,99.59,1.5,101.09,cloud,yes,Plot Plan for Process & Utility,"Horizontal unit in enclosure N of each genset; read as day tank. Numbering N to S assumed.; Defaults: d_m, head, insulated, nozzles, orient, saddle_h_m.",plan_offset,low
70-a-0012-v-02,70-A-0012-V-02,Generator day tank 2,vessel_h,Process & Utility,Area_Process & Utility,828.65,356.5,245236.35,3179598.69,99.83,3.12,102.95,cloud,yes,Plot Plan for Process & Utility,"Read as day tank; numbering assumed.; Defaults: d_m, head, insulated, nozzles, orient, saddle_h_m.",plan_offset,low
70-a-0012-v-03,70-A-0012-V-03,Generator day tank 3,vessel_h,Process & Utility,Area_Process & Utility,828.65,342.3,245231.96,3179585.18,100.05,1.88,101.93,cloud,yes,Plot Plan for Process & Utility,"Read as day tank; numbering assumed.; Defaults: d_m, head, insulated, nozzles, orient, saddle_h_m.",plan_offset,low
70-tc-0001,70-TC-0001,Sanitary lift station,basin,Process & Utility,Area_Process & Utility,796.05,369.25,245209.28,3179620.89,97.0,3.3,100.3,indicative,yes,Plot Plan for Process & Utility,"Wet well pit with 2 submersible pumps and panel.; Defaults: floor_t, freeboard, kerb_h, wall_t.",,high
70-p-0011a,70-P-0011A,Sanitary lift station pump A,pump,Process & Utility,Area_Process & Utility,796.0,367.5,245208.69,3179619.24,100.0,1.0,101.0,indicative,yes,Plot Plan for Process & Utility,"A/B assignment by label order (B left, A right); leaders not fully resolvable.; Defaults: driver, kind, plinth.",,medium
70-p-0011b,70-P-0011B,Sanitary lift station pump B,pump,Process & Utility,Area_Process & Utility,794.5,367.5,245207.27,3179619.7,100.0,1.0,101.0,indicative,yes,Plot Plan for Process & Utility,"A/B assignment by label order.; Defaults: driver, kind, plinth.",,medium
70-ub-05,70-UB-05,Utility shelter 05 (sanitary WWT),shelter,Process & Utility,Area_Process & Utility,897.9,278.9,245278.23,3179503.49,101.29,6.88,108.17,cloud,yes,Plot Plan for Process & Utility,"Row of 7 bays with corner columns; label pair 70-A-0015 / 70-UB-05 above it.; Defaults: bay, beam_d, column, roof_overhang, roof_t, slab_t.",plan_offset,medium
70-a-0015,70-A-0015,Sanitary waste water treatment package,package,Process & Utility,Area_Process & Utility,901.75,278.9,245281.89,3179502.3,101.37,6.72,108.09,cloud,yes,Plot Plan for Process & Utility,"6 walled cells with tank units under 70-UB-05; assignment from label pairing (70-A-0015 over 70-UB-05), no leader.; Defaults: colour.",plan_offset,low
70-ub-07,70-UB-07,Utility shelter 07 (AOC water treatment),shelter,Process & Utility,Area_Process & Utility,939.2,272.55,245315.54,3179484.69,101.35,2.77,104.12,cloud,yes,Plot Plan for Process & Utility,"Dashed roof outline with corner columns; tag from label pair 70-A-0014 / 70-UB-07 (no leader).; Defaults: bay, beam_d, column, roof_overhang, roof_t, slab_t.",plan_offset,low
70-a-0014,70-A-0014,AOC water treatment package,package,Process & Utility,Area_Process & Utility,934.0,275.0,245311.36,3179488.62,99.88,4.28,104.16,cloud,yes,Plot Plan for Process & Utility,"Placed on the equipment under 70-UB-07; label has no leader, extent uncertain (may include lower slab equipment).; Defaults: colour.",,low
70-ub-06,70-UB-06,Utility shelter 06 (neutralization),shelter,Process & Utility,Area_Process & Utility,960.45,274.85,245336.47,3179480.31,101.49,13.11,114.6,cloud,yes,Plot Plan for Process & Utility,"Label 50-A-0004 / 70-UB-06 directly below.; Defaults: bay, beam_d, column, roof_overhang, roof_t, slab_t.",plan_offset,high
50-a-0004,50-A-0004,Neutralization package,package,Process & Utility,Area_Process & Utility,960.45,274.85,245336.47,3179480.31,101.54,13.12,114.66,cloud,yes,Plot Plan for Process & Utility,"Package envelope (low skid) inside 70-UB-06; tank V-01, agitator M-01, pumps P-01A~C are own items.; Defaults: colour.",,medium
50-a-0004-v-01,50-A-0004-V-01,Neutralization tank,storage_tank_small,Process & Utility,Area_Process & Utility,957.9,274.6,245333.96,3179480.86,101.56,12.77,114.33,cloud,yes,Plot Plan for Process & Utility,"Round agitated tank in 70-UB-06; individual tag not written, inferred from equipment list.; Defaults: bund_h_m, form, handrail, ladder, roof, roof_slope.",,medium
50-a-0004-m-01,50-A-0004-M-01,Neutralization tank agitator,other,Process & Utility,Area_Process & Utility,957.9,274.6,245333.96,3179480.86,101.57,12.88,114.45,cloud,yes,Plot Plan for Process & Utility,Agitator drive on V-01 roof (centre mark on tank).,,low
50-a-0004-p-01a-c,50-A-0004-P-01A~C,Neutralization pumps A/B/C,pump_group,Process & Utility,Area_Process & Utility,962.8,274.45,245338.58,3179479.2,101.57,13.21,114.78,cloud,yes,Plot Plan for Process & Utility,"Equipment skid E of tank, read as pump skid; individual pumps not distinguishable at 1:1000.; Defaults: pitch_m.",,low
70-p-0004a,70-P-0004A,Main fire water jockey pump A,pump,Process & Utility,Area_Process & Utility,918.5,208.0,245275.91,3179429.69,100.0,1.5,101.5,indicative,yes,Plot Plan for Process & Utility,"Placed at the end of the label leader (E918.5 N~209); no pump symbol is drawn there on this sheet.; Defaults: driver, plinth.",,low
70-p-0004b,70-P-0004B,Main fire water jockey pump B,pump,Process & Utility,Area_Process & Utility,916.5,208.0,245274.01,3179430.31,100.0,1.5,101.5,indicative,yes,Plot Plan for Process & Utility,"Placed at the end of the label leader (E916.5 N~209); no pump symbol is drawn there on this sheet.; Defaults: driver, plinth.",,low
20-t-0001,20-T-0001,LNG Storage Tank 1,tank_lng,Tank,Area_Tank,1300.8,550.7,245745.4,3179637.49,97.83,69.6,167.43,cloud,yes,Plot Plan for Tank Area · p1,"93500 OD outer concrete wall, 96500 dia base slab (dimensioned). Centre at cross of tank centre lines. 51240 clear between outer walls of T-0001 and T-0002. Roof platforms, walkway and personnel elevator are separate items. Height indicative (none stated).; Defaults: dome_rise_m, riser_od_m, risers_bearing_deg, roof_handrail, slab_t_m, wall_t_m.",,high
20-t-0002,20-T-0002,LNG Storage Tank 2,tank_lng,Tank,Area_Tank,1446.4,550.7,245883.87,3179592.5,97.74,69.62,167.36,cloud,yes,Plot Plan for Tank Area · p1,"93500 OD outer concrete wall, 96500 dia base slab. Centre at cross of tank centre lines. Roof platforms, walkway and elevator are separate items. Height indicative.; Defaults: dome_rise_m, riser_od_m, risers_bearing_deg, roof_handrail, slab_t_m, wall_t_m.",,high
20-p-0001a,20-P-0001A,LP LNG in-tank pump A (T-0001),pump,Tank,Area_Tank,1327.0,518.1,245760.24,3179598.39,127.06,37.18,164.24,cloud,yes,Plot Plan for Tank Area · p1,"Pump column head on pump platform; A/B/C assignment by leader order (A = southwest-most). A fourth (FUTURE) column at E1339.8 N535.9.; Defaults: driver, plinth.",,medium
20-p-0001b,20-P-0001B,LP LNG in-tank pump B (T-0001),pump,Tank,Area_Tank,1331.8,522.6,245766.2,3179601.19,127.25,36.65,163.9,cloud,yes,Plot Plan for Tank Area · p1,"Pump column head on pump platform.; Defaults: driver, plinth.",,medium
20-p-0001c,20-P-0001C,LP LNG in-tank pump C (T-0001),pump,Tank,Area_Tank,1336.9,529.7,245773.24,3179606.36,131.38,40.44,171.82,cloud,yes,Plot Plan for Tank Area · p1,"Pump column head on pump platform.; Defaults: driver, plinth.",,medium
20-a-0011,20-A-0011,Jib crane on T-0001 pump platform,crane,Tank,Area_Tank,1337.3,525.4,245772.29,3179602.15,118.48,44.21,162.69,cloud,yes,Plot Plan for Tank Area · p1,Mast circle with ~14 m coverage circle over the pump columns.; Defaults: boom_up_deg.,,high
20-a-0012,20-A-0012,Jib crane at T-0001 north roof edge,crane,Tank,Area_Tank,1309.9,594.1,245767.46,3179675.95,112.21,45.58,157.79,cloud,yes,Plot Plan for Tank Area · p1,Serves 20-DCP-001 and the laydown area north of the tank.; Defaults: boom_up_deg.,,high
20-a-0013,20-A-0013,Personnel elevator T-0001,stair_tower,Tank,Area_Tank,1348.9,544.2,245789.13,3179616.44,103.71,58.95,162.66,cloud,yes,Plot Plan for Tank Area · p1,"Elevator shaft (X box) at east side of tank on concrete pad on the base slab edge; modelled as tower to roof level.; Defaults: base_slab, column_section_m, flight_rise_m, landing_m.",plan_offset,medium
20-dcp-001,20-DCP-001,Dry chemical package T-0001,package,Tank,Area_Tank,1307.1,590.4,245763.66,3179673.3,145.46,2.96,148.42,cloud,yes,Plot Plan for Tank Area · p1,On the roof safety platform.,,medium
20-dcp-002,20-DCP-002,Dry chemical package T-0002,package,Tank,Area_Tank,1452.8,590.5,245902.26,3179628.37,145.03,3.28,148.31,cloud,yes,Plot Plan for Tank Area · p1,On the roof safety platform.,,medium
20-p-0002a,20-P-0002A,LP LNG in-tank pump A (T-0002),pump,Tank,Area_Tank,1472.8,518.4,245899.0,3179553.62,127.57,36.33,163.9,cloud,yes,Plot Plan for Tank Area · p1,"A/B/C by leader order; FUTURE column at E1485.6 N535.9.; Defaults: driver, plinth.",,medium
20-p-0002b,20-P-0002B,LP LNG in-tank pump B (T-0002),pump,Tank,Area_Tank,1477.7,522.7,245904.99,3179556.2,128.78,33.93,162.71,cloud,yes,Plot Plan for Tank Area · p1,"Defaults: driver, plinth.",,medium
20-p-0002c,20-P-0002C,LP LNG in-tank pump C (T-0002),pump,Tank,Area_Tank,1482.7,530.0,245912.0,3179561.6,132.17,39.21,171.38,cloud,yes,Plot Plan for Tank Area · p1,"Defaults: driver, plinth.",,medium
20-a-0021,20-A-0021,Jib crane on T-0002 pump platform,crane,Tank,Area_Tank,1483.1,525.6,245911.02,3179557.29,118.61,42.78,161.39,cloud,yes,Plot Plan for Tank Area · p1,Tag label partly cut at region edge ('20-' visible); position by symmetry with 20-A-0011 and leader.; Defaults: boom_up_deg.,,medium
20-a-0022,20-A-0022,Jib crane at T-0002 north roof edge,crane,Tank,Area_Tank,1455.5,594.3,245906.0,3179631.15,112.52,45.21,157.73,cloud,yes,Plot Plan for Tank Area · p1,Defaults: boom_up_deg.,,high
20-a-0023,20-A-0023,Personnel elevator T-0002,stair_tower,Tank,Area_Tank,1495.0,544.4,245928.15,3179571.49,102.28,61.06,163.34,cloud,yes,Plot Plan for Tank Area · p1,"Tag label beyond region edge; position by symmetry with 20-A-0013 (X-box shaft visible).; Defaults: base_slab, column_section_m, flight_rise_m, landing_m.",plan_offset,medium
20-hef-001,20-HEF-001,High expansion foam package,package,Tank,Area_Tank,1348.7,496.4,245774.17,3179571.05,98.09,3.41,101.5,cloud,yes,Plot Plan for Tank Area · p1,"Rect with tank symbol west of the impound basin, north of ring road.",,high
20-tc-05,20-TC-05,LNG spill impounding basin,basin,Tank,Area_Tank,1373.45,504.6,245800.25,3179571.2,96.5,4.0,100.5,indicative,yes,Plot Plan for Tank Area · p1,"Concrete basin between the tanks fed by spill trenches from both sides; R6000 dashed circle around it. Depth not stated.; Defaults: floor_t, freeboard, kerb_h, wall_t.",,medium
20-heg-001,20-HEG-001,High expansion foam generator (basin),package,Tank,Area_Tank,1371.6,507.0,245799.23,3179574.05,94.52,5.18,99.7,cloud,yes,Plot Plan for Tank Area · p1,Small box at NW corner of basin 20-TC-05; leader assignment HEG vs P-0009 by label order.,,medium
20-p-0009,20-P-0009,Impound basin sump pump,pump,Tank,Area_Tank,1372.5,504.2,245799.22,3179571.11,94.24,4.55,98.79,cloud,yes,Plot Plan for Tank Area · p1,"Circle-cross symbol inside basin.; Defaults: driver, plinth.",,medium
20-t-0003,20-T-0003,LNG Storage Tank 3,tank_lng,Tank,Area_Tank,1592.5,550.9,246022.88,3179547.54,97.49,69.64,167.13,cloud,yes,Plot Plan for Tank Area · p1,"93500 OD outer concrete wall, 96500 base slab (drawing text). Centre from tank centrelines/base slab circle. Roof platforms (safety N, instrument E, pump SE, flare SW, unloading S) and walking platform (NW->SE) drawn as untagged labels; builder defaults used. Dome crown height indicative.; Defaults: dome_rise_m, riser_od_m, risers_bearing_deg, roof_handrail, roof_platforms, slab_t_m, stair_tower_bearing_deg, walkway, wall_t_m.",,high
20-t-0004,20-T-0004,LNG Storage Tank 4,tank_lng,Tank,Area_Tank,1738.5,550.8,246161.71,3179502.33,97.09,69.12,166.21,cloud,yes,Plot Plan for Tank Area · p1,"93500 OD outer concrete wall, 96500 base slab. Layout identical to 20-T-0003, offset 146 m east. Roof platforms per builder defaults.; Defaults: dome_rise_m, riser_od_m, risers_bearing_deg, roof_handrail, roof_platforms, slab_t_m, stair_tower_bearing_deg, walkway, wall_t_m.",,high
20-p-0003a,20-P-0003A,LP LNG Pump 3A (tank roof),pump,Tank,Area_Tank,1618.8,518.1,246037.76,3179508.22,126.05,36.25,162.3,cloud,yes,Plot Plan for Tank Area · p1,"Roof pump well on pump platform; leader-to-well assignment assumed non-crossing (A = SW-most well).; Defaults: driver, plinth.",,medium
20-p-0003b,20-P-0003B,LP LNG Pump 3B (tank roof),pump,Tank,Area_Tank,1623.6,522.6,246043.72,3179511.02,126.53,36.01,162.54,cloud,yes,Plot Plan for Tank Area · p1,"Roof pump well; leader assignment assumed.; Defaults: driver, plinth.",,medium
20-p-0003c,20-P-0003C,LP LNG Pump 3C (tank roof),pump,Tank,Area_Tank,1628.8,529.7,246050.86,3179516.16,126.94,44.06,171.0,cloud,yes,Plot Plan for Tank Area · p1,"Roof pump well; leader assignment assumed. A fourth (FUTURE) well at ~E1631.6 N535.7 not modelled.; Defaults: driver, plinth.",,medium
20-p-0004a,20-P-0004A,LP LNG Pump 4A (tank roof),pump,Tank,Area_Tank,1764.8,518.1,246176.62,3179463.11,124.74,36.79,161.53,cloud,yes,Plot Plan for Tank Area · p1,"Roof pump well; leader assignment assumed as tank 3.; Defaults: driver, plinth.",,medium
20-p-0004b,20-P-0004B,LP LNG Pump 4B (tank roof),pump,Tank,Area_Tank,1769.6,522.6,246182.57,3179465.9,125.7,35.0,160.7,cloud,yes,Plot Plan for Tank Area · p1,"Roof pump well; leader assignment assumed.; Defaults: driver, plinth.",,medium
20-p-0004c,20-P-0004C,LP LNG Pump 4C (tank roof),pump,Tank,Area_Tank,1774.8,529.7,246189.71,3179471.05,125.25,44.37,169.62,cloud,yes,Plot Plan for Tank Area · p1,"Roof pump well; FUTURE well at ~E1777.6 N535.7 not modelled.; Defaults: driver, plinth.",,medium
20-a-0031,20-A-0031,Pump Platform Jib Crane T-3,crane,Tank,Area_Tank,1629.3,525.5,246050.03,3179512.02,116.11,45.01,161.12,cloud,yes,Plot Plan for Tank Area · p1,Mast at centre of drawn ~14 m reach circle covering the pump wells.; Defaults: boom_up_deg.,,high
20-a-0032,20-A-0032,Safety Platform Jib Crane T-3,crane,Tank,Area_Tank,1601.7,594.1,246044.98,3179585.79,112.3,45.15,157.45,cloud,yes,Plot Plan for Tank Area · p1,Mast on north roof (safety platform) with ~9 m reach circle.; Defaults: boom_up_deg.,,high
20-a-0041,20-A-0041,Pump Platform Jib Crane T-4,crane,Tank,Area_Tank,1775.2,525.6,246188.82,3179467.03,116.01,52.31,168.32,cloud,yes,Plot Plan for Tank Area · p1,Label text cut at page edge (outside package); position mirrors 20-A-0031 at tank 4.; Defaults: boom_up_deg.,,medium
20-a-0042,20-A-0042,Safety Platform Jib Crane T-4,crane,Tank,Area_Tank,1747.5,594.3,246183.71,3179540.92,110.6,46.74,157.34,cloud,yes,Plot Plan for Tank Area · p1,Defaults: boom_up_deg.,,high
20-a-0033,20-A-0033,Personnel Elevator T-3,other,Tank,Area_Tank,1640.7,544.4,246066.72,3179526.47,102.11,60.99,163.1,cloud,yes,Plot Plan for Tank Area · p1,Elevator shaft (X box) on concrete pad (~7x9 m) outside east wall; runs to roof level.,plan_offset,medium
20-a-0043,20-A-0043,Personnel Elevator T-4,other,Tank,Area_Tank,1786.8,544.6,246205.73,3179481.51,101.5,62.44,163.94,cloud,yes,Plot Plan for Tank Area · p1,Label outside package edge; position mirrors 20-A-0033.,plan_offset,medium
20-dcp-003,20-DCP-003,Dry Chemical Powder Package T-3 (roof),package,Tank,Area_Tank,1599.0,590.6,246041.33,3179583.29,144.08,6.86,150.94,cloud,yes,Plot Plan for Tank Area · p1,Defaults: style.,,high
20-dcp-004,20-DCP-004,Dry Chemical Powder Package T-4 (roof),package,Tank,Area_Tank,1745.0,590.6,246180.19,3179538.18,143.03,12.04,155.07,cloud,yes,Plot Plan for Tank Area · p1,Defaults: style.,,high
20-hef-002,20-HEF-002,Foam Package,package,Tank,Area_Tank,1640.8,496.4,246051.98,3179480.79,97.67,3.45,101.12,cloud,yes,Plot Plan for Tank Area · p1,Defaults: style.,plan_offset,high
20-tc-06,20-TC-06,Impound Basin,basin,Tank,Area_Tank,1666.2,506.0,246079.1,3179482.07,97.0,3.3,100.3,indicative,yes,Plot Plan for Tank Area · p1,"Double-line basin outline with adjoining concrete pad to SW; R6000 circle drawn around it. Depth indicative.; Defaults: floor_t, freeboard, kerb_h, wall_t.",,medium
20-p-0010,20-P-0010,Impound Basin Pump,pump,Tank,Area_Tank,1664.5,504.4,246076.99,3179481.07,93.9,4.31,98.21,cloud,yes,Plot Plan for Tank Area · p1,"Defaults: driver, plinth.",,medium
20-heg-002,20-HEG-002,Foam Generator,package,Tank,Area_Tank,1663.8,506.4,246076.94,3179483.19,94.0,3.9,97.9,cloud,yes,Plot Plan for Tank Area · p1,Small box at W edge of impound basin.,,medium
20-t-0005,20-T-0005,LNG storage tank 5,tank_lng,Tank,Area_Tank,1300.2,367.8,245688.31,3179463.73,101.03,70.46,171.49,cloud,yes,Plot Plan for Tank Area · p1,"93500 OD outer concrete wall, 96500 dia base slab (drawing). Centre from tank centrelines. Roof platforms (pump, flare, unloading, instrument, safety) and walking platform per standard layout (defaults). Personnel elevator 20-A-0053 is a separate item; no separate stair tower seen.; Defaults: dome_rise_m, riser_od_m, risers_bearing_deg, roof_handrail, roof_platforms, slab_t_m, walkway, wall_t_m.",plan_offset,high
20-t-0006,20-T-0006,LNG storage tank 6,tank_lng,Tank,Area_Tank,1446.4,367.8,245827.36,3179418.55,100.87,70.79,171.66,cloud,yes,Plot Plan for Tank Area · p1,"93500 OD outer wall, 96500 base slab. 51240 clear between base slabs per drawing (scan measures ~146.2 m centre spacing vs 147.74 implied). Roof platforms per standard layout (defaults).; Defaults: dome_rise_m, riser_od_m, risers_bearing_deg, roof_handrail, roof_platforms, slab_t_m, walkway, wall_t_m.",plan_offset,high
20-p-0005a,20-P-0005A,LP LNG in-tank pump 5A,pump,Tank,Area_Tank,1274.1,400.4,245673.56,3179502.8,148.32,16.54,164.86,cloud,yes,Plot Plan for Tank Area · p1,Pump column head on roof pump platform. A/B/C assignment from leader order (A furthest NE).; Defaults: driver.,,medium
20-p-0005b,20-P-0005B,LP LNG in-tank pump 5B,pump,Tank,Area_Tank,1269.2,395.9,245667.51,3179500.03,147.68,27.44,175.12,cloud,yes,Plot Plan for Tank Area · p1,Roof pump platform.; Defaults: driver.,,medium
20-p-0005c,20-P-0005C,LP LNG in-tank pump 5C,pump,Tank,Area_Tank,1264.1,388.7,245660.43,3179494.76,140.96,24.29,165.25,cloud,yes,Plot Plan for Tank Area · p1,"Roof pump platform. A fourth pump column (FUTURE, untagged) at ~E1261.3 N382.8 not modelled.; Defaults: driver.",,medium
20-p-0006a,20-P-0006A,LP LNG in-tank pump 6A,pump,Tank,Area_Tank,1420.3,400.4,245812.61,3179457.62,149.08,16.08,165.16,cloud,yes,Plot Plan for Tank Area · p1,Roof pump platform; A/B/C by leader order.; Defaults: driver.,,medium
20-p-0006b,20-P-0006B,LP LNG in-tank pump 6B,pump,Tank,Area_Tank,1415.4,395.9,245806.56,3179454.85,148.4,26.68,175.08,cloud,yes,Plot Plan for Tank Area · p1,Defaults: driver.,,medium
20-p-0006c,20-P-0006C,LP LNG in-tank pump 6C,pump,Tank,Area_Tank,1410.3,388.7,245799.48,3179449.58,146.93,18.03,164.96,cloud,yes,Plot Plan for Tank Area · p1,FUTURE pump column at ~E1407.5 N382.8 not modelled.; Defaults: driver.,,medium
20-a-0051,20-A-0051,Pump platform jib crane (T-5),crane,Tank,Area_Tank,1263.7,393.2,245661.44,3179499.16,126.57,37.32,163.89,cloud,yes,Plot Plan for Tank Area · p1,Mast circle on pump platform; slewing circle drawn ~11 m radius covering pump heads.; Defaults: boom_up_deg.,,high
20-a-0061,20-A-0061,Pump platform jib crane (T-6),crane,Tank,Area_Tank,1409.7,393.1,245800.27,3179453.95,128.07,35.72,163.79,cloud,yes,Plot Plan for Tank Area · p1,Defaults: boom_up_deg.,,high
20-a-0052,20-A-0052,Safety platform jib crane (T-5),crane,Tank,Area_Tank,1291.5,324.4,245666.63,3179425.14,110.4,37.84,148.24,cloud,yes,Plot Plan for Tank Area · p1,"At roof edge by safety platform, over the south laydown area.; Defaults: boom_up_deg.",,high
20-a-0062,20-A-0062,Safety platform jib crane (T-6),crane,Tank,Area_Tank,1437.7,324.4,245805.67,3179379.96,111.04,36.79,147.83,cloud,yes,Plot Plan for Tank Area · p1,Defaults: boom_up_deg.,,high
20-dcp-005,20-DCP-005,Dry chemical powder package (T-5 roof),package,Tank,Area_Tank,1294.1,328.0,245670.21,3179427.76,114.99,47.53,162.52,cloud,yes,Plot Plan for Tank Area · p1,On safety platform at south roof edge.,,high
20-dcp-006,20-DCP-006,Dry chemical powder package (T-6 roof),package,Tank,Area_Tank,1440.2,328.1,245809.19,3179382.71,115.98,46.31,162.29,cloud,yes,Plot Plan for Tank Area · p1,,,high
20-a-0053,20-A-0053,Personnel elevator (T-5),other,Tank,Area_Tank,1252.4,374.3,245644.86,3179484.68,107.09,59.22,166.31,cloud,yes,Plot Plan for Tank Area · p1,"Elevator shaft box (X symbol) at west wall beside a ~7x8 m concrete pad, serving the instrument/pump platforms.",plan_offset,high
20-a-0063,20-A-0063,Personnel elevator (T-6),other,Tank,Area_Tank,1398.4,374.4,245783.74,3179439.66,107.33,58.63,165.96,cloud,yes,Plot Plan for Tank Area · p1,,plan_offset,high
20-hef-003,20-HEF-003,High expansion foam package,package,Tank,Area_Tank,1399.5,422.4,245799.62,3179484.97,99.35,3.36,102.71,cloud,yes,Plot Plan for Tank Area · p1,,plan_offset,high
20-tc-07,20-TC-07,LNG spill impound basin,basin,Tank,Area_Tank,1374.7,415.2,245773.81,3179485.79,96.5,3.8,100.3,indicative,yes,Plot Plan for Tank Area · p1,"Concrete basin on the spill trench between tanks; R6000 dashed circle around it (hazard/coverage radius).; Defaults: floor_t, freeboard, wall_t.",,medium
20-p-0011,20-P-0011,Impound basin sump pump,pump,Tank,Area_Tank,1375.7,415.0,245774.7,3179485.29,96.13,3.78,99.91,cloud,yes,Plot Plan for Tank Area · p1,Defaults: driver.,,high
20-heg-003,20-HEG-003,High expansion foam generator,package,Tank,Area_Tank,1377.0,413.5,245775.47,3179483.46,96.05,5.41,101.46,cloud,yes,Plot Plan for Tank Area · p1,Leader ends on east side of basin 20-TC-07; exact symbol unclear in scan.,,low
20-t-0007,20-T-0007,LNG storage tank 7,tank_lng,Tank,Area_Tank,1592.4,367.8,245966.21,3179373.44,100.6,70.97,171.57,cloud,yes,Plot Plan for Tank Area · p1,"93500 OD outer concrete wall, 96500 dia base slab (drawing). Centre from tank centrelines. Roof platform positions traced from plan; deck heights indicative. Ladder at 205 deg noted on drawing; no stair tower drawn (personnel elevator 20-A-0073 separate).; Defaults: dome_rise_m, riser_od_m, roof_handrail, slab_t_m, wall_t_m.",,high
20-t-0008,20-T-0008,LNG storage tank 8,tank_lng,Tank,Area_Tank,1738.4,367.9,246105.1,3179328.42,100.05,71.0,171.05,cloud,yes,Plot Plan for Tank Area · p1,"93500 OD outer concrete wall, 96500 dia base slab (drawing). Layout identical to 20-T-0007 offset ~146 m east. Deck heights indicative.; Defaults: dome_rise_m, riser_od_m, roof_handrail, slab_t_m, wall_t_m.",,high
20-p-0007a,20-P-0007A,LP LNG in-tank pump A (pump column head),pump,Tank,Area_Tank,1566.1,400.3,245951.24,3179412.47,148.02,17.05,165.07,cloud,yes,Plot Plan for Tank Area · p1,"On tank roof pump platform. Leader-to-circle assignment A/B/C assumed non-crossing (labels FUTURE, C, B, A left to right).; Defaults: driver.",,medium
20-p-0007b,20-P-0007B,LP LNG in-tank pump B (pump column head),pump,Tank,Area_Tank,1561.3,395.9,245945.32,3179409.77,148.28,26.51,174.79,cloud,yes,Plot Plan for Tank Area · p1,On tank roof pump platform; leader assignment assumed.; Defaults: driver.,,medium
20-p-0007c,20-P-0007C,LP LNG in-tank pump C (pump column head),pump,Tank,Area_Tank,1556.1,388.7,245938.14,3179404.53,147.05,17.52,164.57,cloud,yes,Plot Plan for Tank Area · p1,On tank roof pump platform; leader assignment assumed. Fourth (FUTURE) pump well at ~E1553.3 N382.7 not modelled.; Defaults: driver.,,medium
20-p-0008a,20-P-0008A,LP LNG in-tank pump A (pump column head),pump,Tank,Area_Tank,1711.8,400.5,246089.87,3179367.64,147.04,17.53,164.57,cloud,yes,Plot Plan for Tank Area · p1,On tank roof pump platform; leader assignment assumed.; Defaults: driver.,,medium
20-p-0008b,20-P-0008B,LP LNG in-tank pump B (pump column head),pump,Tank,Area_Tank,1707.2,396.0,246084.11,3179364.78,147.17,27.35,174.52,cloud,yes,Plot Plan for Tank Area · p1,On tank roof pump platform; leader assignment assumed.; Defaults: driver.,,medium
20-p-0008c,20-P-0008C,LP LNG in-tank pump C (pump column head),pump,Tank,Area_Tank,1702.0,388.9,246076.97,3179359.64,146.27,18.15,164.42,cloud,yes,Plot Plan for Tank Area · p1,On tank roof pump platform; leader assignment assumed. FUTURE pump well at ~E1699.1 N382.9 not modelled.; Defaults: driver.,,medium
20-a-0071,20-A-0071,Pump platform jib crane,crane,Tank,Area_Tank,1555.6,393.1,245939.03,3179408.87,130.29,33.39,163.68,cloud,yes,Plot Plan for Tank Area · p1,Tank roof jib crane at pump platform.; Defaults: boom_up_deg.,,high
20-a-0081,20-A-0081,Pump platform jib crane,crane,Tank,Area_Tank,1701.3,393.1,246077.6,3179363.85,128.6,34.91,163.51,cloud,yes,Plot Plan for Tank Area · p1,Tank roof jib crane at pump platform.; Defaults: boom_up_deg.,,high
20-a-0072,20-A-0072,Safety platform jib crane,crane,Tank,Area_Tank,1583.2,324.5,245944.08,3179335.1,111.61,35.86,147.47,cloud,yes,Plot Plan for Tank Area · p1,"Leader assignment DCP=box, crane=circle assumed (leaders cross near the target).; Defaults: boom_up_deg.",,medium
20-a-0082,20-A-0082,Safety platform jib crane,crane,Tank,Area_Tank,1729.2,324.5,246082.94,3179289.98,111.16,50.92,162.08,cloud,yes,Plot Plan for Tank Area · p1,"Leader assignment DCP=box, crane=circle assumed.; Defaults: boom_up_deg.",,medium
20-dcp-007,20-DCP-007,Dry chemical powder package (tank roof),package,Tank,Area_Tank,1585.9,328.1,245947.76,3179337.69,115.87,46.08,161.95,cloud,yes,Plot Plan for Tank Area · p1,On safety platform.,,medium
20-dcp-008,20-DCP-008,Dry chemical powder package (tank roof),package,Tank,Area_Tank,1731.9,328.1,246086.62,3179292.57,116.78,44.66,161.44,cloud,yes,Plot Plan for Tank Area · p1,On safety platform.,,medium
20-a-0073,20-A-0073,"Personnel elevator, tank 7",other,Tank,Area_Tank,1544.1,373.9,245922.16,3179394.16,105.72,59.93,165.65,cloud,yes,Plot Plan for Tank Area · p1,Elevator shaft (crossed rect) outside tank wall at bearing ~277; concrete pad ~7x8 m to its west at ~E1541.3 N376.5.,plan_offset,high
20-a-0083,20-A-0083,"Personnel elevator, tank 8",other,Tank,Area_Tank,1690.0,374.0,246060.95,3179349.17,104.41,59.17,163.58,cloud,yes,Plot Plan for Tank Area · p1,Elevator shaft outside tank wall at bearing ~277; concrete pad to its west.,,high
20-tc-08,20-TC-08,LNG spill impound basin,basin,Tank,Area_Tank,1666.75,416.4,246051.94,3179396.68,97.0,3.3,100.3,indicative,yes,Plot Plan for Tank Area · p1,"R6000 dashed circle drawn round the basin. Depth indicative.; Defaults: floor_t, freeboard, kerb_h, wall_t.",,high
20-p-0012,20-P-0012,Impound basin sump pump,pump,Tank,Area_Tank,1667.6,414.6,246052.19,3179394.71,95.88,4.71,100.59,cloud,yes,Plot Plan for Tank Area · p1,Defaults: driver.,,high
20-heg-004,20-HEG-004,High expansion foam generator (impound basin),package,Tank,Area_Tank,1668.7,413.0,246052.74,3179392.85,96.09,3.1,99.19,cloud,yes,Plot Plan for Tank Area · p1,On east side of 20-TC-08.,,high
20-hef-004,20-HEF-004,High expansion foam package,package,Tank,Area_Tank,1691.4,422.7,246077.33,3179395.06,98.82,3.38,102.2,cloud,yes,Plot Plan for Tank Area · p1,,plan_offset,high
20-ss-02,20-SS-02,Satellite substation,substation,Tank,Area_Tank,1879.96,638.9,246323.47,3179542.41,96.97,23.83,120.8,cloud,yes,Plot Plan for Tank Area · p1,"Elevated building with column grid, external stairs at NW and SW corners. FG EL 102.500 noted nearby; height indicative. Southern extension E1879.6-1886.3 N618.4-627.3 included.; Defaults: door_h, door_w, hvac, parapet_h, parapet_t, plinth_h, roof_overhang, roof_t, sill_h, storey_h, window_h, windows.",,high
20-a-0009-g-01,20-A-0009-G-01,Main emergency power generator,generator,Tank,Area_Tank,1874.1,662.55,246325.2,3179566.71,96.4,7.8,104.2,cloud,yes,Plot Plan for Tank Area · p1,"Containerised generator, E-W axis, radiator at east end.",plan_offset,high
20-a-0009-v-01,20-A-0009-V-01,Diesel tank for emergency generator,storage_tank_small,Tank,Area_Tank,1866.6,669.3,246320.16,3179575.45,96.17,3.98,100.15,cloud,yes,Plot Plan for Tank Area · p1,"Leader from label to skid NW of generator.; Defaults: bund_h_m, handrail, ladder, roof, roof_slope.",,medium
20-a-0009-l-01,20-A-0009-L-01,Load bank for emergency generator,package,Tank,Area_Tank,1872.85,668.8,246325.94,3179573.05,96.16,3.18,99.34,cloud,yes,Plot Plan for Tank Area · p1,Defaults: colour.,,high
10-b-15,10-B-15,Trestle gate house,building,Tank,Area_Tank,1903.0,559.55,246320.86,3179459.83,98.02,5.79,103.81,cloud,yes,Plot Plan for Tank Area · p1,"Grade assumed FG EL 102.5 (marker ~15 m NW).; Defaults: door_h, door_w, doors, hvac, parapet_h, parapet_t, plinth_h, roof_overhang, roof_t, sill_h, storey_h, window_h, windows.",,high
70-v-1002c,70-V-1002C,Instrument air receiver,vessel_v,Tank,Area_Tank,1888.0,504.6,246289.62,3179412.2,96.78,23.8,120.58,cloud,yes,Plot Plan for Tank Area · p1,"Circle inside octagonal foundation on 8 m square pad; D 4.9 as drawn.; Defaults: d_m, head, insulated, ladder, nozzles, skirt_h_m, top_platform.",plan_offset,high
60-v-0001b,60-V-0001B,Flare KO drum B,vessel_h,Tank,Area_Tank,1881.45,456.95,246268.66,3179368.91,97.77,8.43,106.2,cloud,yes,Plot Plan for Tank Area · p1,"West drum; A/B assignment from label order (B label west of A, no leaders).; Defaults: head, insulated, nozzles, saddle_h_m.",plan_offset,medium
60-v-0001a,60-V-0001A,Flare KO drum A,vessel_h,Tank,Area_Tank,1904.65,456.95,246290.73,3179361.74,97.65,8.31,105.96,cloud,yes,Plot Plan for Tank Area · p1,"East drum; A/B assignment from label order.; Defaults: head, insulated, nozzles, saddle_h_m.",plan_offset,medium
80-b-01,80-B-01,Fire station,building,Building,Area_Building,823.35,620.05,245312.74,3179850.98,95.01,15.53,110.54,cloud,yes,Plot Plan for Building Area · p1,"Rooms block of fire station; apparatus apron south traced separately.; Defaults: door_h, door_w, doors, hvac, parapet_h, parapet_t, plinth_h, roof_overhang, roof_t, sill_h, storey_h, window_h, windows.",plan_offset,medium
80-b-07,80-B-07,"Warehouse, workshop & laboratory",building,Building,Area_Building,809.25,544.55,245276.0,3179783.53,96.09,14.99,111.08,cloud,yes,Plot Plan for Building Area · p1,"Defaults: door_h, door_w, doors, hvac, parapet_h, parapet_t, plinth_h, roof_overhang, roof_t, sill_h, storey_h, window_h, windows.",plan_offset,high
80-xc-0001,80-XC-0001,Overhead crane for workshop,other,Building,Area_Building,796.8,550.0,245265.85,3179792.56,96.49,14.19,110.68,cloud,yes,Plot Plan for Building Area · p1,"Overhead bridge crane inside west hall of 80-B-07 (E 789.3-804.3, N 510-563.7); modelled as bridge girder; exact bay and rail level not shown.",plan_offset,low
80-xc-0002,80-XC-0002,Overhead crane for warehouse,other,Building,Area_Building,796.8,525.0,245258.12,3179768.78,98.83,12.63,111.46,cloud,yes,Plot Plan for Building Area · p1,"Overhead bridge crane, tag beside 80-XC-0001 in west hall of 80-B-07; position along hall assumed.",plan_offset,low
80-b-10,80-B-10,M&O building,building,Building,Area_Building,812.95,487.05,245261.75,3179727.7,97.49,10.11,107.6,cloud,yes,Plot Plan for Building Area · p1,"Defaults: door_h, door_w, doors, hvac, parapet_h, parapet_t, plinth_h, roof_overhang, roof_t, sill_h, storey_h, window_h, windows.",plan_offset,high
80-b-06,80-B-06,Control building,building,Building,Area_Building,832.98,427.08,245262.27,3179664.47,98.93,12.23,111.16,cloud,yes,Plot Plan for Building Area · p1,"Extends east beyond E 855 match line to ~E 885.5.; Defaults: door_h, door_w, doors, hvac, parapet_h, parapet_t, plinth_h, roof_overhang, roof_t, sill_h, storey_h, window_h, windows.",plan_offset,high
70-tc-0002,70-TC-0002,Chemical contaminated water pit (hazardous),basin,Building,Area_Building,886.95,417.2,245310.55,3179638.4,97.0,3.3,100.3,indicative,yes,Plot Plan for Building Area · p1,"Rectangle with triangle symbol east of 80-B-06, tag read alongside; outside package region east of E 855.; Defaults: floor_t, freeboard, kerb_h, wall_t.",,medium
70-mis-01,70-MIS-01,Electrical substation incoming 132 kV GIS,substation,Building,Area_Building,710.45,432.8,245147.51,3179707.78,98.06,11.98,110.04,cloud,yes,Plot Plan for Building Area · p1,"Defaults: door_h, door_w, doors, hvac, parapet_h, parapet_t, plinth_h, roof_overhang, roof_t, sill_h, storey_h, window_h, windows.",plan_offset,high
80-b-02,80-B-02,Administration building,building,Building,Area_Building,709.77,501.99,245168.24,3179773.79,96.61,11.72,108.33,cloud,yes,Plot Plan for Building Area · p1,"Defaults: door_h, door_w, doors, hvac, parapet_h, parapet_t, plinth_h, roof_overhang, roof_t, sill_h, storey_h, window_h, windows.",plan_offset,high
80-b-03,80-B-03,Gate house I,building,Building,Area_Building,736.46,566.07,245213.42,3179826.49,95.44,12.3,107.74,cloud,yes,Plot Plan for Building Area · p1,"Rotated building; corner E755.852 N555.302 given on drawing.; Defaults: door_h, door_w, doors, hvac, parapet_h, parapet_t, plinth_h, roof_overhang, roof_t, sill_h, storey_h, window_h, windows.",plan_offset,medium
80-b-05,80-B-05,Gate house II,building,Building,Area_Building,756.75,377.45,245174.44,3179640.83,99.18,5.37,104.55,cloud,yes,Plot Plan for Building Area · p1,"Defaults: door_h, door_w, doors, hvac, parapet_h, parapet_t, plinth_h, roof_overhang, roof_t, sill_h, storey_h, window_h, windows.",plan_offset,medium
80-b-08,80-B-08,Parking lot for administration building,parking,Building,Area_Building,714.0,522.55,245178.62,3179792.04,100.0,0.2,100.2,indicative,yes,Plot Plan for Building Area · p1,"Defaults: markings, stall_d, stall_w.",,medium
80-b-09,80-B-09,Parking lot for staff-1,parking,Building,Area_Building,662.75,514.5,245127.39,3179800.22,100.0,0.2,100.2,indicative,yes,Plot Plan for Building Area · p1,"Defaults: markings, stall_d, stall_w.",,medium
80-b-19,80-B-19,Parking lot for staff-2,parking,Building,Area_Building,548.8,467.5,245004.49,3179790.73,97.5,0.2,97.7,indicative,yes,Plot Plan for Building Area · p1,"Angled-stall lot with bus bay; NE corner E554.564 N495.322.; Defaults: markings, stall_d, stall_w.",,medium
80-b-15,80-B-15,Parking lot for M&O building,parking,Building,Area_Building,814.0,470.15,245257.53,3179711.3,100.0,0.2,100.2,indicative,yes,Plot Plan for Building Area · p1,"Defaults: markings, stall_d, stall_w.",,medium
80-b-16,80-B-16,Parking lot for control building,parking,Building,Area_Building,845.6,399.8,245265.85,3179634.63,100.0,0.2,100.2,indicative,yes,Plot Plan for Building Area · p1,"Defaults: markings, stall_d, stall_w.",,medium
80-b-17,80-B-17,"Parking lot for warehouse, workshop & laboratory",parking,Building,Area_Building,782.35,521.15,245243.19,3179769.59,100.0,0.2,100.2,indicative,yes,Plot Plan for Building Area · p1,"Defaults: markings, stall_d, stall_w.",,medium
80-b-18,80-B-18,Parking lot for SOCC building,parking,Building,Area_Building,748.65,532.75,245214.72,3179791.03,100.0,0.2,100.2,indicative,yes,Plot Plan for Building Area · p1,"Defaults: markings, stall_d, stall_w.",,medium
10-v-0001,10-V-0001,KO drum,vessel_h,Jetty,Area_Jetty,2386.1,836.2,246865.8,3179573.66,104.83,16.94,121.77,cloud,yes,Plot Plan for Jetty Area · p1,"Rotated label 10-V-0001 beside trestle; leader runs to the capsule outline on west side of the loading platform. Size scaled from plan.; Defaults: d_m, head, insulated, nozzles, orient, saddle_h_m.",plan_offset,medium
10-z-0001a,10-Z-0001A,LNG unloading arm A,loading_arm,Jetty,Area_Jetty,2408.1,831.9,246885.4,3179562.77,105.02,15.93,120.95,cloud,yes,Plot Plan for Jetty Area · p1,"Defaults: inner_up_deg, outer_down_deg, pipe_d_m, riser_frac.",,high
10-z-0001b,10-Z-0001B,LNG unloading arm B,loading_arm,Jetty,Area_Jetty,2407.6,836.1,246886.22,3179566.92,104.96,34.36,139.32,cloud,yes,Plot Plan for Jetty Area · p1,"Defaults: inner_up_deg, outer_down_deg, pipe_d_m, riser_frac.",,high
10-z-0001c,10-Z-0001C,LNG unloading arm C,loading_arm,Jetty,Area_Jetty,2406.6,844.1,246887.74,3179574.84,105.17,22.53,127.7,cloud,yes,Plot Plan for Jetty Area · p1,"Defaults: inner_up_deg, outer_down_deg, pipe_d_m, riser_frac.",,high
10-z-0002,10-Z-0002,Vapour return arm,loading_arm,Jetty,Area_Jetty,2407.1,840.3,246887.04,3179571.07,107.19,11.9,119.09,cloud,yes,Plot Plan for Jetty Area · p1,"On manifold centre line; leader assignment between Z-0002 and the manifold centre-line note slightly ambiguous.; Defaults: inner_up_deg, outer_down_deg, pipe_d_m, riser_frac.",,medium
10-rcm-001,10-RCM-001,Elevated water monitor 1,monitor,Jetty,Area_Jetty,2408.4,828.4,246884.6,3179559.35,104.9,34.41,139.31,cloud,yes,Plot Plan for Jetty Area · p1,"Defaults: platform_m, tower.",,high
10-rcm-002,10-RCM-002,Elevated water monitor 2,monitor,Jetty,Area_Jetty,2406.2,851.9,246889.77,3179582.38,103.5,15.0,118.5,indicative,yes,Plot Plan for Jetty Area · p1,"Label overprinted with 10-LS-11B01.; Defaults: platform_m, tower.",missing_in_cloud,medium
10-ah-0001,10-AH-0001,Analyzer house,analyzer_house,Jetty,Area_Jetty,2376.1,846.0,246859.32,3179586.07,104.8,7.23,112.03,cloud,yes,Plot Plan for Jetty Area · p1,"Defaults: door_h, door_w, doors, hvac, parapet_h, parapet_t, plinth_h, roof_overhang, roof_t, sill_h, storey_h, window_h, windows.",plan_offset,medium
10-b-11,10-B-11,Jetty operator house,building,Jetty,Area_Jetty,2362.1,843.5,246845.23,3179588.02,104.68,8.48,113.16,cloud,yes,Plot Plan for Jetty Area · p1,"External stair on south side; small equipment frame on east side.; Defaults: door_h, door_w, doors, hvac, parapet_h, parapet_t, plinth_h, roof_overhang, roof_t, sill_h, storey_h, window_h, windows.",plan_offset,high
10-lop-10rcm001,10-LOP-10RCM001,Local operating panel for 10-RCM-001,package,Jetty,Area_Jetty,2359.1,804.6,246830.36,3179551.95,103.5,2.0,105.5,indicative,yes,Plot Plan for Jetty Area · p1,,,medium
10-lop-10rcm002,10-LOP-10RCM002,Local operating panel for 10-RCM-002,package,Jetty,Area_Jetty,2358.6,807.0,246830.63,3179554.38,103.5,2.0,105.5,indicative,yes,Plot Plan for Jetty Area · p1,,,medium
10-sc-d-01,10-SC-D-01,Auto sampling system,package,Jetty,Area_Jetty,2376.1,839.9,246857.44,3179580.27,104.76,8.19,112.95,cloud,yes,Plot Plan for Jetty Area · p1,Defaults: colour.,plan_offset,medium
10-hef-001,10-HEF-001,High expansion foam package,package,Jetty,Area_Jetty,2361.4,832.2,246841.08,3179577.49,104.72,6.71,111.43,cloud,yes,Plot Plan for Jetty Area · p1,,plan_offset,high
10-tc-01,10-TC-01,Impound basin,basin,Jetty,Area_Jetty,2369.0,886.3,246865.02,3179626.59,100.5,3.3,103.8,indicative,yes,Plot Plan for Jetty Area · p1,"Square basin NW of loading platform, inside R11000 circle; connected by catwalk and ditch (curb H=200).; Defaults: floor_t, freeboard, kerb_h, wall_t.",,high
10-p-0001,10-P-0001,Impound basin pump,pump,Jetty,Area_Jetty,2364.6,887.1,246861.08,3179628.71,103.5,2.0,105.5,indicative,yes,Plot Plan for Jetty Area · p1,"Leader assignment between 10-P-0001 and 10-HEG-001 at the basin is close; west corner sump assumed for the pump.; Defaults: driver, plinth.",plan_offset,medium
10-heg-001,10-HEG-001,High expansion foam generator (impound basin),package,Jetty,Area_Jetty,2367.9,887.1,246864.22,3179627.69,97.67,9.77,107.44,cloud,yes,Plot Plan for Jetty Area · p1,Interpreted as hi-ex foam generator at the basin (not a diesel generator).,,medium
10-a-0004,10-A-0004,Gangway,gangway,Jetty,Area_Jetty,2413.9,813.1,246885.11,3179543.1,97.71,23.76,121.47,cloud,yes,Plot Plan for Jetty Area · p1,"Tower on west part of BD2 at ~E2407.9 N813.7; boom length/direction assumed toward berth.; Defaults: boom_slope_deg, boom_width_m, counterweight, rung_spacing_m, tower_size_m.",,medium
10-na-11v01,10-NA-11V01,Navigation aid on MD8,nav_aid,Jetty,Area_Jetty,2356.3,1056.5,246905.54,3179792.38,103.5,6.0,109.5,indicative,yes,Plot Plan for Jetty Area · p1,Defaults: colour.,,high
10-mh-11b01,10-MH-11B01,Quick release hook on MD8,other,Jetty,Area_Jetty,2354.8,1054.8,246903.58,3179791.23,103.5,0.8,104.3,indicative,yes,Plot Plan for Jetty Area · p1,,,medium
10-mh-11b02,10-MH-11B02,Quick release hook on MD7,other,Jetty,Area_Jetty,2360.4,1001.3,246892.38,3179738.62,103.5,0.8,104.3,indicative,yes,Plot Plan for Jetty Area · p1,,missing_in_cloud,medium
10-mh-11b03,10-MH-11B03,Quick release hook on MD6,other,Jetty,Area_Jetty,2365.1,957.0,246883.16,3179695.03,94.38,7.52,101.9,cloud,yes,Plot Plan for Jetty Area · p1,,,medium
10-mh-11b04,10-MH-11B04,Quick release hook on MD5,other,Jetty,Area_Jetty,2367.9,931.4,246877.91,3179669.82,95.2,7.98,103.18,cloud,yes,Plot Plan for Jetty Area · p1,,,medium
10-mh-11b05,10-MH-11B05,Quick release hook on BD4,other,Jetty,Area_Jetty,2406.2,891.0,246901.85,3179619.56,96.36,7.13,103.49,cloud,yes,Plot Plan for Jetty Area · p1,,,medium
10-mh-11b06,10-MH-11B06,Quick release hook on BD3,other,Jetty,Area_Jetty,2408.4,864.0,246895.6,3179593.21,99.45,3.56,103.01,cloud,yes,Plot Plan for Jetty Area · p1,,,medium
10-mh-11b07,10-MH-11B07,Quick release hook on BD2,other,Jetty,Area_Jetty,2413.5,816.3,246885.71,3179546.26,97.09,7.66,104.75,cloud,yes,Plot Plan for Jetty Area · p1,,,medium
10-mh-11b08,10-MH-11B08,Quick release hook on BD1,other,Jetty,Area_Jetty,2417.5,783.4,246879.35,3179513.74,95.94,7.59,103.53,cloud,yes,Plot Plan for Jetty Area · p1,,,medium
10-mh-11b09,10-MH-11B09,Quick release hook on MD4,other,Jetty,Area_Jetty,2388.0,739.0,246837.58,3179480.63,95.72,8.21,103.93,cloud,yes,Plot Plan for Jetty Area · p1,,,medium
10-mh-11b10,10-MH-11B10,Quick release hook on MD3,other,Jetty,Area_Jetty,2392.1,699.3,246829.21,3179441.6,95.46,7.96,103.42,cloud,yes,Plot Plan for Jetty Area · p1,,,medium
10-mh-11b11,10-MH-11B11,Quick release hook on MD2,other,Jetty,Area_Jetty,2395.7,665.9,246822.31,3179408.73,95.29,8.23,103.52,cloud,yes,Plot Plan for Jetty Area · p1,,,medium
10-mh-11b12,10-MH-11B12,Quick release hook on MD1,other,Jetty,Area_Jetty,2401.7,611.0,246811.05,3179354.66,96.01,8.31,104.32,cloud,yes,Plot Plan for Jetty Area · p1,,,medium
10-ld-11b01,10-LD-11B01,LED display (berthing) on MD6,other,Jetty,Area_Jetty,2367.0,955.6,246884.53,3179693.12,93.97,9.83,103.8,cloud,yes,Plot Plan for Jetty Area · p1,,,medium
10-ld-11b02,10-LD-11B02,LED display (berthing) on MD3,other,Jetty,Area_Jetty,2392.4,697.5,246828.94,3179439.8,94.96,9.85,104.81,cloud,yes,Plot Plan for Jetty Area · p1,,,medium
10-ls-11b01,10-LS-11B01,Laser berthing sensor (north),other,Jetty,Area_Jetty,2411.0,858.2,246896.28,3179586.89,97.92,7.74,105.66,cloud,yes,Plot Plan for Jetty Area · p1,Label overprinted with 10-RCM-002; small item at platform NE edge south of BD3.,,medium
10-ls-11b02,10-LS-11B02,Laser berthing sensor (south),other,Jetty,Area_Jetty,2414.1,823.1,246888.39,3179552.55,99.97,4.89,104.86,cloud,yes,Plot Plan for Jetty Area · p1,,,medium
10-se-11b01,10-SE-11B01,EMS davit 1 on MD8,crane,Jetty,Area_Jetty,2350.8,1057.3,246900.55,3179794.85,103.5,4.0,107.5,indicative,yes,Plot Plan for Jetty Area · p1,Single leader '10-SE-11B01/02' to NW corner of MD8; split position of the two davits assumed.; Defaults: boom_up_deg.,,low
10-se-11b02,10-SE-11B02,EMS davit 2 on MD8,crane,Jetty,Area_Jetty,2350.9,1055.3,246900.03,3179792.91,103.5,4.0,107.5,indicative,yes,Plot Plan for Jetty Area · p1,Shares leader with 10-SE-11B01; position assumed adjacent.; Defaults: boom_up_deg.,,low
10-ss-03,10-SS-03,Jetty control & electrical building,substation,Jetty,Area_Jetty,2248.6,528.1,246639.83,3179323.12,99.43,35.53,134.96,cloud,yes,Plot Plan for Jetty Area · p1,"Emergency exit stair at NE corner.; Defaults: door_h, door_w, doors, hvac, parapet_h, parapet_t, plinth_h, roof_overhang, roof_t, sill_h, storey_h, window_h, windows.",plan_offset,high
10-a-0003-g-01,10-A-0003-G-01,Jetty substation diesel generator,generator,Jetty,Area_Jetty,2255.8,517.9,246643.53,3179311.2,104.64,18.65,123.29,cloud,yes,Plot Plan for Jetty Area · p1,"Shares leader with 10-A-0003-V-01 (base fuel tank).; Defaults: exhaust, radiator_end.",plan_offset,high
10-a-0003-v-01,10-A-0003-V-01,Generator diesel day/base tank,other,Jetty,Area_Jetty,2255.8,517.9,246643.53,3179311.2,104.67,18.5,123.17,cloud,yes,Plot Plan for Jetty Area · p1,"Same leader as generator G-01; drawn as part of the generator outline, assumed base tank under it.",plan_offset,low
10-a-0003-l-01,10-A-0003-L-01,Generator load bank,package,Jetty,Area_Jetty,2263.8,500.3,246645.7,3179291.99,104.18,1.06,105.24,cloud,yes,Plot Plan for Jetty Area · p1,"Small square on the trestle widening south of the road, end of leader.; Defaults: colour.",plan_offset,medium
10-fh-10v01,10-FH-10V01,Fog horn,nav_aid,Jetty,Area_Jetty,2379.1,536.7,246766.6,3179290.98,105.11,5.31,110.42,cloud,yes,Plot Plan for Jetty Area · p1,,,medium
60-a-0001,60-A-0001,Flare package (derrick-supported),flare,Jetty,Area_Jetty,1989.4,342.7,246336.03,3179226.89,91.24,60.19,151.43,cloud,yes,Plot Plan for Jetty Area · p1,"Square derrick ~22.5 m rotated 45 deg; radiation circle R100000 (100 m) drawn. Flare stands offshore on a piled platform; height not given.; Defaults: derrick_base_m, platforms, riser_d_m, support, tip_d_m.",plan_offset,high
10-na-60v01,10-NA-60V01,Navigation aid at flare,nav_aid,Jetty,Area_Jetty,1988.7,326.5,246330.35,3179211.7,104.5,6.0,110.5,indicative,yes,Plot Plan for Jetty Area · p1,Leader ends at south corner of flare derrick.; Defaults: colour.,,medium
10-z-0003a,10-Z-0003A,LNG unloading arm A,loading_arm,Jetty,Area_Jetty,2465.4,282.8,246770.22,3179022.84,104.93,34.78,139.71,cloud,yes,Plot Plan for Jetty Area · p1,"Defaults: inner_up_deg, outer_down_deg, pipe_d_m, riser_frac.",,high
10-z-0003b,10-Z-0003B,LNG unloading arm B,loading_arm,Jetty,Area_Jetty,2465.8,279.0,246769.43,3179019.1,105.24,14.1,119.34,cloud,yes,Plot Plan for Jetty Area · p1,"Defaults: inner_up_deg, outer_down_deg, pipe_d_m, riser_frac.",,high
10-z-0004,10-Z-0004,Vapour return arm,loading_arm,Jetty,Area_Jetty,2466.2,274.9,246768.54,3179015.08,106.69,32.17,138.86,cloud,yes,Plot Plan for Jetty Area · p1,"On manifold centre line.; Defaults: inner_up_deg, outer_down_deg, pipe_d_m, riser_frac.",,high
10-z-0003c,10-Z-0003C,LNG unloading arm C,loading_arm,Jetty,Area_Jetty,2466.6,270.9,246767.69,3179011.15,108.92,29.94,138.86,cloud,yes,Plot Plan for Jetty Area · p1,"Defaults: inner_up_deg, outer_down_deg, pipe_d_m, riser_frac.",,high
10-rcm-003,10-RCM-003,Remote controlled fire monitor,monitor,Jetty,Area_Jetty,2464.9,286.5,246770.89,3179026.51,104.5,15.0,119.5,indicative,yes,Plot Plan for Jetty Area · p1,"Defaults: platform_m, tower.",missing_in_cloud,high
10-rcm-004,10-RCM-004,Remote controlled fire monitor,monitor,Jetty,Area_Jetty,2467.5,263.2,246766.16,3179003.55,105.05,14.73,119.78,cloud,yes,Plot Plan for Jetty Area · p1,"Defaults: platform_m, tower.",,high
10-ls-12b01,10-LS-12B01,Laser berthing sensor,other,Jetty,Area_Jetty,2469.6,293.0,246777.37,3179031.24,97.71,9.95,107.66,cloud,yes,Plot Plan for Jetty Area · p1,,,medium
10-ls-12b02,10-LS-12B02,Laser berthing sensor,other,Jetty,Area_Jetty,2473.3,257.9,246770.04,3178996.71,100.67,4.47,105.14,cloud,yes,Plot Plan for Jetty Area · p1,,,medium
10-v-0002,10-V-0002,Jetty KO drum,vessel_h,Jetty,Area_Jetty,2445.2,274.3,246748.38,3179020.99,106.82,15.92,122.74,cloud,yes,Plot Plan for Jetty Area · p1,"Tag text written vertically along the trestle E~2435 N300-345 without a leader; assigned to the rounded horizontal-drum outline on the west side of the loading arms platform.; Defaults: d_m, head, insulated, nozzles, orient, saddle_h_m.",plan_offset,low
10-b-12,10-B-12,Jetty operator house,building,Jetty,Area_Jetty,2422.8,262.3,246723.37,3179016.5,104.6,10.26,114.86,cloud,yes,Plot Plan for Jetty Area · p1,"Defaults: door_h, door_w, doors, hvac, parapet_h, parapet_t, plinth_h, roof_overhang, roof_t, sill_h, storey_h, window_h, windows.",plan_offset,high
10-ah-0002,10-AH-0002,Analyzer house,analyzer_house,Jetty,Area_Jetty,2436.7,263.7,246737.02,3179013.54,104.96,5.14,110.1,cloud,yes,Plot Plan for Jetty Area · p1,"Defaults: door_h, door_w, doors, hvac, parapet_h, parapet_t, plinth_h, roof_overhang, roof_t, sill_h, storey_h, window_h, windows.",plan_offset,medium
10-hef-002,10-HEF-002,Foam unit,package,Jetty,Area_Jetty,2420.1,273.1,246724.14,3179027.61,104.86,9.86,114.72,cloud,yes,Plot Plan for Jetty Area · p1,,plan_offset,medium
10-sc-d-02,10-SC-D-02,Auto sampling unit,package,Jetty,Area_Jetty,2436.0,268.7,246737.9,3179018.51,104.93,1.95,106.88,cloud,yes,Plot Plan for Jetty Area · p1,Defaults: colour.,plan_offset,medium
10-lop-10rcm003,10-LOP-10RCM003,Local operating panel for monitor 10-RCM-003,package,Jetty,Area_Jetty,2408.0,331.9,246730.8,3179087.27,104.73,6.22,110.95,cloud,yes,Plot Plan for Jetty Area · p1,Leader assignment between the two LOP panels inferred from leader order.,,medium
10-lop-10rcm004,10-LOP-10RCM004,Local operating panel for monitor 10-RCM-004,package,Jetty,Area_Jetty,2408.6,327.5,246730.01,3179082.9,104.85,2.04,106.89,cloud,yes,Plot Plan for Jetty Area · p1,Leader assignment between the two LOP panels inferred from leader order.,,medium
10-tc-02,10-TC-02,Spill containment basin,basin,Jetty,Area_Jetty,2438.5,221.8,246725.79,3178973.13,101.5,3.5,105.0,indicative,yes,Plot Plan for Jetty Area · p1,"R11000 circle drawn around it.; Defaults: floor_t, freeboard, kerb_h, wall_t.",,medium
10-p-0002,10-P-0002,Basin pump,pump,Jetty,Area_Jetty,2434.4,220.0,246721.33,3178972.69,104.5,2.5,107.0,indicative,yes,Plot Plan for Jetty Area · p1,"Defaults: driver, plinth.",,medium
10-heg-002,10-HEG-002,Foam generator at spill basin,package,Jetty,Area_Jetty,2437.5,218.5,246723.82,3178970.3,96.72,9.61,106.33,cloud,yes,Plot Plan for Jetty Area · p1,,,low
10-a-0005,10-A-0005,Gangway,gangway,Jetty,Area_Jetty,2468.65,243.2,246761.08,3178984.17,99.64,21.56,121.2,cloud,yes,Plot Plan for Jetty Area · p1,"Tower at BD2 platform, boom drawn stowed southwards along BD2-BD1 catwalk.; Defaults: boom_slope_deg, boom_width_m, counterweight, rung_spacing_m, tower_size_m.",plan_offset,medium
10-mh-12b01,10-MH-12B01,Quick release hook (MD8),other,Jetty,Area_Jetty,2414.2,489.7,246785.46,3179235.43,94.3,11.93,106.23,cloud,yes,Plot Plan for Jetty Area · p1,,,high
10-mh-12b02,10-MH-12B02,Quick release hook (MD7),other,Jetty,Area_Jetty,2419.9,436.8,246774.53,3179183.36,94.17,13.41,107.58,cloud,yes,Plot Plan for Jetty Area · p1,,,high
10-mh-12b03,10-MH-12B03,Quick release hook (MD6),other,Jetty,Area_Jetty,2424.2,392.8,246765.03,3179140.18,93.7,13.04,106.74,cloud,yes,Plot Plan for Jetty Area · p1,,,high
10-mh-12b04,10-MH-12B04,Quick release hook (MD5),other,Jetty,Area_Jetty,2427.7,367.0,246760.38,3179114.57,94.3,12.08,106.38,cloud,yes,Plot Plan for Jetty Area · p1,,,high
10-mh-12b05,10-MH-12B05,Quick release hook (BD4),other,Jetty,Area_Jetty,2464.5,327.0,246783.02,3179065.15,93.14,13.35,106.49,cloud,yes,Plot Plan for Jetty Area · p1,,,high
10-mh-12b06,10-MH-12B06,Quick release hook (BD3),other,Jetty,Area_Jetty,2467.5,299.5,246777.38,3179038.07,98.42,7.85,106.27,cloud,yes,Plot Plan for Jetty Area · p1,,,high
10-mh-12b07,10-MH-12B07,Quick release hook (BD2),other,Jetty,Area_Jetty,2470.8,252.0,246765.84,3178991.88,97.95,26.42,124.37,cloud,yes,Plot Plan for Jetty Area · p1,,,high
10-mh-12b08,10-MH-12B08,Quick release hook (BD1),other,Jetty,Area_Jetty,2474.0,218.0,246758.38,3178958.55,96.26,9.92,106.18,cloud,yes,Plot Plan for Jetty Area · p1,,,high
10-mh-12b09,10-MH-12B09,Quick release hook (MD4),other,Jetty,Area_Jetty,2447.2,174.2,246719.35,3178925.18,95.28,9.43,104.71,cloud,yes,Plot Plan for Jetty Area · p1,,,high
10-mh-12b10,10-MH-12B10,Quick release hook (MD3),other,Jetty,Area_Jetty,2451.1,134.5,246710.8,3178886.21,95.02,11.05,106.07,cloud,yes,Plot Plan for Jetty Area · p1,,,high
10-mh-12b11,10-MH-12B11,Quick release hook (MD2),other,Jetty,Area_Jetty,2454.7,100.0,246703.56,3178852.29,94.86,8.3,103.16,cloud,yes,Plot Plan for Jetty Area · p1,,,high
10-mh-12b12,10-MH-12B12,Quick release hook (MD1),other,Jetty,Area_Jetty,2460.6,46.4,246692.61,3178799.49,95.24,10.81,106.05,cloud,yes,Plot Plan for Jetty Area · p1,,,high
10-ld-12b01,10-LD-12B01,LED berthing display (MD6),other,Jetty,Area_Jetty,2423.0,390.4,246763.15,3179138.27,94.11,12.81,106.92,cloud,yes,Plot Plan for Jetty Area · p1,,,medium
10-ld-12b02,10-LD-12B02,LED berthing display (MD3),other,Jetty,Area_Jetty,2450.0,132.4,246709.1,3178884.56,94.74,9.58,104.32,cloud,yes,Plot Plan for Jetty Area · p1,,,medium
10-se-12b01,10-SE-12B01,EMS davit (MD1),other,Jetty,Area_Jetty,2457.5,46.5,246689.69,3178800.54,104.5,3.5,108.0,indicative,yes,Plot Plan for Jetty Area · p1,Label 10-SE-12B01/02 with one leader to MD1 west side; two davits assumed side by side.,,medium
10-se-12b02,10-SE-12B02,EMS davit (MD1),other,Jetty,Area_Jetty,2457.5,44.0,246688.92,3178798.16,104.5,3.5,108.0,indicative,yes,Plot Plan for Jetty Area · p1,Label 10-SE-12B01/02 with one leader; exact split not shown.,,medium
10-na-12v01,10-NA-12V01,Navigation aid light (MD1),nav_aid,Jetty,Area_Jetty,2461.5,43.6,246692.6,3178796.55,104.5,6.0,110.5,indicative,yes,Plot Plan for Jetty Area · p1,Defaults: colour.,,medium
pipe_rack-pu-utilsub-01,,UTILITY SUB PR,pipe_rack,Process & Utility,Area_Process & Utility,889.6,504.65,245340.09,3179720.75,97.42,3.55,100.97,cloud,yes,Plot Plan for Process & Utility,"Label legible (name, not a tag).; Defaults: beam_depth_m, bent_spacing_m, bracing, column_section_m, columns_across, lines, pipe_fill, tier_gap_m.",plan_offset,medium
pipe_rack-pu-utilns-01,,UTILITY PR(N-S),pipe_rack,Process & Utility,Area_Process & Utility,944.3,459.15,245378.05,3179660.58,98.32,4.36,102.68,cloud,yes,Plot Plan for Process & Utility,"Label legible (name). Bents ~6 m apart; tiers indicative (Section C-C applies to the process main rack only).; Defaults: beam_depth_m, bracing, column_section_m, columns_across, lines, n_tiers, pipe_fill, tier_gap_m.",plan_offset,medium
pipe_rack-pu-utilew-01,,UTILITY PR(E-W),pipe_rack,Process & Utility,Area_Process & Utility,983.25,460.3,245415.45,3179649.64,98.51,11.88,110.39,cloud,yes,Plot Plan for Process & Utility,"Label 'UTILITY PR(E-W)' at east edge; rack continues E beyond package, crosses a N-S road ~E 990-1004.; Defaults: beam_depth_m, bracing, column_section_m, columns_across, lines, n_tiers, pipe_fill, tier_gap_m.",plan_offset,medium
pipe_rack-pu-ns-01,,Process pipe rack N-S (between ORV and SCV areas),pipe_rack,Process & Utility,Area_Process & Utility,1076.6,386.5,245481.43,3179550.6,100.0,16.2,116.2,drawing,yes,Plot Plan for Process & Utility,"Columns E 1072.05/1081.0, bents ~8 m. Section C-C (cut near N 305) gives 9000 width, TOS 106.0 utility/108.5 process/112.5 flare/116.2. No tag legible; continues north out of package.; Defaults: beam_depth_m, bent_spacing_m, bracing, column_section_m, columns_across, lines, n_tiers, pipe_fill, tier_gap_m.",height_mismatch,medium
pipe_rack-pu-ns-02,,Small pipe rack south of C-C stair,pipe_rack,Process & Utility,Area_Process & Utility,1079.6,297.1,245456.66,3179464.65,101.27,4.19,105.46,cloud,yes,Plot Plan for Process & Utility,"Defaults: beam_depth_m, bent_spacing_m, bracing, column_section_m, columns_across, lines, n_tiers, pipe_fill, tier_gap_m.",plan_offset,low
pipe_rack-pu-ew-main,,Process main PR(E-W),pipe_rack,Process & Utility,Area_Process & Utility,1141.0,457.7,245564.68,3179598.42,100.0,16.2,116.2,drawing,yes,Plot Plan for Process & Utility,"Label 'PROCESS MAIN PR(E-W)'; column rows measured N 454.2/461.2 (7 m, vs 9000 in Section C-C). Tiers per brief/Section C-C. North package edge item.; Defaults: beam_depth_m, bent_spacing_m, bracing, column_section_m, columns_across, lines, n_tiers, pipe_fill, tier_gap_m.",plan_offset;height_mismatch,medium
pipe_rack-pu-tc03-ew,,Small pipe rack to impound basin (E-W),pipe_rack,Process & Utility,Area_Process & Utility,1170.6,390.65,245572.11,3179525.5,99.97,4.87,104.84,cloud,yes,Plot Plan for Process & Utility,"Defaults: beam_depth_m, bent_spacing_m, bracing, column_section_m, columns_across, lines, n_tiers, pipe_fill, tier_gap_m.",plan_offset,low
pipe_rack-pu-tc03-ns,,Small pipe rack to impound basin (N-S),pipe_rack,Process & Utility,Area_Process & Utility,1180.85,377.3,245577.74,3179509.64,100.09,3.4,103.49,cloud,yes,Plot Plan for Process & Utility,"Defaults: beam_depth_m, bent_spacing_m, bracing, column_section_m, columns_across, lines, n_tiers, pipe_fill, tier_gap_m.",plan_offset,low
pipe-rack-tank-p9-01,,Tank pipe rack (west of KO area),pipe_rack,Tank,Area_Tank,1850.0,479.5,246245.72,3179400.07,97.43,12.04,109.47,cloud,yes,Plot Plan for Tank Area · p1,"Band N474-485; bents at E1875/E1885 legible; crosses box culvert at E1831-1843.; Defaults: beam_depth_m, bracing, column_section_m, columns_across, lines, n_tiers, pipe_fill, tier_gap_m.",plan_offset,medium
pipe-rack-tank-p9-02,,Tank pipe rack / KO drum pipe rack east section,pipe_rack,Tank,Area_Tank,1901.0,469.0,246290.98,3179374.32,97.82,14.4,112.22,cloud,yes,Plot Plan for Tank Area · p1,"Column rows at N464 and N474, bents E1885/1893/1901/1909/1917; north of KO drum pad.; Defaults: beam_depth_m, bracing, column_section_m, columns_across, lines, n_tiers, pipe_fill, tier_gap_m.",plan_offset,medium
pipe-rack-tank-p9-03,,Flare KO drum pipe rack (N-S link to flare rack),pipe_rack,Tank,Area_Tank,1893.1,450.5,246277.75,3179359.17,97.07,10.63,107.7,cloud,yes,Plot Plan for Tank Area · p1,"'FLARE KO DRUM PIPE RACK' leader points to the top of this band between the drums.; Defaults: beam_depth_m, bracing, column_section_m, lines, pipe_fill, tier_gap_m.",,low
pipe-rack-building-01,,Unit 98 conveyor/pipe trestle (diagonal),pipe_rack,Building,Area_Building,438.14,497.06,244908.38,3179853.04,92.79,8.81,101.6,cloud,yes,Plot Plan for Building Area · p1,"Steel trestle/gallery running SW-NE from E27 battery limit to E855 match line; bends slightly flatter east of ~E650.; Defaults: beam_depth_m, bent_spacing_m, bracing, column_section_m, columns_across, lines, n_tiers, pipe_fill, tier_gap_m.",plan_offset,medium
pipe-rack-building-02,,"Pipe rack SW corner, E-W",pipe_rack,Building,Area_Building,52.9,257.0,244467.81,3179743.77,97.5,6.0,103.5,indicative,yes,Plot Plan for Building Area · p1,"Defaults: beam_depth_m, bent_spacing_m, bracing, column_section_m, columns_across, lines, n_tiers, pipe_fill, tier_gap_m.",,low
pipe-rack-building-03,,"Pipe rack SW corner, N-S branch to trestle",pipe_rack,Building,Area_Building,77.0,272.6,244495.55,3179751.16,97.5,6.0,103.5,indicative,yes,Plot Plan for Building Area · p1,"Defaults: beam_depth_m, bent_spacing_m, bracing, column_section_m, columns_across, lines, n_tiers, pipe_fill, tier_gap_m.",,low
pipe-rack-building-04,,"Pipe rack SW corner, N-S near battery limit",pipe_rack,Building,Area_Building,46.2,239.0,244455.88,3179728.72,97.5,6.0,103.5,indicative,yes,Plot Plan for Building Area · p1,"Defaults: beam_depth_m, bent_spacing_m, bracing, column_section_m, columns_across, lines, n_tiers, pipe_fill, tier_gap_m.",,low
pipe-rack-building-05,,"Pipe rack SW corner, E-W south",pipe_rack,Building,Area_Building,37.15,227.0,244443.56,3179720.1,97.5,6.0,103.5,indicative,yes,Plot Plan for Building Area · p1,"Defaults: beam_depth_m, bent_spacing_m, bracing, column_section_m, columns_across, lines, n_tiers, pipe_fill, tier_gap_m.",,low
pipe-rack-jetty-001,,Flare pipe rack (truss bridge from shore to flare),pipe_rack,Jetty,Area_Jetty,1941.4,384.1,246303.16,3179281.1,89.85,18.43,108.28,cloud,yes,Plot Plan for Jetty Area · p1,"Truss spans on pile bents with expansion-loop zigzag; starts at a small shore platform ~E1893 N437.; Defaults: beam_depth_m, bent_spacing_m, bracing, column_section_m, columns_across, lines, n_tiers, pipe_fill, tier_gap_m.",,medium
fence-pu-01,,Security fence (north),fence,Process & Utility,Area_Process & Utility,935.75,663.7,245433.13,3179857.76,100.0,2.5,102.5,indicative,yes,Plot Plan for Process & Utility,"'-X- fence line; Defaults: post, post_spacing.",,medium
fence-pu-02,,Security fence (south),fence,Process & Utility,Area_Process & Utility,935.75,657.7,245431.28,3179852.05,100.0,2.5,102.5,indicative,yes,Plot Plan for Process & Utility,"'-X- fence line; Defaults: post, post_spacing.",,medium
fence-pu-01-2,,Fence diagonal north,fence,Process & Utility,Area_Process & Utility,802.0,325.4,245201.39,3179577.35,100.0,2.5,102.5,indicative,yes,Plot Plan for Process & Utility,"Fence (x-line) along the NE side of the outfall embankment.; Defaults: post, post_spacing.",,low
fence-pu-02-2,,Fence diagonal south and east,fence,Process & Utility,Area_Process & Utility,889.09,275.67,245268.85,3179503.14,100.0,2.5,102.5,indicative,yes,Plot Plan for Process & Utility,"Fence (x-line) along embankment then E-W south of utility area.; Defaults: post, post_spacing.",,low
fence-pu-03,,Fence E-W south of utility shelters,fence,Process & Utility,Area_Process & Utility,949.75,261.0,245322.01,3179470.44,100.0,2.5,102.5,indicative,yes,Plot Plan for Process & Utility,"x-line fence just S of 70-UB-05/07 and 50-A-0004.; Defaults: post, post_spacing.",,medium
fence-tank-north-1,,Fence north of tank area (inner),fence,Tank,Area_Tank,1355.5,657.5,245830.42,3179722.16,100.0,2.5,102.5,indicative,yes,Plot Plan for Tank Area · p1,"x-x fence line across full region width; extends beyond region both ends.; Defaults: post, post_spacing.",,medium
fence-tank-north-2,,Fence north of tank area (outer),fence,Tank,Area_Tank,1355.5,663.5,245832.28,3179727.87,100.0,2.5,102.5,indicative,yes,Plot Plan for Tank Area · p1,"x-x fence line, parallel 6 m north of the inner fence.; Defaults: post, post_spacing.",,medium
fence-tank-p9-01,,Fence west of trestle gate,fence,Tank,Area_Tank,1907.05,555.0,246323.31,3179454.25,102.5,2.5,105.0,indicative,yes,Plot Plan for Tank Area · p1,"Defaults: post, post_spacing.",,medium
fence-tank-p9-02,,Fence east of trestle gate,fence,Tank,Area_Tank,1918.7,555.0,246334.39,3179450.65,102.5,2.5,105.0,indicative,yes,Plot Plan for Tank Area · p1,"Defaults: post, post_spacing.",,medium
fence-tank-p9-03,,Fence along trestle road west edge,fence,Tank,Area_Tank,1906.62,499.17,246305.65,3179401.29,100.0,2.5,102.5,indicative,yes,Plot Plan for Tank Area · p1,"Traced approximately from x-marked line.; Defaults: post, post_spacing.",,low
fence-tank-p9-04,,Fence south of KO drum pad,fence,Tank,Area_Tank,1883.6,449.0,246268.25,3179360.68,100.0,2.5,102.5,indicative,yes,Plot Plan for Tank Area · p1,"Defaults: post, post_spacing.",,medium
fence-tank-p9-05,,Fence round flare platform area,fence,Tank,Area_Tank,1867.17,416.68,246242.64,3179335.02,100.0,2.5,102.5,indicative,yes,Plot Plan for Tank Area · p1,"South end of the N-S leg not traced precisely.; Defaults: post, post_spacing.",,low
fence-building-01,,Low security chain link fence north of 80-B-02,fence,Building,Area_Building,659.4,486.0,245115.39,3179774.15,100.0,2.5,102.5,indicative,yes,Plot Plan for Building Area · p1,"Defaults: post, post_spacing.",,low
pipe_sleeper-pu-swintake-01,,Sea water intake lines to 50-A-0002,pipe_sleeper,Process & Utility,Area_Process & Utility,966.62,656.87,245460.38,3179841.73,100.0,0.6,100.6,indicative,yes,Plot Plan for Process & Utility,"Bundle of ~8 large lines from package inlets running NE; may be buried. Band width approximate.; Defaults: lines, pipe_fill, sleeper_spacing_m, sleeper_width_m.",,low
pipe_sleeper-pu-swhdr-01,,Sea water pump discharge header on supports,pipe_sleeper,Process & Utility,Area_Process & Utility,937.65,549.5,245399.65,3179748.56,100.0,0.8,100.8,indicative,yes,Plot Plan for Process & Utility,"Interpreted as header with reducers at ends and branch south at ~E 937; on stippled pad N 540-558.; Defaults: lines, pipe_fill, sleeper_spacing_m, sleeper_width_m.",,low
pipe_sleeper-tank-01,,Tank Area Pipe Sleeper (north band),pipe_sleeper,Tank,Area_Tank,1654.0,457.0,246052.36,3179439.24,100.0,0.6,100.6,indicative,yes,Plot Plan for Tank Area · p1,"Sleepers drawn N~450-464 across central corridor; continues W and E beyond package; south half of corridor belongs to neighbouring package.; Defaults: lines, pipe_fill, sleeper_spacing_m, sleeper_width_m.",,medium
pipe-sleeper-building-01,,Pipe support row parallel to Unit 98 trestle,pipe_sleeper,Building,Area_Building,479.25,498.89,244948.05,3179842.07,97.5,0.8,98.3,indicative,yes,Plot Plan for Building Area · p1,"Row of small pipe supports SE of the trestle; type assumed.; Defaults: lines, pipe_fill, sleeper_spacing_m, sleeper_width_m.",,low
package-pu-barscr-01,,Bar screen 1 (W),package,Process & Utility,Area_Process & Utility,889.4,608.7,245372.05,3179819.77,89.75,9.78,99.53,cloud,yes,Plot Plan for Process & Utility,"Probably 50-A-0002-A-05A~J (10 bar screens, 2 per channel pair); labels not legible.; Defaults: colour.",,medium
package-pu-barscr-02,,Bar screen 2,package,Process & Utility,Area_Process & Utility,896.2,608.7,245378.52,3179817.67,88.78,10.77,99.55,cloud,yes,Plot Plan for Process & Utility,Probably one of 50-A-0002-A-05A~J.; Defaults: colour.,,medium
package-pu-barscr-03,,Bar screen 3,package,Process & Utility,Area_Process & Utility,905.8,608.7,245387.65,3179814.71,89.08,10.53,99.61,cloud,yes,Plot Plan for Process & Utility,Probably one of 50-A-0002-A-05A~J.; Defaults: colour.,,medium
package-pu-barscr-04,,Bar screen 4,package,Process & Utility,Area_Process & Utility,912.5,608.7,245394.02,3179812.64,89.26,10.33,99.59,cloud,yes,Plot Plan for Process & Utility,Probably one of 50-A-0002-A-05A~J.; Defaults: colour.,,medium
package-pu-barscr-05,,Bar screen 5,package,Process & Utility,Area_Process & Utility,922.2,608.7,245403.25,3179809.64,89.29,10.38,99.67,cloud,yes,Plot Plan for Process & Utility,Probably one of 50-A-0002-A-05A~J.; Defaults: colour.,,medium
package-pu-barscr-06,,Bar screen 6,package,Process & Utility,Area_Process & Utility,928.8,608.7,245409.52,3179807.6,89.27,10.36,99.63,cloud,yes,Plot Plan for Process & Utility,Probably one of 50-A-0002-A-05A~J.; Defaults: colour.,,medium
package-pu-barscr-07,,Bar screen 7,package,Process & Utility,Area_Process & Utility,938.6,608.7,245418.84,3179804.57,89.01,10.66,99.67,cloud,yes,Plot Plan for Process & Utility,Probably one of 50-A-0002-A-05A~J.; Defaults: colour.,plan_offset,medium
package-pu-barscr-08,,Bar screen 8,package,Process & Utility,Area_Process & Utility,945.2,608.7,245425.12,3179802.53,89.03,10.7,99.73,cloud,yes,Plot Plan for Process & Utility,Probably one of 50-A-0002-A-05A~J.; Defaults: colour.,,medium
package-pu-barscr-09,,Bar screen 9,package,Process & Utility,Area_Process & Utility,955.1,608.7,245434.54,3179799.47,88.8,10.93,99.73,cloud,yes,Plot Plan for Process & Utility,Probably one of 50-A-0002-A-05A~J.; Defaults: colour.,plan_offset,medium
package-pu-barscr-10,,Bar screen 10 (E),package,Process & Utility,Area_Process & Utility,961.5,608.7,245440.62,3179797.5,90.68,9.08,99.76,cloud,yes,Plot Plan for Process & Utility,Probably one of 50-A-0002-A-05A~J.; Defaults: colour.,,medium
package-pu-drumscr-01,,Drum screen 1 (W),package,Process & Utility,Area_Process & Utility,892.7,598.0,245371.88,3179808.58,95.69,4.07,99.76,cloud,yes,Plot Plan for Process & Utility,Probably 50-A-0002-A-06A~E (5 drum screens); labels not legible.; Defaults: colour.,plan_offset,medium
package-pu-drumscr-02,,Drum screen 2,package,Process & Utility,Area_Process & Utility,909.2,598.0,245387.58,3179803.48,95.74,4.07,99.81,cloud,yes,Plot Plan for Process & Utility,Probably one of 50-A-0002-A-06A~E.; Defaults: colour.,plan_offset,medium
package-pu-drumscr-03,,Drum screen 3,package,Process & Utility,Area_Process & Utility,925.5,598.0,245403.08,3179798.44,95.78,4.05,99.83,cloud,yes,Plot Plan for Process & Utility,Probably one of 50-A-0002-A-06A~E.; Defaults: colour.,plan_offset,medium
package-pu-drumscr-04,,Drum screen 4,package,Process & Utility,Area_Process & Utility,941.9,598.0,245418.68,3179793.38,95.85,4.05,99.9,cloud,yes,Plot Plan for Process & Utility,Probably one of 50-A-0002-A-06A~E.; Defaults: colour.,,medium
package-pu-drumscr-05,,Drum screen 5 (E),package,Process & Utility,Area_Process & Utility,958.3,598.0,245434.27,3179788.31,95.89,4.07,99.96,cloud,yes,Plot Plan for Process & Utility,Probably one of 50-A-0002-A-06A~E.; Defaults: colour.,plan_offset,medium
package-pu-fswdrv-01,,Engine-driven unit in 70-UB-03 (W),package,Process & Utility,Area_Process & Utility,887.0,564.2,245356.02,3179778.19,96.39,9.47,105.86,cloud,yes,Plot Plan for Process & Utility,One of 3 identical enclosed units at W end of 70-UB-03; likely diesel drivers/drums of 70-P-0005B~D (70-P-0005B~D-V-01).,,low
package-pu-fswdrv-02,,Engine-driven unit in 70-UB-03 (mid),package,Process & Utility,Area_Process & Utility,891.3,564.2,245360.11,3179776.87,96.5,9.46,105.96,cloud,yes,Plot Plan for Process & Utility,See package-pu-fswdrv-01.,,low
package-pu-fswdrv-03,,Engine-driven unit in 70-UB-03 (E),package,Process & Utility,Area_Process & Utility,895.5,564.2,245364.1,3179775.57,96.53,9.46,105.99,cloud,yes,Plot Plan for Process & Utility,See package-pu-fswdrv-01.,,low
package-pu-wskid-01,,Long skid unit W of intake (N),package,Process & Utility,Area_Process & Utility,882.7,626.5,245371.18,3179838.77,95.08,3.09,98.17,cloud,yes,Plot Plan for Process & Utility,Unlabelled twin-barrel unit on concrete pad (pig trap-like).; Defaults: colour.,plan_offset,low
package-pu-wskid-02,,Long skid unit W of intake (S of pair),package,Process & Utility,Area_Process & Utility,882.7,620.1,245369.2,3179832.69,95.2,3.13,98.33,cloud,yes,Plot Plan for Process & Utility,Unlabelled.; Defaults: colour.,plan_offset,low
package-pu-wskid-03,,Long skid unit W of intake (S),package,Process & Utility,Area_Process & Utility,882.7,594.2,245361.2,3179808.05,95.71,1.44,97.15,cloud,yes,Plot Plan for Process & Utility,Unlabelled.; Defaults: colour.,plan_offset,low
package-pu-wkiosk-01,,Small enclosure W of intake,package,Process & Utility,Area_Process & Utility,882.9,607.2,245365.41,3179820.36,95.41,1.42,96.83,cloud,yes,Plot Plan for Process & Utility,"Box with two square openings (fans?), unlabelled.; Defaults: colour.",plan_offset,low
package-pu-wskid-04,,Tube-bundle skid on pad SW of intake (N),package,Process & Utility,Area_Process & Utility,880.3,585.8,245356.32,3179800.81,95.86,5.43,101.29,cloud,yes,Plot Plan for Process & Utility,Unlabelled; similar to 70-P-0006A/B skids.; Defaults: colour.,plan_offset,low
package-pu-wskid-05,,Tube-bundle skid on pad SW of intake (S),package,Process & Utility,Area_Process & Utility,880.3,577.8,245353.85,3179793.2,96.05,3.1,99.15,cloud,yes,Plot Plan for Process & Utility,Unlabelled.; Defaults: colour.,plan_offset,low
package-pu-eskid-01,,Long skid unit E of intake (N),package,Process & Utility,Area_Process & Utility,977.1,610.0,245455.86,3179793.91,95.7,3.87,99.57,cloud,yes,Plot Plan for Process & Utility,"Unlabelled twin-barrel unit, same as W ones.; Defaults: colour.",plan_offset,low
package-pu-eskid-02,,Long skid unit E of intake (S),package,Process & Utility,Area_Process & Utility,977.1,603.9,245453.98,3179788.11,95.81,4.24,100.05,cloud,yes,Plot Plan for Process & Utility,Unlabelled.; Defaults: colour.,plan_offset,low
package-pu-eskid-03,,Tube-bundle skid E of 70-UB-03,package,Process & Utility,Area_Process & Utility,978.3,570.5,245444.8,3179755.97,96.52,2.76,99.28,cloud,yes,Plot Plan for Process & Utility,Unlabelled.; Defaults: colour.,plan_offset,low
package-pu-fwbox-01,,Small unit NW of fire water shelter,package,Process & Utility,Area_Process & Utility,870.75,527.85,245329.33,3179748.64,96.88,8.31,105.19,cloud,yes,Plot Plan for Process & Utility,Walled box with small pump-like item; unlabelled.; Defaults: colour.,plan_offset,low
package-pu-3cell-01,,Unit with three circular items on pad (N),package,Process & Utility,Area_Process & Utility,932.0,476.65,245371.76,3179681.02,98.09,5.1,103.19,cloud,yes,Plot Plan for Process & Utility,"Unlabelled; on pad with block corners, adjacent to 70-A-0004B.; Defaults: colour.",plan_offset,low
package-pu-3cell-02,,Unit with three circular items on pad (S),package,Process & Utility,Area_Process & Utility,932.0,465.45,245368.3,3179670.37,98.31,5.1,103.41,cloud,yes,Plot Plan for Process & Utility,Unlabelled; adjacent to 70-A-0004A.; Defaults: colour.,plan_offset,low
package-pu-v0002skid-01,,Small frame/skid S of 70-V-0002,package,Process & Utility,Area_Process & Utility,932.0,453.4,245364.58,3179658.91,98.51,3.65,102.16,cloud,yes,Plot Plan for Process & Utility,Defaults: colour.,,low
package-pu-01,,Small unit on 70-A-0012 pad tail,package,Process & Utility,Area_Process & Utility,829.55,327.05,245228.1,3179570.4,100.22,3.45,103.67,cloud,yes,Plot Plan for Process & Utility,Untagged skid on the S extension of the generator pad (fuel transfer?).; Defaults: colour.,plan_offset,low
package-pu-02,,Horizontal treatment units (lower slab),package,Process & Utility,Area_Process & Utility,892.5,269.8,245270.28,3179496.5,101.38,3.14,104.52,cloud,yes,Plot Plan for Process & Utility,Two horizontal tank units ~10.8 m long in a framed area S of 70-UB-05; part of 70-A-0015 or 70-A-0014 (not stated).; Defaults: colour.,plan_offset,low
package-pu-03,,Small equipment enclosure,package,Process & Utility,Area_Process & Utility,923.1,275.7,245301.21,3179492.66,101.44,4.74,106.18,cloud,yes,Plot Plan for Process & Utility,Untagged walled area with small equipment between UB-05 and UB-07.; Defaults: colour.,plan_offset,low
package-tank-pumpcontainer-3,,Pump Container T-3,package,Tank,Area_Tank,1598.6,496.9,246012.0,3179494.3,98.21,21.82,120.03,cloud,yes,Plot Plan for Tank Area · p1,"Labelled PUMP CONTAINER, on north end of overbridge C pad.; Defaults: colour.",,medium
package-tank-pumpcontainer-4,,Pump Container T-4,package,Tank,Area_Tank,1744.6,496.9,246150.85,3179449.19,98.1,22.03,120.13,cloud,yes,Plot Plan for Tank Area · p1,"Same arrangement as T-3, north end of overbridge D pad.; Defaults: colour.",,medium
package-tank-p9-01,,Local panel near trestle gate house,package,Tank,Area_Tank,1901.6,566.5,246321.68,3179466.87,102.5,1.8,104.3,indicative,yes,Plot Plan for Tank Area · p1,Defaults: colour.,missing_in_cloud,low
package-tank-p9-02,,"Local panel for electric heater (KO drum B, W1)",package,Tank,Area_Tank,1870.6,458.9,246258.95,3179374.11,100.0,1.8,101.8,indicative,yes,Plot Plan for Tank Area · p1,Label 'LOCAL PANEL FOR ELECTRIC HEATER' west of package.; Defaults: colour.,,medium
package-tank-p9-03,,"Local panel for electric heater (KO drum B, W2)",package,Tank,Area_Tank,1870.6,455.4,246257.86,3179370.78,100.0,1.8,101.8,indicative,yes,Plot Plan for Tank Area · p1,Label 'LOCAL PANEL FOR ELECTRIC HEATER' west of package.; Defaults: colour.,missing_in_cloud,medium
package-tank-p9-04,,"Local panel (KO drum A, E1)",package,Tank,Area_Tank,1914.6,458.9,246300.79,3179360.52,100.0,1.8,101.8,indicative,yes,Plot Plan for Tank Area · p1,Leader runs east beyond match line; label not in package (probably local panel for electric heater).; Defaults: colour.,missing_in_cloud,low
package-tank-p9-05,,"Local panel (KO drum A, E2)",package,Tank,Area_Tank,1914.6,455.4,246299.71,3179357.19,100.0,1.8,101.8,indicative,yes,Plot Plan for Tank Area · p1,Leader runs east beyond match line; label not in package.; Defaults: colour.,missing_in_cloud,low
package-tank-p9-06,,Panel / box on KO drum pad,package,Tank,Area_Tank,1907.6,451.25,246291.77,3179355.4,97.68,2.57,100.25,cloud,yes,Plot Plan for Tank Area · p1,Leader runs SE beyond match line; label not in package.; Defaults: colour.,plan_offset,low
pump-pu-spray-01,,Screen spray pump 1 (W),pump,Process & Utility,Area_Process & Utility,890.4,594.0,245368.46,3179805.49,95.87,2.48,98.35,cloud,yes,Plot Plan for Process & Utility,"Probably one of 50-A-0002-P-01A~E.; Defaults: driver, plinth.",plan_offset,low
pump-pu-spray-02,,Screen spray pump 2,pump,Process & Utility,Area_Process & Utility,906.9,594.0,245384.15,3179800.39,95.86,2.52,98.38,cloud,yes,Plot Plan for Process & Utility,"Probably one of 50-A-0002-P-01A~E.; Defaults: driver, plinth.",plan_offset,low
pump-pu-spray-03,,Screen spray pump 3,pump,Process & Utility,Area_Process & Utility,923.2,594.0,245399.66,3179795.35,95.91,2.52,98.43,cloud,yes,Plot Plan for Process & Utility,"Probably one of 50-A-0002-P-01A~E.; Defaults: driver, plinth.",plan_offset,low
pump-pu-spray-04,,Screen spray pump 4,pump,Process & Utility,Area_Process & Utility,939.6,594.0,245415.25,3179790.28,95.97,2.53,98.5,cloud,yes,Plot Plan for Process & Utility,"Probably one of 50-A-0002-P-01A~E.; Defaults: driver, plinth.",plan_offset,low
pump-pu-spray-05,,Screen spray pump 5 (E),pump,Process & Utility,Area_Process & Utility,956.0,594.0,245430.85,3179785.21,96.02,2.5,98.52,cloud,yes,Plot Plan for Process & Utility,"Probably one of 50-A-0002-P-01A~E.; Defaults: driver, plinth.",plan_offset,low
pump-pu-fsw-04,,Pump unit in 70-UB-03 (E of diesel units),pump,Process & Utility,Area_Process & Utility,899.4,563.3,245367.53,3179773.51,96.56,9.4,105.96,cloud,yes,Plot Plan for Process & Utility,"Possibly electric fire sea water pump 70-P-0005A (not labelled legibly).; Defaults: driver, plinth.",,low
pump-pu-fwjockey-01,,Small pump in fire water shelter (W),pump,Process & Utility,Area_Process & Utility,885.35,519.0,245340.48,3179735.72,97.32,8.63,105.95,cloud,yes,Plot Plan for Process & Utility,"Probably jockey pump; unlabelled.; Defaults: driver, plinth.",,low
pump-pu-fwjockey-02,,Small pump in fire water shelter (E),pump,Process & Utility,Area_Process & Utility,887.85,519.0,245342.86,3179734.94,97.35,8.62,105.97,cloud,yes,Plot Plan for Process & Utility,"Probably jockey pump; unlabelled.; Defaults: driver, plinth.",,low
pump-pu-util-01,,"Utility pump (row, 1st from N)",pump,Process & Utility,Area_Process & Utility,938.0,455.4,245370.9,3179658.96,98.58,1.92,100.5,cloud,yes,Plot Plan for Process & Utility,"One of 4 pumps likely among 70-P-0001A/B, 70-P-0008A/B, 70-P-0003A/B; individual labels/leaders not resolvable.; Defaults: driver, plinth.",plan_offset,low
pump-pu-util-02,,"Utility pump (row, 2nd from N)",pump,Process & Utility,Area_Process & Utility,938.0,452.4,245369.98,3179656.11,100.0,1.3,101.3,indicative,yes,Plot Plan for Process & Utility,"See pump-pu-util-01.; Defaults: driver, plinth.",plan_offset,low
pump-pu-util-03,,"Utility pump (row, 3rd from N)",pump,Process & Utility,Area_Process & Utility,938.0,449.4,245369.05,3179653.25,100.0,1.3,101.3,indicative,yes,Plot Plan for Process & Utility,"See pump-pu-util-01.; Defaults: driver, plinth.",plan_offset,low
pump-pu-util-04,,"Utility pump (row, 4th from N)",pump,Process & Utility,Area_Process & Utility,938.0,446.4,245368.12,3179650.4,98.67,2.73,101.4,cloud,yes,Plot Plan for Process & Utility,"See pump-pu-util-01.; Defaults: driver, plinth.",,low
basin-pu-epit-01,,Small pit E of 70-UB-03,basin,Process & Utility,Area_Process & Utility,971.15,574.1,245439.11,3179761.61,97.0,3.3,100.3,indicative,yes,Plot Plan for Process & Utility,"Empty double-line rectangle, interpreted as pit/sump.; Defaults: floor_t, freeboard, kerb_h, wall_t.",,low
shelter-pu-fwps-01,,Fire water pump shelter (probably 70-UB-04),shelter,Process & Utility,Area_Process & Utility,879.55,520.25,245335.35,3179738.7,97.07,9.5,106.57,cloud,yes,Plot Plan for Process & Utility,"Column grid shelter over fire water pumps; 70-UB-04 label not found in region.; Defaults: bay, beam_d, column, roof_overhang, roof_t, slab_t.",plan_offset,medium
shelter-building-01,,Shelter west of fire station,shelter,Building,Area_Building,801.3,615.85,245290.47,3179853.8,95.03,3.66,98.69,cloud,yes,Plot Plan for Building Area · p1,"Defaults: bay, beam_d, column, roof_overhang, roof_t, slab_t.",plan_offset,low
vessel_h-pu-fwdiesel-01,,Diesel day tank beside 70-P-0007B,vessel_h,Process & Utility,Area_Process & Utility,871.4,523.0,245328.45,3179743.83,97.06,9.47,106.53,cloud,yes,Plot Plan for Process & Utility,"Probably 70-P-0007B-V-01 (label legible but leader ambiguous).; Defaults: d_m, head, insulated, nozzles, orient, saddle_h_m.",,low
platform-pu-t0002-stair,,Access stair/platform W of 70-T-0002,platform,Process & Utility,Area_Process & Utility,871.75,510.75,245325.0,3179732.07,97.25,3.61,100.86,cloud,yes,Plot Plan for Process & Utility,"Stair with two small boxes; purpose unclear.; Defaults: beam_depth_m, bracing, column_section_m, column_spacing_m, grating_m, handrail, post_spacing_m, stair, stair_side.",plan_offset,low
platform-pu-t0001-01,,Platform between potable water tanks,platform,Process & Utility,Area_Process & Utility,932.0,440.0,245360.44,3179646.17,98.77,6.52,105.29,cloud,yes,Plot Plan for Process & Utility,"Stairs at both ends (N and S).; Defaults: beam_depth_m, bracing, column_section_m, column_spacing_m, grating_m, handrail, post_spacing_m, stair, stair_side.",plan_offset,low
platform-pu-30v0001,,Recondenser 30-V-0001 multi-level structure,platform,Process & Utility,Area_Process & Utility,1093.0,419.8,245507.32,3179577.21,100.0,22.6,122.6,drawing,yes,Plot Plan for Process & Utility,"Column grid 10 m E-W x 13 m N-S (3000+5000+5000) per PF EL sketches; small stair-head deck PF EL 124.0 on north side.; Defaults: beam_depth_m, bracing, column_section_m, column_spacing_m, grating_m, handrail, post_spacing_m, stair, stair_side.",height_mismatch,medium
platform-pu-ventdrum-hn,,HP pump vent drum platform (H~N),platform,Process & Utility,Area_Process & Utility,1123.5,436.25,245541.41,3179583.43,100.0,4.5,104.5,drawing,yes,Plot Plan for Process & Utility,"4000 mm extension of 30-PR-002 at PF EL 104.5 per Section B-B, carrying vent drums.; Defaults: beam_depth_m, bracing, column_section_m, column_spacing_m, grating_m, handrail, post_spacing_m, stair, stair_side.",plan_offset;height_mismatch,medium
platform-pu-ventdrum-ag,,HP pump vent drum platform (A~G),platform,Process & Utility,Area_Process & Utility,1123.5,400.3,245530.3,3179549.24,100.0,4.5,104.5,drawing,yes,Plot Plan for Process & Utility,"4000 mm extension of 30-PR-001 at PF EL 104.5 per Section B-B.; Defaults: beam_depth_m, bracing, column_section_m, column_spacing_m, grating_m, handrail, post_spacing_m, stair, stair_side.",height_mismatch,medium
platform-pu-scv-c,,SCV C piping platform (west),platform,Process & Utility,Area_Process & Utility,1092.8,369.5,245491.59,3179529.43,100.43,7.41,107.84,cloud,yes,Plot Plan for Process & Utility,"Column grid with stair west of SCV; function/elevation not given.; Defaults: beam_depth_m, bracing, column_section_m, column_spacing_m, grating_m, handrail, post_spacing_m, stair, stair_side.",plan_offset,low
platform-pu-scv-b,,SCV B piping platform (west),platform,Process & Utility,Area_Process & Utility,1092.8,345.4,245484.14,3179506.51,100.81,7.36,108.17,cloud,yes,Plot Plan for Process & Utility,"Defaults: beam_depth_m, bracing, column_section_m, column_spacing_m, grating_m, handrail, post_spacing_m, stair, stair_side.",plan_offset,low
platform-pu-scv-a,,SCV A piping platform (west),platform,Process & Utility,Area_Process & Utility,1092.8,321.4,245476.72,3179483.68,101.17,7.42,108.59,cloud,yes,Plot Plan for Process & Utility,"Defaults: beam_depth_m, bracing, column_section_m, column_spacing_m, grating_m, handrail, post_spacing_m, stair, stair_side.",plan_offset,low
platform-tank-t1-safety,,T-0001 roof safety platform,platform,Tank,Area_Tank,1294.35,587.33,245750.58,3179674.32,107.04,60.51,167.55,cloud,yes,Plot Plan for Tank Area · p1,"Arc platform along north roof edge, approx r 38-45.5 m, bearing 303-37 deg. On dome; elevation indicative.; Defaults: beam_depth_m, bracing, column_section_m, column_spacing_m, grating_m, handrail, post_spacing_m, stair_side.",,medium
platform-tank-t1-instrument,,T-0001 roof instrument platform,platform,Tank,Area_Tank,1342.84,552.9,245786.06,3179626.6,109.43,51.92,161.35,cloud,yes,Plot Plan for Tank Area · p1,"Arc platform on east roof edge, r 39.5-45.5 m, bearing 73-101 deg.; Defaults: beam_depth_m, bracing, column_section_m, column_spacing_m, grating_m, handrail, post_spacing_m, stair_side.",plan_offset,medium
platform-tank-t1-pump,,T-0001 roof pump platform,platform,Tank,Area_Tank,1324.59,534.88,245763.14,3179615.1,119.96,51.83,171.79,cloud,yes,Plot Plan for Tank Area · p1,"Lattice platform rotated 45 deg in SE quadrant carrying the in-tank pump columns and jib crane 20-A-0011. Deck level indicative.; Defaults: beam_depth_m, bracing, column_section_m, grating_m, handrail, post_spacing_m, stair_side.",plan_offset,medium
platform-tank-t1-flare,,T-0001 roof flare platform,platform,Tank,Area_Tank,1269.76,523.37,245707.43,3179621.08,109.29,44.86,154.15,cloud,yes,Plot Plan for Tank Area · p1,"Small rotated platform at SW roof edge.; Defaults: beam_depth_m, bracing, column_section_m, column_spacing_m, grating_m, handrail, post_spacing_m, stair_side.",,medium
platform-tank-t1-unloading,,T-0001 roof unloading platform,platform,Tank,Area_Tank,1297.97,516.26,245732.07,3179605.61,116.33,45.18,161.51,cloud,yes,Plot Plan for Tank Area · p1,"South roof platform (rect frame with northern extension).; Defaults: beam_depth_m, bracing, column_section_m, column_spacing_m, grating_m, handrail, post_spacing_m, stair_side.",plan_offset,medium
platform-tank-t1-walking-1,,T-0001 walking platform (outer segment),platform,Tank,Area_Tank,1280.7,572.3,245732.96,3179664.24,147.47,7.81,155.28,cloud,yes,Plot Plan for Tank Area · p1,"Diagonal walking platform from safety platform (NW) over the crown to pump platform; split in two flat segments to follow dome.; Defaults: beam_depth_m, bracing, column_section_m, column_spacing_m, grating_m, handrail, post_spacing_m, stair_side.",,medium
platform-tank-t1-walking-2,,T-0001 walking platform (crown segment),platform,Tank,Area_Tank,1298.1,552.9,245743.51,3179640.42,153.08,8.07,161.15,cloud,yes,Plot Plan for Tank Area · p1,"Crown segment of the walking platform incl. the square landing at the tank centre.; Defaults: beam_depth_m, bracing, column_section_m, column_spacing_m, grating_m, handrail, post_spacing_m, stair_side.",,medium
platform-tank-t2-safety,,T-0002 roof safety platform,platform,Tank,Area_Tank,1439.95,587.33,245889.06,3179629.32,107.12,60.4,167.52,cloud,yes,Plot Plan for Tank Area · p1,"Same layout as T-0001.; Defaults: beam_depth_m, bracing, column_section_m, column_spacing_m, grating_m, handrail, post_spacing_m, stair_side.",plan_offset,medium
platform-tank-t2-instrument,,T-0002 roof instrument platform,platform,Tank,Area_Tank,1488.44,552.9,245924.53,3179581.61,108.99,52.08,161.07,cloud,yes,Plot Plan for Tank Area · p1,"Same layout as T-0001.; Defaults: beam_depth_m, bracing, column_section_m, column_spacing_m, grating_m, handrail, post_spacing_m, stair_side.",,medium
platform-tank-t2-pump,,T-0002 roof pump platform,platform,Tank,Area_Tank,1470.19,534.88,245901.61,3179570.11,119.38,52.38,171.76,cloud,yes,Plot Plan for Tank Area · p1,"Lattice platform with pump columns and jib crane 20-A-0021.; Defaults: beam_depth_m, bracing, column_section_m, grating_m, handrail, post_spacing_m, stair_side.",,medium
platform-tank-t2-flare,,T-0002 roof flare platform,platform,Tank,Area_Tank,1415.36,523.37,245845.91,3179576.09,109.57,44.6,154.17,cloud,yes,Plot Plan for Tank Area · p1,"Defaults: beam_depth_m, bracing, column_section_m, column_spacing_m, grating_m, handrail, post_spacing_m, stair_side.",,medium
platform-tank-t2-unloading,,T-0002 roof unloading platform,platform,Tank,Area_Tank,1443.57,516.26,245870.54,3179560.62,115.86,46.49,162.35,cloud,yes,Plot Plan for Tank Area · p1,"Defaults: beam_depth_m, bracing, column_section_m, column_spacing_m, grating_m, handrail, post_spacing_m, stair_side.",plan_offset,medium
platform-tank-t2-walking-1,,T-0002 walking platform (outer segment),platform,Tank,Area_Tank,1426.3,572.3,245871.43,3179619.25,147.15,8.04,155.19,cloud,yes,Plot Plan for Tank Area · p1,"Defaults: beam_depth_m, bracing, column_section_m, column_spacing_m, grating_m, handrail, post_spacing_m, stair_side.",,medium
platform-tank-t2-walking-2,,T-0002 walking platform (crown segment),platform,Tank,Area_Tank,1443.7,552.9,245881.98,3179595.43,153.0,7.37,160.37,cloud,yes,Plot Plan for Tank Area · p1,"Defaults: beam_depth_m, bracing, column_section_m, column_spacing_m, grating_m, handrail, post_spacing_m, stair_side.",,medium
platform-jetty-manifold-01,,Loading arm manifold steel structure,platform,Jetty,Area_Jetty,2394.7,838.44,246874.67,3179573.13,104.8,17.32,122.12,cloud,yes,Plot Plan for Jetty Area · p1,"Column grid (~4-5 m bays) with stairs at N and S edges over KO drum; elevation not given.; Defaults: beam_depth_m, bracing, column_section_m, column_spacing_m, grating_m, handrail, post_spacing_m, stair, stair_side.",plan_offset,low
platform-jetty-001,,Jetty 2 area loading arms platform,platform,Jetty,Area_Jetty,2454.86,273.66,246757.37,3179017.4,104.93,30.95,135.88,cloud,yes,Plot Plan for Jetty Area · p1,"Column grid platform on the jetty head with stairs; labelled JETTY 2 AREA LOADING ARMS PLATFORM.; Defaults: beam_depth_m, bracing, column_section_m, column_spacing_m, grating_m, handrail, post_spacing_m, stair, stair_side.",plan_offset,medium
stack-pu-scv-c,,SCV 50-F-0001C exhaust stack,stack,Process & Utility,Area_Process & Utility,1112.1,372.4,245510.84,3179526.22,100.84,10.06,110.9,cloud,yes,Plot Plan for Process & Utility,"Circle on SCV bath; interpreted as exhaust stack.; Defaults: bands, ladder, platform, top_d_ratio.",,medium
stack-pu-scv-b,,SCV 50-F-0001B exhaust stack,stack,Process & Utility,Area_Process & Utility,1112.1,348.2,245503.36,3179503.21,101.2,10.06,111.26,cloud,yes,Plot Plan for Process & Utility,"Defaults: bands, ladder, platform, top_d_ratio.",,medium
stack-pu-scv-a,,SCV 50-F-0001A exhaust stack,stack,Process & Utility,Area_Process & Utility,1112.1,324.4,245496.0,3179480.57,101.51,10.1,111.61,cloud,yes,Plot Plan for Process & Utility,"Defaults: bands, ladder, platform, top_d_ratio.",,medium
stair_tower-pu-cc-01,,Stair tower at rack (Section C-C),stair_tower,Process & Utility,Area_Process & Utility,1070.5,314.1,245453.26,3179483.63,100.0,16.2,116.2,drawing,yes,Plot Plan for Process & Utility,"3000 wide stair bay beside rack per Section C-C.; Defaults: base_slab, column_section_m, flight_rise_m, landing_m.",plan_offset;height_mismatch,medium
stair_tower-pu-ns-02,,Stair tower at rack north end,stair_tower,Process & Utility,Area_Process & Utility,1070.5,450.2,245495.31,3179613.07,98.98,16.78,115.76,cloud,yes,Plot Plan for Process & Utility,"Stair symbol on west side of N-S rack; levels assumed as Section C-C.; Defaults: base_slab, column_section_m, flight_rise_m, landing_m.",,low
transformer-pu-01,,Substation transformer bays north-west,transformer,Process & Utility,Area_Process & Utility,878.0,366.3,245286.31,3179592.76,99.87,10.37,110.24,cloud,yes,Plot Plan for Process & Utility,4 transformer bays on N side of 70-SS-01.; Defaults: firewalls.,plan_offset,medium
transformer-pu-02,,Substation transformer bays north-east,transformer,Process & Utility,Area_Process & Utility,918.55,366.3,245324.87,3179580.23,100.09,10.32,110.41,cloud,yes,Plot Plan for Process & Utility,4 transformer bays on N side of 70-SS-01.; Defaults: firewalls.,plan_offset,medium
transformer-pu-03,,Substation transformer bays south,transformer,Process & Utility,Area_Process & Utility,869.7,327.65,245266.47,3179558.57,100.45,9.01,109.46,cloud,yes,Plot Plan for Process & Utility,8 transformer bays on S side of 70-SS-01.; Defaults: firewalls.,plan_offset,medium
transformer-pu-04,,Substation small transformer/reactor cells south-east,transformer,Process & Utility,Area_Process & Utility,921.2,329.3,245315.96,3179544.22,100.67,7.82,108.49,cloud,yes,Plot Plan for Process & Utility,8 small cells with 4-bolt plinths along S side of 70-SS-01; function not stated (small transformers / NGRs).; Defaults: firewalls.,plan_offset,low
transformer-tank-01,,Substation 20-SS-02 west annex (two transformer/unit bays),transformer,Tank,Area_Tank,1868.95,645.35,246314.99,3179551.95,96.79,22.41,119.2,cloud,yes,Plot Plan for Tank Area · p1,Enclosed annex on west side of substation containing two units drawn like transformers; no tag legible.; Defaults: firewalls.,plan_offset,low
building-pu-01,,Substation annex north (between transformer groups),building,Process & Utility,Area_Process & Utility,898.3,368.25,245306.22,3179588.34,99.86,10.42,110.28,cloud,yes,Plot Plan for Process & Utility,"Untagged block on N side of 70-SS-01 between the two transformer groups.; Defaults: door_h, door_w, doors, hvac, parapet_h, parapet_t, plinth_h, roof_overhang, roof_t, sill_h, storey_h, window_h, windows.",plan_offset,low
building-pu-02,,Building east of substation,building,Process & Utility,Area_Process & Utility,956.45,350.15,245355.93,3179553.16,100.54,14.92,115.46,cloud,yes,Plot Plan for Process & Utility,"Untagged two-hall building E941.8-971.1 / N322.6-377.7, external stairs on east side. No tag legible.; Defaults: door_h, door_w, doors, hvac, parapet_h, parapet_t, plinth_h, roof_overhang, roof_t, sill_h, storey_h, window_h, windows.",plan_offset,medium
building-building-01,,Construction office / permanent office (Note 1),building,Building,Area_Building,620.36,457.3,245069.4,3179758.92,94.2,10.33,104.53,cloud,yes,Plot Plan for Building Area · p1,"C-shaped outline marked NOTE 1: used as construction office, later permanent office.; Defaults: door_h, door_w, doors, hvac, parapet_h, parapet_t, plinth_h, roof_overhang, roof_t, sill_h, storey_h, window_h, windows.",plan_offset,medium
storage-tank-small-pu-01,,Round tank on treatment slab,storage_tank_small,Process & Utility,Area_Process & Utility,910.8,271.3,245288.15,3179492.27,101.43,4.18,105.61,cloud,yes,Plot Plan for Process & Utility,"Untagged circular tank on lower treatment slab.; Defaults: bund_h_m, form, handrail, ladder, roof, roof_slope.",plan_offset,medium
channel-pu-01,,Sea water outfall channel (to shore),channel,Process & Utility,Area_Process & Utility,841.7,256.25,245217.78,3179499.32,98.5,1.5,100.0,indicative,yes,Plot Plan for Process & Utility,"Narrow double line along the top of the diagonal embankment and along the crest of the causeway to the roundhead (~N151). Read as the outfall channel; not labelled. Embankment slopes/roundhead not modelled.; Defaults: floor_t, wall_t, water.",,low
channel-tank-p9-01,,Box culvert,channel,Tank,Area_Tank,1837.05,481.6,246234.05,3179406.07,98.0,2.0,100.0,indicative,yes,Plot Plan for Tank Area · p1,"Box culvert under tank pipe rack on N-S drainage channel; buried culvert modelled as channel.; Defaults: floor_t, wall_t.",,medium
overbridge-tank-a,,Overbridge Structure-A,overbridge,Tank,Area_Tank,1306.4,485.5,245730.58,3179573.75,98.59,19.81,118.4,cloud,yes,Plot Plan for Tank Area · p1,"Labelled OVERBRIDGE STRUCTURE-A. Concrete pads with column grid N and S of ring road (N~486-492); spans N-S from T-0001 to the central corridor. Tank pipework crossing the road.; Defaults: beam_depth_m, column_section_m, columns_across, lines, n_tiers, pipe_fill, tier_gap_m.",plan_offset,medium
overbridge-tank-b,,Overbridge Structure-B,overbridge,Tank,Area_Tank,1452.9,485.3,245869.84,3179528.29,98.51,19.26,117.77,cloud,yes,Plot Plan for Tank Area · p1,"Labelled OVERBRIDGE STRUCTURE-B; same arrangement as A for T-0002.; Defaults: beam_depth_m, column_section_m, columns_across, lines, n_tiers, pipe_fill, tier_gap_m.",plan_offset,medium
overbridge-tank-c,,Overbridge Structure C,overbridge,Tank,Area_Tank,1599.0,485.5,246008.86,3179483.34,98.29,19.29,117.58,cloud,yes,Plot Plan for Tank Area · p1,"Labelled OVERBRIDGE STRUCTURE-C (no tag). Spans N-S on concrete pad ~17x29 m (E1591.8-1607.6, N470.5-499.5) over E-W band at N~486-492; columns 12 m apart E-W.; Defaults: beam_depth_m, column_section_m, columns_across, lines, n_tiers, pipe_fill, tier_gap_m.",,medium
overbridge-tank-d,,Overbridge Structure D,overbridge,Tank,Area_Tank,1745.0,485.5,246147.71,3179438.22,97.91,19.82,117.73,cloud,yes,Plot Plan for Tank Area · p1,"Labelled OVERBRIDGE STRUCTURE-D; mirrors C, 146 m east.; Defaults: beam_depth_m, column_section_m, columns_across, lines, n_tiers, pipe_fill, tier_gap_m.",,medium
overbridge-tank-e,,Overbridge Structure-E,overbridge,Tank,Area_Tank,1294.7,434.5,245703.69,3179528.86,100.63,20.61,121.24,cloud,yes,Plot Plan for Tank Area · p1,"Labelled OVERBRIDGE STRUCTURE-E (no tag). Columns at ~E1288.8/1300.6, N448.3/436.2 and N423.7/420.6 on stippled pads; spans N-S over the E-W corridor at N~427-433 with crossover stairs. North end beyond package top (N~438).; Defaults: beam_depth_m, column_section_m, columns_across, lines, n_tiers, pipe_fill, tier_gap_m.",,medium
overbridge-tank-f,,Overbridge Structure-F,overbridge,Tank,Area_Tank,1440.5,434.5,245842.35,3179483.81,100.37,18.75,119.12,cloud,yes,Plot Plan for Tank Area · p1,"Labelled OVERBRIDGE STRUCTURE-F; same arrangement as E, north of tank 6.; Defaults: beam_depth_m, column_section_m, columns_across, lines, n_tiers, pipe_fill, tier_gap_m.",,medium
overbridge-tank-g,,Overbridge Structure-G,overbridge,Tank,Area_Tank,1585.9,433.75,245980.41,3179438.17,99.52,53.7,153.22,cloud,yes,Plot Plan for Tank Area · p1,"Labelled OVERBRIDGE STRUCTURE-G (name, not equipment tag). Spans N-S over the E-W road at N427-433, concrete landing pads with stairs at both ends, E1577.5-1594.3 N417.5-450.; Defaults: beam_depth_m, column_section_m, columns_across, lines, n_tiers, pipe_fill, tier_gap_m.",plan_offset,medium
overbridge-tank-h,,Overbridge Structure-H,overbridge,Tank,Area_Tank,1732.0,433.75,246119.36,3179393.02,99.49,53.46,152.95,cloud,yes,Plot Plan for Tank Area · p1,"Labelled OVERBRIDGE STRUCTURE-H. E1723.6-1740.4 N417.5-450, over the E-W road.; Defaults: beam_depth_m, column_section_m, columns_across, lines, n_tiers, pipe_fill, tier_gap_m.",plan_offset,medium
trench-tank-1,,Spill trench T-0001 to impound basin,trench,Tank,Area_Tank,1313.28,488.5,245738.05,3179574.48,99.0,1.0,100.0,indicative,yes,Plot Plan for Tank Area · p1,"Hatched double-line band read as concrete spill trench: along N471 (corridor edge), up the east side of overbridge A, and east along N508 to basin 20-TC-05. Interpretation uncertain (could be a kerb).; Defaults: covered, floor_t, wall_t.",,low
trench-tank-2,,Spill trench T-0002 to impound basin,trench,Tank,Area_Tank,1422.82,505.42,245847.45,3179556.72,99.0,1.0,100.0,indicative,yes,Plot Plan for Tank Area · p1,"Hatched band from basin east along N508 then curving along T-0002 base slab edge.; Defaults: covered, floor_t, wall_t.",,low
trench-tank-3,,Spill trench at overbridge B,trench,Tank,Area_Tank,1458.32,481.53,245873.83,3179523.04,99.0,1.0,100.0,indicative,yes,Plot Plan for Tank Area · p1,"Hatched band down east side of overbridge B pads.; Defaults: covered, floor_t, wall_t.",,low
trench-tank-01,,Spill collection trench T-5/T-6 to impound basin,trench,Tank,Area_Tank,1376.41,413.78,245775.0,3179483.91,99.2,0.8,100.0,indicative,yes,Plot Plan for Tank Area · p1,"Hatched band arcing round the north (unloading) side of both tanks and running straight at N~411 through basin 20-TC-07; interpreted as spill collection trench (could be a kerb wall).; Defaults: covered, floor_t, wall_t.",,low
trench-tank-p8-01,,"Spill collection trench, tanks 7-8 to impound basin 20-TC-08",trench,Tank,Area_Tank,1616.94,414.73,246004.05,3179410.49,99.2,0.8,100.0,indicative,yes,Plot Plan for Tank Area · p1,"Hatched band arcing round the north of 20-T-0007 and running east into the impound basin; read as spill trench.; Defaults: covered, floor_t, wall_t.",,low
trench-tank-p8-02,,"Spill collection trench, basin 20-TC-08 to tank 8",trench,Tank,Area_Tank,1697.32,411.8,246079.59,3179382.86,99.2,0.8,100.0,indicative,yes,Plot Plan for Tank Area · p1,"Hatched band from basin east towards overbridge H / tank 8.; Defaults: covered, floor_t, wall_t.",,low
trench-jetty-ditch-01,,Spill ditch to impound basin,trench,Jetty,Area_Jetty,2383.81,866.24,246872.91,3179602.94,102.7,1.0,103.7,indicative,yes,Plot Plan for Jetty Area · p1,"Labelled DITCH / CURB(H=200).; Defaults: covered, floor_t, wall_t.",,medium
parking-tank-01,,Fire truck parking area,parking,Tank,Area_Tank,1867.95,563.9,246288.87,3179474.79,102.1,0.4,102.5,indicative,yes,Plot Plan for Tank Area · p1,"Defaults: markings, stall_d, stall_w.",,high
parking-building-01,,Parking row south of 80-B-02,parking,Building,Area_Building,705.75,480.15,245157.67,3179754.26,100.0,0.2,100.2,indicative,yes,Plot Plan for Building Area · p1,"Defaults: markings, stall_d, stall_w.",,medium
parking-building-02,,"Parking row west part, south of 80-B-06",parking,Building,Area_Building,799.6,399.45,245221.99,3179648.51,100.0,0.2,100.2,indicative,yes,Plot Plan for Building Area · p1,"Defaults: markings, stall_d, stall_w.",,medium
parking-building-03,,Parking row north of 80-B-06,parking,Building,Area_Building,849.3,447.35,245284.06,3179678.71,100.0,0.2,100.2,indicative,yes,Plot Plan for Building Area · p1,"Defaults: markings, stall_d, stall_w.",,medium
parking-building-04,,Parking row south of 80-B-06,parking,Building,Area_Building,842.7,406.9,245265.28,3179642.28,100.0,0.2,100.2,indicative,yes,Plot Plan for Building Area · p1,"Defaults: markings, stall_d, stall_w.",,medium
gate-tank-p9-01,,Trestle road gate,gate,Tank,Area_Tank,1913.05,555.0,246329.01,3179452.39,102.5,2.5,105.0,indicative,yes,Plot Plan for Tank Area · p1,"Defaults: leaf_max, picket_spacing, post.",missing_in_cloud,medium
gate-jetty-001,,Trestle gate (north of junction),gate,Jetty,Area_Jetty,2390.15,549.65,246781.11,3179299.88,103.55,2.07,105.62,cloud,yes,Plot Plan for Jetty Area · p1,"Defaults: leaf_max, picket_spacing, post.",,medium
gate-jetty-002,,Trestle gate (south of junction),gate,Jetty,Area_Jetty,2395.1,506.55,246772.5,3179257.36,101.54,7.02,108.56,cloud,yes,Plot Plan for Jetty Area · p1,"Defaults: leaf_max, picket_spacing, post.",,medium
paved-building-01,,Fire station apparatus apron,paved,Building,Area_Building,823.1,603.35,245307.34,3179835.17,100.0,0.2,100.2,indicative,yes,Plot Plan for Building Area · p1,Outlined area south of 80-B-01 with three marked bays; may be a canopy.,,low
other-building-01,,Structure east of fire station (training/hose tower?),other,Building,Area_Building,842.35,623.15,245331.77,3179848.06,95.18,7.86,103.04,cloud,yes,Plot Plan for Building Area · p1,,plan_offset,low
other-building-02,,Small outdoor unit in 70-MIS-01 yard,other,Building,Area_Building,682.05,452.15,245126.48,3179734.96,97.63,3.03,100.66,cloud,yes,Plot Plan for Building Area · p1,,,low
other-jetty-cwsupport-01,,Catwalk intermediate support MD8-MD7,other,Jetty,Area_Jetty,2354.6,1027.7,246895.02,3179765.52,93.98,8.74,102.72,cloud,yes,Plot Plan for Jetty Area · p1,,plan_offset,medium
other-jetty-cwsupport-02,,Catwalk intermediate support MD5-BD4,other,Jetty,Area_Jetty,2384.5,910.5,246887.24,3179644.82,97.93,6.24,104.17,cloud,yes,Plot Plan for Jetty Area · p1,,,medium
other-jetty-cwsupport-03,,Catwalk intermediate support BD1-MD4,other,Jetty,Area_Jetty,2399.7,760.5,246855.35,3179497.46,98.26,5.78,104.04,cloud,yes,Plot Plan for Jetty Area · p1,,plan_offset,medium
other-jetty-cwsupport-04,,Catwalk intermediate support MD2-MD1,other,Jetty,Area_Jetty,2395.5,637.3,246813.28,3179381.59,96.0,8.76,104.76,cloud,yes,Plot Plan for Jetty Area · p1,,,medium
other-jetty-001,,Life boat,other,Jetty,Area_Jetty,2272.3,531.6,246663.45,3179319.13,98.05,8.78,106.83,cloud,yes,Plot Plan for Jetty Area · p1,"Labelled LIFE BOAT, east end of substation platform.",,medium
wall-building-01,,70-MIS-01 boundary wall,wall,Building,Area_Building,709.56,431.62,245146.3,3179706.93,97.39,12.24,109.63,cloud,yes,Plot Plan for Building Area · p1,"Boundary wall by MIS vendor, 78300 x 62835, corner E670.410 N400.200.; Defaults: coping.",plan_offset,high
trestle-jetty-01,,Jetty I approach trestle (north section),trestle,Jetty,Area_Jetty,2371.1,693.2,246807.35,3179442.29,98.67,14.32,112.99,cloud,yes,Plot Plan for Jetty Area · p1,"Trestle at 5.999 deg from plant north (dimensioned). West band = pipe rack/sleepers with bents ~6 m, east band = primary road W=5400. Continues south beyond package edge (N~568).; Defaults: bracing, deck_thickness_m, handrail, headstock, pile_d_m, pile_inset_m, pile_spacing_m, post_spacing_m, rack_pipes.",plan_offset,medium
trestle-jetty-001,,Jetty approach trestle (E-W) with trestle pipe rack and primary road,trestle,Jetty,Area_Jetty,2154.45,497.45,246540.82,3179323.07,95.74,18.89,114.63,cloud,yes,Plot Plan for Jetty Area · p1,"Shore start point annotated N.467.881 E.1,925.910 (SW deck corner). Road (W=5.4 m) on north half, TRESTLE PIPE RACK on south half; pipe expansion-loop bays bulge south at ~E1945, E2200, E2255. Deck EL indicative (shore HPFS EL 104.5).; Defaults: bay_spacing_m, bracing, deck_thickness_m, handrail, headstock, pile_d_m, pile_inset_m, pile_spacing_m, post_spacing_m.",,medium
trestle-jetty-002,,Jetty II N-S trestle (5.999 deg off north) with pipe rack and primary road,trestle,Jetty,Area_Jetty,2397.55,434.5,246752.57,3179188.08,97.37,14.34,111.71,cloud,yes,Plot Plan for Jetty Area · p1,"Rack on west side, primary road W=5.4 m on east side; continues north beyond package edge (N569) to Jetty I. Lay-by bulges on west side at ~N440 and ~N335.; Defaults: bay_spacing_m, bracing, deck_thickness_m, handrail, headstock, pile_d_m, pile_inset_m, pile_spacing_m, post_spacing_m.",plan_offset,medium
jetty_platform-jetty-loop-01,,Trestle expansion loop bay (N~636-611),jetty_platform,Jetty,Area_Jetty,2365.46,623.58,246780.48,3179377.82,97.87,14.41,112.28,cloud,yes,Plot Plan for Jetty Area · p1,"Deck widening on west side of trestle for pipe expansion loop.; Defaults: bay_spacing_m, bollard_spacing_m, bracing, deck_thickness_m, handrail, headstock, pile_d_m, pile_inset_m, pile_spacing_m, post_spacing_m.",plan_offset,medium
jetty_platform-jetty-loop-02,,Trestle expansion loop bay (N~727-701),jetty_platform,Jetty,Area_Jetty,2356.07,714.12,246799.52,3179466.83,102.62,9.89,112.51,cloud,yes,Plot Plan for Jetty Area · p1,"Deck widening on west side of trestle for pipe expansion loop.; Defaults: bay_spacing_m, bollard_spacing_m, bracing, deck_thickness_m, handrail, headstock, pile_d_m, pile_inset_m, pile_spacing_m, post_spacing_m.",plan_offset,medium
jetty_platform-jetty-head-bay,,Trestle head widening bay (LOP panels),jetty_platform,Jetty,Area_Jetty,2347.69,805.47,246819.78,3179556.3,102.39,10.16,112.55,cloud,yes,Plot Plan for Jetty Area · p1,"Defaults: bay_spacing_m, bollard_spacing_m, bracing, deck_thickness_m, handrail, headstock, pile_d_m, pile_inset_m, pile_spacing_m, post_spacing_m.",plan_offset,medium
jetty_platform-jetty-service-deck,,Jetty I service deck (operator house area),jetty_platform,Jetty,Area_Jetty,2365.92,837.47,246847.01,3179581.1,102.28,10.57,112.85,cloud,yes,Plot Plan for Jetty Area · p1,"West part of the jetty head carrying 10-B-11, 10-AH-0001, 10-HEF-001, 10-SC-D-01.; Defaults: bay_spacing_m, bollard_spacing_m, bracing, deck_thickness_m, handrail, headstock, pile_d_m, pile_inset_m, pile_spacing_m, post_spacing_m.",plan_offset,medium
jetty_platform-jetty-i-loading,,Jetty I loading arms platform (Berth #47),jetty_platform,Jetty,Area_Jetty,2397.74,840.54,246878.22,3179574.19,98.64,40.7,139.34,cloud,yes,Plot Plan for Jetty Area · p1,"Labelled JETTY 1 AREA LOADING ARMS PLATFORM / JETTY I (BERTH #47). Road loop and maintenance access corridor W=4000 on the deck.; Defaults: bay_spacing_m, bollard_spacing_m, bracing, deck_thickness_m, handrail, headstock, pile_d_m, pile_inset_m, pile_spacing_m, post_spacing_m.",plan_offset,medium
jetty_platform-jetty-basin-support,,Impound basin piled support,jetty_platform,Jetty,Area_Jetty,2369.0,886.3,246865.02,3179626.59,96.4,10.09,106.49,cloud,yes,Plot Plan for Jetty Area · p1,"Assumed piled structure under the offshore impound basin; not drawn separately.; Defaults: bay_spacing_m, bollard_spacing_m, bracing, deck_thickness_m, headstock, pile_d_m, pile_inset_m, pile_spacing_m, post_spacing_m.",plan_offset,low
jetty-platform-jetty-001,,Trestle junction platform,jetty_platform,Jetty,Area_Jetty,2378.36,525.57,246762.46,3179280.62,98.67,14.8,113.47,cloud,yes,Plot Plan for Jetty Area · p1,"Widened deck where E-W approach trestle joins N-S trestle; road curves both ways.; Defaults: bay_spacing_m, bollard_spacing_m, bracing, deck_thickness_m, handrail, headstock, pile_d_m, pile_inset_m, pile_spacing_m, post_spacing_m.",plan_offset,medium
jetty-platform-jetty-002,,Jetty II head / loading platform (Berth #4B),jetty_platform,Jetty,Area_Jetty,2439.25,273.22,246742.39,3179021.8,97.16,41.1,138.26,cloud,yes,Plot Plan for Jetty Area · p1,"Includes service area west of loading platform (operator house, foam, analyzer, sampling). Road loop on the head.; Defaults: bay_spacing_m, bollard_spacing_m, bracing, deck_thickness_m, handrail, headstock, pile_d_m, pile_inset_m, pile_spacing_m, post_spacing_m.",plan_offset,medium
jetty-platform-jetty-003,,Spill basin platform (SW of Jetty II head),jetty_platform,Jetty,Area_Jetty,2438.5,221.8,246725.79,3178973.13,96.43,11.08,107.51,cloud,yes,Plot Plan for Jetty Area · p1,"Square piled deck carrying basin 10-TC-02, pump 10-P-0002 and 10-HEG-002; R11000 circle drawn around it.; Defaults: bay_spacing_m, bollard_spacing_m, bracing, deck_thickness_m, handrail, headstock, pile_d_m, pile_inset_m, pile_spacing_m, post_spacing_m.",plan_offset,medium
jetty-platform-jetty-004,,Substation platform north of approach trestle,jetty_platform,Jetty,Area_Jetty,2251.38,524.61,246641.39,3179318.95,96.73,37.42,134.15,cloud,yes,Plot Plan for Jetty Area · p1,"Defaults: bay_spacing_m, bollard_spacing_m, bracing, deck_thickness_m, handrail, headstock, pile_d_m, pile_inset_m, pile_spacing_m, post_spacing_m.",plan_offset,medium
jetty-platform-jetty-005,,Flare platform,jetty_platform,Jetty,Area_Jetty,1989.4,342.7,246336.03,3179226.89,91.25,59.73,150.98,cloud,yes,Plot Plan for Jetty Area · p1,"Defaults: bay_spacing_m, bollard_spacing_m, bracing, deck_thickness_m, handrail, headstock, pile_d_m, pile_inset_m, pile_spacing_m, post_spacing_m.",plan_offset,medium
dolphin-jetty-md8,,MD8,dolphin,Jetty,Area_Jetty,2353.3,1054.8,246902.16,3179791.69,93.34,10.65,103.99,cloud,yes,Plot Plan for Jetty Area · p1,"Mooring dolphin, label MD8.; Defaults: cap_thickness_m, fender_side, pile_d_m, pile_inset_m, piles_across, piles_along.",plan_offset,high
dolphin-jetty-md7,,MD7,dolphin,Jetty,Area_Jetty,2358.9,1001.3,246890.95,3179739.08,93.5,10.48,103.98,cloud,yes,Plot Plan for Jetty Area · p1,"Mooring dolphin, label MD7.; Defaults: cap_thickness_m, fender_side, pile_d_m, pile_inset_m, piles_across, piles_along.",plan_offset,high
dolphin-jetty-md6,,MD6,dolphin,Jetty,Area_Jetty,2363.6,957.0,246881.73,3179695.5,93.97,10.24,104.21,cloud,yes,Plot Plan for Jetty Area · p1,"Mooring dolphin, label MD6.; Defaults: cap_thickness_m, fender_side, pile_d_m, pile_inset_m, piles_across, piles_along.",plan_offset,high
dolphin-jetty-md5,,MD5,dolphin,Jetty,Area_Jetty,2366.4,931.4,246876.49,3179670.29,94.84,9.48,104.32,cloud,yes,Plot Plan for Jetty Area · p1,"Mooring dolphin, label MD5.; Defaults: cap_thickness_m, fender_side, pile_d_m, pile_inset_m, piles_across, piles_along.",plan_offset,high
dolphin-jetty-bd4,,BD4,dolphin,Jetty,Area_Jetty,2404.7,891.0,246900.43,3179620.03,96.76,8.05,104.81,cloud,yes,Plot Plan for Jetty Area · p1,"Breasting dolphin, label BD4; fender panel on east (berth) face.; Defaults: cap_thickness_m, pile_d_m, pile_inset_m, piles_across, piles_along.",plan_offset,high
dolphin-jetty-bd3,,BD3,dolphin,Jetty,Area_Jetty,2406.9,864.0,246894.18,3179593.67,98.88,6.62,105.5,cloud,yes,Plot Plan for Jetty Area · p1,"Breasting dolphin, label BD3; adjoins NE corner of loading platform.; Defaults: cap_thickness_m, pile_d_m, pile_inset_m, piles_across, piles_along.",plan_offset,high
dolphin-jetty-bd2,,BD2,dolphin,Jetty,Area_Jetty,2412.0,816.3,246884.29,3179546.73,98.93,22.52,121.45,cloud,yes,Plot Plan for Jetty Area · p1,"Breasting dolphin, label BD2; carries gangway 10-A-0004.; Defaults: cap_thickness_m, pile_d_m, pile_inset_m, piles_across, piles_along.",plan_offset,high
dolphin-jetty-bd1,,BD1,dolphin,Jetty,Area_Jetty,2416.0,783.4,246877.93,3179514.2,96.27,8.69,104.96,cloud,yes,Plot Plan for Jetty Area · p1,"Breasting dolphin, label BD1.; Defaults: cap_thickness_m, pile_d_m, pile_inset_m, piles_across, piles_along.",plan_offset,high
dolphin-jetty-md4,,MD4,dolphin,Jetty,Area_Jetty,2386.5,739.0,246836.15,3179481.09,95.04,9.84,104.88,cloud,yes,Plot Plan for Jetty Area · p1,"Mooring dolphin, label MD4.; Defaults: cap_thickness_m, fender_side, pile_d_m, pile_inset_m, piles_across, piles_along.",plan_offset,high
dolphin-jetty-md3,,MD3,dolphin,Jetty,Area_Jetty,2390.6,699.3,246827.78,3179442.07,94.91,10.18,105.09,cloud,yes,Plot Plan for Jetty Area · p1,"Mooring dolphin, label MD3.; Defaults: cap_thickness_m, fender_side, pile_d_m, pile_inset_m, piles_across, piles_along.",plan_offset,high
dolphin-jetty-md2,,MD2,dolphin,Jetty,Area_Jetty,2394.2,665.9,246820.88,3179409.19,94.81,10.06,104.87,cloud,yes,Plot Plan for Jetty Area · p1,"Mooring dolphin, label MD2.; Defaults: cap_thickness_m, fender_side, pile_d_m, pile_inset_m, piles_across, piles_along.",plan_offset,high
dolphin-jetty-md1,,MD1,dolphin,Jetty,Area_Jetty,2400.2,611.0,246809.63,3179355.12,95.14,9.9,105.04,cloud,yes,Plot Plan for Jetty Area · p1,"Mooring dolphin, label MD1; catwalk west to trestle.; Defaults: cap_thickness_m, fender_side, pile_d_m, pile_inset_m, piles_across, piles_along.",plan_offset,high
dolphin-jetty-j2-md8,,Jetty II mooring dolphin MD8,dolphin,Jetty,Area_Jetty,2412.7,489.7,246784.03,3179235.9,94.84,9.98,104.82,cloud,yes,Plot Plan for Jetty Area · p1,"Defaults: cap_thickness_m, fender_side, pile_d_m, pile_inset_m, piles_across, piles_along.",,high
dolphin-jetty-j2-md7,,Jetty II mooring dolphin MD7,dolphin,Jetty,Area_Jetty,2418.4,436.8,246773.11,3179183.82,94.77,13.62,108.39,cloud,yes,Plot Plan for Jetty Area · p1,"Defaults: cap_thickness_m, fender_side, pile_d_m, pile_inset_m, piles_across, piles_along.",,high
dolphin-jetty-j2-md6,,Jetty II mooring dolphin MD6,dolphin,Jetty,Area_Jetty,2422.7,392.3,246763.45,3179140.17,95.03,12.13,107.16,cloud,yes,Plot Plan for Jetty Area · p1,"Defaults: cap_thickness_m, fender_side, pile_d_m, pile_inset_m, piles_across, piles_along.",plan_offset,high
dolphin-jetty-j2-md5,,Jetty II mooring dolphin MD5,dolphin,Jetty,Area_Jetty,2426.2,367.0,246758.96,3179115.03,94.9,12.27,107.17,cloud,yes,Plot Plan for Jetty Area · p1,"Defaults: cap_thickness_m, fender_side, pile_d_m, pile_inset_m, piles_across, piles_along.",plan_offset,high
dolphin-jetty-j2-bd4,,Jetty II breasting dolphin BD4,dolphin,Jetty,Area_Jetty,2464.0,326.0,246782.24,3179064.35,96.31,11.19,107.5,cloud,yes,Plot Plan for Jetty Area · p1,"Fender on east (berth) face.; Defaults: cap_thickness_m, pile_d_m, pile_inset_m, piles_across, piles_along.",plan_offset,high
dolphin-jetty-j2-bd3,,Jetty II breasting dolphin BD3,dolphin,Jetty,Area_Jetty,2467.0,298.9,246776.72,3179037.65,98.27,8.85,107.12,cloud,yes,Plot Plan for Jetty Area · p1,"Defaults: cap_thickness_m, pile_d_m, pile_inset_m, piles_across, piles_along.",plan_offset,high
dolphin-jetty-j2-bd2,,Jetty II breasting dolphin BD2,dolphin,Jetty,Area_Jetty,2469.5,251.5,246764.45,3178991.8,98.27,23.34,121.61,cloud,yes,Plot Plan for Jetty Area · p1,"Cap carries gangway 10-A-0005 tower on its west part.; Defaults: cap_thickness_m, pile_d_m, pile_inset_m, piles_across, piles_along.",plan_offset,high
dolphin-jetty-j2-bd1,,Jetty II breasting dolphin BD1,dolphin,Jetty,Area_Jetty,2473.4,217.7,246757.71,3178958.45,96.35,10.16,106.51,cloud,yes,Plot Plan for Jetty Area · p1,"Defaults: cap_thickness_m, pile_d_m, pile_inset_m, piles_across, piles_along.",plan_offset,high
dolphin-jetty-j2-md4,,Jetty II mooring dolphin MD4,dolphin,Jetty,Area_Jetty,2445.7,174.2,246717.93,3178925.64,94.98,10.63,105.61,cloud,yes,Plot Plan for Jetty Area · p1,"Defaults: cap_thickness_m, fender_side, pile_d_m, pile_inset_m, piles_across, piles_along.",plan_offset,high
dolphin-jetty-j2-md3,,Jetty II mooring dolphin MD3,dolphin,Jetty,Area_Jetty,2449.6,134.0,246709.22,3178886.2,94.71,10.58,105.29,cloud,yes,Plot Plan for Jetty Area · p1,"Defaults: cap_thickness_m, fender_side, pile_d_m, pile_inset_m, piles_across, piles_along.",plan_offset,high
dolphin-jetty-j2-md2,,Jetty II mooring dolphin MD2,dolphin,Jetty,Area_Jetty,2453.2,100.0,246702.13,3178852.75,94.86,10.63,105.49,cloud,yes,Plot Plan for Jetty Area · p1,"Defaults: cap_thickness_m, fender_side, pile_d_m, pile_inset_m, piles_across, piles_along.",plan_offset,high
dolphin-jetty-j2-md1,,Jetty II mooring dolphin MD1,dolphin,Jetty,Area_Jetty,2459.4,45.4,246691.16,3178798.91,95.2,10.14,105.34,cloud,yes,Plot Plan for Jetty Area · p1,"Defaults: cap_thickness_m, fender_side, pile_d_m, pile_inset_m, piles_across, piles_along.",,high
catwalk-jetty-01,,Catwalk MD8-MD7,catwalk,Jetty,Area_Jetty,2356.1,1028.05,246896.55,3179765.39,93.9,10.25,104.15,cloud,yes,Plot Plan for Jetty Area · p1,"Intermediate support at ~E2354.6 N1027.7.; Defaults: chord_m, grating_m, handrail, panel_m, post_spacing_m.",plan_offset,high
catwalk-jetty-02,,Catwalk MD7-MD6,catwalk,Jetty,Area_Jetty,2361.25,979.15,246886.34,3179717.29,94.18,10.2,104.38,cloud,yes,Plot Plan for Jetty Area · p1,"Defaults: chord_m, grating_m, handrail, panel_m, post_spacing_m.",plan_offset,high
catwalk-jetty-03,,Catwalk MD6-MD5,catwalk,Jetty,Area_Jetty,2365.0,944.2,246879.11,3179682.89,94.51,10.11,104.62,cloud,yes,Plot Plan for Jetty Area · p1,"Defaults: chord_m, grating_m, handrail, panel_m, post_spacing_m.",plan_offset,high
catwalk-jetty-04,,Catwalk MD5-BD4,catwalk,Jetty,Area_Jetty,2385.25,911.55,246888.28,3179645.58,96.26,8.34,104.6,cloud,yes,Plot Plan for Jetty Area · p1,"Intermediate support at ~E2384.5 N910.5.; Defaults: chord_m, grating_m, handrail, panel_m, post_spacing_m.",plan_offset,high
catwalk-jetty-05,,Catwalk BD4-BD3,catwalk,Jetty,Area_Jetty,2405.8,877.6,246897.33,3179606.94,96.29,8.79,105.08,cloud,yes,Plot Plan for Jetty Area · p1,"Defaults: chord_m, grating_m, handrail, panel_m, post_spacing_m.",plan_offset,high
catwalk-jetty-06,,Catwalk BD2-BD1,catwalk,Jetty,Area_Jetty,2413.5,799.5,246880.52,3179530.29,98.37,14.11,112.48,cloud,yes,Plot Plan for Jetty Area · p1,"Defaults: chord_m, grating_m, handrail, panel_m, post_spacing_m.",plan_offset,high
catwalk-jetty-07,,Catwalk BD1-MD4,catwalk,Jetty,Area_Jetty,2401.45,761.35,246857.27,3179497.73,96.78,8.15,104.93,cloud,yes,Plot Plan for Jetty Area · p1,"Intermediate support at ~E2399.7 N760.5.; Defaults: chord_m, grating_m, handrail, panel_m, post_spacing_m.",plan_offset,high
catwalk-jetty-08,,Catwalk MD4-MD3,catwalk,Jetty,Area_Jetty,2388.55,719.15,246831.97,3179461.58,95.27,10.82,106.09,cloud,yes,Plot Plan for Jetty Area · p1,"Defaults: chord_m, grating_m, handrail, panel_m, post_spacing_m.",plan_offset,high
catwalk-jetty-09,,Catwalk MD3-MD2,catwalk,Jetty,Area_Jetty,2392.4,682.6,246824.33,3179425.63,95.27,11.06,106.33,cloud,yes,Plot Plan for Jetty Area · p1,"Defaults: chord_m, grating_m, handrail, panel_m, post_spacing_m.",,high
catwalk-jetty-10,,Catwalk MD2-MD1,catwalk,Jetty,Area_Jetty,2397.2,638.45,246815.26,3179382.16,95.4,10.77,106.17,cloud,yes,Plot Plan for Jetty Area · p1,"Intermediate support at ~E2395.5 N637.3.; Defaults: chord_m, grating_m, handrail, panel_m, post_spacing_m.",,high
catwalk-jetty-11,,Catwalk trestle-MD1,catwalk,Jetty,Area_Jetty,2392.15,608.0,246801.04,3179354.76,96.64,9.09,105.73,cloud,yes,Plot Plan for Jetty Area · p1,"Defaults: chord_m, grating_m, handrail, panel_m, post_spacing_m.",plan_offset,high
catwalk-jetty-12,,Catwalk loading platform - impound basin,catwalk,Jetty,Area_Jetty,2378.08,870.2,246868.68,3179608.47,97.68,8.28,105.96,cloud,yes,Plot Plan for Jetty Area · p1,"Defaults: chord_m, grating_m, handrail, panel_m, post_spacing_m.",plan_offset,high
catwalk-jetty-001,,Catwalk trestle - MD8,catwalk,Jetty,Area_Jetty,2405.1,489.75,246776.82,3179238.29,95.56,10.45,106.01,cloud,yes,Plot Plan for Jetty Area · p1,"Defaults: chord_m, grating_m, handrail, panel_m, post_spacing_m.",plan_offset,high
catwalk-jetty-002,,Catwalk MD8 - MD7,catwalk,Jetty,Area_Jetty,2414.43,463.12,246777.47,3179210.08,94.58,13.51,108.09,cloud,yes,Plot Plan for Jetty Area · p1,"Intermediate pile support at ~E2413.5 N461.3.; Defaults: chord_m, grating_m, handrail, panel_m, post_spacing_m.",,high
catwalk-jetty-003,,Catwalk MD7 - MD6,catwalk,Jetty,Area_Jetty,2420.55,414.55,246768.28,3179162.0,94.52,13.52,108.04,cloud,yes,Plot Plan for Jetty Area · p1,"Defaults: chord_m, grating_m, handrail, panel_m, post_spacing_m.",,high
catwalk-jetty-004,,Catwalk MD6 - MD5,catwalk,Jetty,Area_Jetty,2424.45,379.65,246761.2,3179127.6,94.37,12.93,107.3,cloud,yes,Plot Plan for Jetty Area · p1,"Defaults: chord_m, grating_m, handrail, panel_m, post_spacing_m.",,high
catwalk-jetty-005,,Catwalk MD5 - BD4,catwalk,Jetty,Area_Jetty,2444.67,346.1,246770.06,3179089.45,94.58,12.93,107.51,cloud,yes,Plot Plan for Jetty Area · p1,"Intermediate pile support at ~E2443.5 N346.5.; Defaults: chord_m, grating_m, handrail, panel_m, post_spacing_m.",plan_offset,high
catwalk-jetty-006,,Catwalk BD4 - BD3,catwalk,Jetty,Area_Jetty,2465.5,312.45,246779.48,3179051.0,95.96,10.87,106.83,cloud,yes,Plot Plan for Jetty Area · p1,"Defaults: chord_m, grating_m, handrail, panel_m, post_spacing_m.",plan_offset,high
catwalk-jetty-007,,Catwalk BD2 - BD1,catwalk,Jetty,Area_Jetty,2472.15,234.45,246761.7,3178974.77,97.64,24.36,122.0,cloud,yes,Plot Plan for Jetty Area · p1,"Defaults: chord_m, grating_m, handrail, panel_m, post_spacing_m.",plan_offset,high
catwalk-jetty-008,,Catwalk BD1 - MD4,catwalk,Jetty,Area_Jetty,2459.52,195.97,246737.8,3178942.07,96.47,9.12,105.59,cloud,yes,Plot Plan for Jetty Area · p1,"Defaults: chord_m, grating_m, handrail, panel_m, post_spacing_m.",plan_offset,high
catwalk-jetty-009,,Catwalk MD4 - MD3,catwalk,Jetty,Area_Jetty,2447.65,154.1,246713.57,3178905.92,95.39,10.13,105.52,cloud,yes,Plot Plan for Jetty Area · p1,"Defaults: chord_m, grating_m, handrail, panel_m, post_spacing_m.",,high
catwalk-jetty-010,,Catwalk MD3 - MD2,catwalk,Jetty,Area_Jetty,2451.4,117.0,246705.67,3178869.48,95.1,10.17,105.27,cloud,yes,Plot Plan for Jetty Area · p1,"Defaults: chord_m, grating_m, handrail, panel_m, post_spacing_m.",,high
catwalk-jetty-011,,Catwalk MD2 - MD1,catwalk,Jetty,Area_Jetty,2455.48,72.61,246695.84,3178826.0,95.26,9.49,104.75,cloud,yes,Plot Plan for Jetty Area · p1,"Intermediate pile support at ~E2454.6 N73.1.; Defaults: chord_m, grating_m, handrail, panel_m, post_spacing_m.",plan_offset,high
catwalk-jetty-012,,Catwalk jetty head - spill basin platform,catwalk,Jetty,Area_Jetty,2443.96,240.02,246736.61,3178988.78,98.48,15.05,113.53,cloud,yes,Plot Plan for Jetty Area · p1,"A parallel pipe band runs alongside to the basin platform.; Defaults: chord_m, grating_m, handrail, panel_m, post_spacing_m.",plan_offset,high
road-jetty-001,,Primary road on approach trestle (W=5.4 m),road,Jetty,Area_Jetty,2150.8,500.4,246538.26,3179327.0,104.5,0.2,104.7,indicative,yes,Plot Plan for Jetty Area · p1,"Defaults: dash_m, gap_m, markings.",,medium
road-jetty-002,,Primary road on N-S trestle (W=5.4 m),road,Jetty,Area_Jetty,2401.85,434.9,246756.78,3179187.13,104.5,0.2,104.7,indicative,yes,Plot Plan for Jetty Area · p1,"Defaults: dash_m, gap_m, markings.",,medium
50-e-0001l,50-E-0001L,Open rack vaporizer L,vaporizer_orv,Process & Utility,Area_Process & Utility,1044.6,584.3,245512.12,3179748.61,100.0,8.0,108.0,indicative,yes,Plot Plan for Process & Utility,"Traced in review (package PU-2 returned no items). Panel bank extent read from plot plan.; Height assumed 8 m (type default).; Defaults: panels, stairs.",,medium
50-e-0001k,50-E-0001K,Open rack vaporizer K,vaporizer_orv,Process & Utility,Area_Process & Utility,1044.6,561.3,245505.01,3179726.74,100.0,8.0,108.0,indicative,yes,Plot Plan for Process & Utility,"Height assumed 8 m (type default).; Defaults: panels, stairs.",,medium
50-e-0001j,50-E-0001J,Open rack vaporizer J,vaporizer_orv,Process & Utility,Area_Process & Utility,1044.6,541.3,245498.83,3179707.72,100.0,8.0,108.0,indicative,yes,Plot Plan for Process & Utility,"Height assumed 8 m (type default).; Defaults: panels, stairs.",,medium
50-e-0001i,50-E-0001I,Open rack vaporizer I,vaporizer_orv,Process & Utility,Area_Process & Utility,1044.6,519.2,245492.0,3179686.7,100.0,8.0,108.0,indicative,yes,Plot Plan for Process & Utility,"Height assumed 8 m (type default).; Defaults: panels, stairs.",,medium
50-e-0001h,50-E-0001H,Open rack vaporizer H,vaporizer_orv,Process & Utility,Area_Process & Utility,1044.6,498.8,245485.7,3179667.3,100.0,8.0,108.0,indicative,yes,Plot Plan for Process & Utility,"Height assumed 8 m (type default).; Defaults: panels, stairs.",,medium
50-e-0001g,50-E-0001G,Open rack vaporizer G,vaporizer_orv,Process & Utility,Area_Process & Utility,1044.6,476.2,245478.71,3179645.8,100.0,8.0,108.0,indicative,yes,Plot Plan for Process & Utility,"Height assumed 8 m (type default).; Defaults: panels, stairs.",,medium
wall-pu-protection-01,,Protection wall (H=2.5) east of ORVs,wall,Process & Utility,Area_Process & Utility,1056.5,549.5,245512.68,3179711.84,100.0,2.5,102.5,drawing,yes,Plot Plan for Process & Utility,Labelled PROTECTION WALL (H=2.5).; Defaults: coping.,,medium
pipe_rack-pu-ns-north,,"Process main pipe rack PR (N-S), north part",pipe_rack,Process & Utility,Area_Process & Utility,1076.6,554.3,245533.28,3179710.19,100.0,16.2,116.2,indicative,yes,Plot Plan for Process & Utility,"Bents at E 1072.2 / 1081.0 from N 638.5 down to ~N 470 where pipe_rack-pu-ns-01 continues. Top taken from Section C-C tiers (TOS 116.2) by analogy.; Defaults: beam_depth_m, bent_spacing_m, bracing, column_section_m, columns_across, lines, n_tiers, pipe_fill, tier_gap_m.",,medium
50-ah-0001,50-AH-0001,Analyzer house,analyzer_house,Process & Utility,Area_Process & Utility,1094.8,637.3,245576.24,3179783.51,100.0,3.5,103.5,indicative,yes,Plot Plan for Process & Utility,"Leader from 50-AH-0001 label reaches this box.; Height assumed 3.5 m (type default).; Defaults: door_h, door_w, doors, hvac, parapet_h, parapet_t, plinth_h, roof_overhang, roof_t, sill_h, storey_h, window_h, windows.",,medium
50-b-13,50-B-13,Operator house process I,building,Process & Utility,Area_Process & Utility,1100.6,636.6,245581.54,3179781.05,100.0,3.0,103.0,indicative,yes,Plot Plan for Process & Utility,"50-B-13 label underline ends at this small box next to 50-AH-0001; very small for an operator house - check.; Defaults: door_h, door_w, doors, hvac, parapet_h, parapet_t, plinth_h, roof_overhang, roof_t, sill_h, storey_h, window_h, windows.",,low
50-ms-01,50-MS-01,Metering station shelter I,shelter,Process & Utility,Area_Process & Utility,1124.1,617.3,245597.92,3179755.43,100.0,12.0,112.0,indicative,yes,Plot Plan for Process & Utility,"Column grid E 1092.9-1155.3, N 604-630.6. Ortho shows blue roof ~6-8 m further north.; Defaults: bay, beam_d, column, roof_overhang, roof_t, slab_t.",,medium
50-a-0006,50-A-0006,Metering station package (refineries gas duct),package,Process & Utility,Area_Process & Utility,1119.2,624.9,245595.61,3179764.17,100.0,4.0,104.0,indicative,yes,Plot Plan for Process & Utility,"North skid row in 50-MS-01; 50-A-0006 label sits at the shelter NE corner.; Defaults: colour, style.",,low
package-pu-metering-south,,"Metering station package, south skid row (probably 50-A-0001)",package,Process & Utility,Area_Process & Utility,1119.8,612.6,245592.38,3179752.29,100.0,4.0,104.0,indicative,yes,Plot Plan for Process & Utility,"No tag at this outline; 50-A-0001 (metering station package) is in the equipment list but not labelled on the plan.; Defaults: colour, style.",,low
50-xc-0001,50-XC-0001,Overhead crane for metering station shelter,other,Process & Utility,Area_Process & Utility,1124.1,617.3,245597.92,3179755.43,109.0,1.0,110.0,indicative,yes,Plot Plan for Process & Utility,Bridge girder spanning the shelter; position along the runway arbitrary.,,low
50-f-0002e,50-F-0002E,NG trim heater E,heater,Process & Utility,Area_Process & Utility,1139.0,584.8,245602.05,3179719.92,100.0,5.0,105.0,indicative,yes,Plot Plan for Process & Utility,"Height assumed 5 m (type default).; Defaults: kind, stack.",,medium
50-f-0002d,50-F-0002D,NG trim heater D,heater,Process & Utility,Area_Process & Utility,1139.0,574.7,245598.93,3179710.31,100.0,5.0,105.0,indicative,yes,Plot Plan for Process & Utility,"Height assumed 5 m (type default).; Defaults: kind, stack.",,medium
50-f-0002c,50-F-0002C,NG trim heater C,heater,Process & Utility,Area_Process & Utility,1139.0,564.6,245595.81,3179700.71,100.0,5.0,105.0,indicative,yes,Plot Plan for Process & Utility,"Height assumed 5 m (type default).; Defaults: kind, stack.",,medium
50-f-0002b,50-F-0002B,NG trim heater B,heater,Process & Utility,Area_Process & Utility,1139.0,554.5,245592.69,3179691.1,100.0,5.0,105.0,indicative,yes,Plot Plan for Process & Utility,"Height assumed 5 m (type default).; Defaults: kind, stack.",,medium
50-f-0002a,50-F-0002A,NG trim heater A,heater,Process & Utility,Area_Process & Utility,1139.0,544.5,245589.6,3179681.59,100.0,5.0,105.0,indicative,yes,Plot Plan for Process & Utility,"Height assumed 5 m (type default).; Defaults: kind, stack.",,medium
30-tc-04,30-TC-04,Impound basin,basin,Process & Utility,Area_Process & Utility,1167.6,549.2,245618.25,3179677.22,97.0,3.3,100.3,indicative,yes,Plot Plan for Process & Utility,"Basin with R6000 circle; same arrangement as 30-TC-03.; Defaults: floor_t, freeboard, kerb_h, wall_t.",,medium
30-p-0003,30-P-0003,Process area impound basin pump,pump,Process & Utility,Area_Process & Utility,1164.9,546.1,245614.73,3179675.11,100.0,2.0,102.0,indicative,yes,Plot Plan for Process & Utility,"Position inside basin by analogy with 30-P-0002 in 30-TC-03.; Height assumed 2 m (type default).; Defaults: driver, kind, plinth.",,low
30-heg-002,30-HEG-002,Foam generator,package,Process & Utility,Area_Process & Utility,1172.6,552.8,245624.12,3179679.1,100.0,3.0,103.0,indicative,yes,Plot Plan for Process & Utility,"Position by analogy with 30-HEG-001.; Height assumed 3 m (type default).; Defaults: colour, style.",,low
30-hef-002,30-HEF-002,Foam system package for 30-TC-04,package,Process & Utility,Area_Process & Utility,1188.7,571.4,245645.18,3179691.82,100.0,3.0,103.0,indicative,yes,Plot Plan for Process & Utility,"Same arrangement as 30-HEF-001 for 30-TC-03.; Height assumed 3 m (type default).; Defaults: colour, style.",,medium
40-bc-01,40-BC-01,BOG compressors shelter,shelter,Process & Utility,Area_Process & Utility,1122.2,507.0,245562.03,3179651.12,100.0,19.5,119.5,indicative,yes,Plot Plan for Process & Utility,"Section A-A: 20 m span, eaves platform PF EL 118.000, crane rail PF EL 114.385; ridge ~EL 119.5 (scaled).; Defaults: bay, beam_d, column, roof_overhang, roof_t, slab_t.",,medium
40-xc-0001,40-XC-0001,Overhead crane (5 ton) for BOG compressor area,other,Process & Utility,Area_Process & Utility,1120.0,507.0,245559.94,3179651.8,114.385,1.015,115.4,drawing,yes,Plot Plan for Process & Utility,Rail PF EL 114.385 per Section A-A; bridge position along runway arbitrary.,,medium
40-k-0001d,40-K-0001D,BOG compressor D,compressor,Process & Utility,Area_Process & Utility,1093.3,509.0,245535.17,3179661.95,100.0,7.0,107.0,indicative,yes,Plot Plan for Process & Utility,"Operating floor PF EL 103.800 (Section A-A). Letter from leader of vertical label.; Defaults: enclosure, kind, operating_floor_m, throws.",,medium
40-k-0001c,40-K-0001C,BOG compressor C,compressor,Process & Utility,Area_Process & Utility,1108.1,509.0,245549.24,3179657.38,100.0,7.0,107.0,indicative,yes,Plot Plan for Process & Utility,"Defaults: enclosure, kind, operating_floor_m, throws.",,medium
40-k-0001b,40-K-0001B,BOG compressor B,compressor,Process & Utility,Area_Process & Utility,1131.4,509.0,245571.4,3179650.18,100.0,7.0,107.0,indicative,yes,Plot Plan for Process & Utility,"Defaults: enclosure, kind, operating_floor_m, throws.",,medium
40-k-0001a,40-K-0001A,BOG compressor A,compressor,Process & Utility,Area_Process & Utility,1146.2,509.0,245585.48,3179645.6,100.0,7.0,107.0,indicative,yes,Plot Plan for Process & Utility,"Defaults: enclosure, kind, operating_floor_m, throws.",,medium
40-dcp-004,40-DCP-004,Dry chemical package for 40-K-0001D,package,Process & Utility,Area_Process & Utility,1172.8,513.6,245612.2,3179641.76,100.0,3.0,103.0,indicative,yes,Plot Plan for Process & Utility,"Four cells in one enclosure E 1168.6-1177, N 497.6-516.3; cell order assumed 004 (north) to 001 (south) following label order.; Defaults: colour, style.",,low
40-dcp-003,40-DCP-003,Dry chemical package for 40-K-0001C,package,Process & Utility,Area_Process & Utility,1172.8,509.2,245610.84,3179637.57,100.0,3.0,103.0,indicative,yes,Plot Plan for Process & Utility,"Defaults: colour, style.",,low
40-dcp-002,40-DCP-002,Dry chemical package for 40-K-0001B,package,Process & Utility,Area_Process & Utility,1172.8,504.8,245609.48,3179633.39,100.0,3.0,103.0,indicative,yes,Plot Plan for Process & Utility,"Defaults: colour, style.",,low
40-dcp-001,40-DCP-001,Dry chemical package for 40-K-0001A,package,Process & Utility,Area_Process & Utility,1172.8,500.0,245607.99,3179628.82,100.0,3.0,103.0,indicative,yes,Plot Plan for Process & Utility,"Defaults: colour, style.",,low
40-pr-001,40-PR-001,Pipe rack 40-PR-001,pipe_rack,Process & Utility,Area_Process & Utility,1119.3,489.85,245553.98,3179635.7,100.0,8.0,108.0,indicative,yes,Plot Plan for Process & Utility,"Defaults: beam_depth_m, bent_spacing_m, bracing, column_section_m, columns_across, lines, n_tiers, pipe_fill, tier_gap_m.",,medium
40-v-0002,40-V-0002,BOG compressors drain vessel,vessel_h,Process & Utility,Area_Process & Utility,1109.9,481.6,245542.49,3179630.76,100.0,4.0,104.0,indicative,yes,Plot Plan for Process & Utility,"40-V-0001/0002 leader reaches this bunded enclosure; horizontal vessel assumed to be the drain vessel.; Height assumed 4 m (type default).; Defaults: d_m, head, insulated, nozzles, orient, saddle_h_m.",,low
40-v-0001,40-V-0001,BOG compressor suction drum,vessel_v,Process & Utility,Area_Process & Utility,1120.9,481.7,245552.98,3179627.46,100.0,8.0,108.0,indicative,yes,Plot Plan for Process & Utility,"Vertical drum in same enclosure as 40-V-0002; tag assignment inferred.; Height assumed 8 m (type default).; Defaults: d_m, head, insulated, ladder, nozzles, skirt_h_m, top_platform.",,low
40-v-0003,40-V-0003,Fuel gas KO drum,vessel_v,Process & Utility,Area_Process & Utility,1129.7,481.0,245561.13,3179624.07,100.0,8.0,108.0,indicative,yes,Plot Plan for Process & Utility,"Small vertical drum above the 40-V-0003 label; assignment inferred.; Height assumed 8 m (type default).; Defaults: d_m, head, insulated, ladder, nozzles, skirt_h_m, top_platform.",,low
heater-pu-40e-north,,"Fuel gas heaters (4 of 40-E-0001A~H), north row",heater,Process & Utility,Area_Process & Utility,1147.0,484.1,245578.54,3179621.67,100.0,3.0,103.0,indicative,yes,Plot Plan for Process & Utility,"Row of four ~4 m heater frames; letters A~H not resolved per unit.; Defaults: kind, stack.",,low
heater-pu-40e-south,,"Fuel gas heaters (4 of 40-E-0001A~H), south row",heater,Process & Utility,Area_Process & Utility,1147.0,473.4,245575.24,3179611.5,100.0,3.0,103.0,indicative,yes,Plot Plan for Process & Utility,"Row of four ~4 m heater frames; letters A~H not resolved per unit.; Defaults: kind, stack.",,low
40-h-0001,40-H-0001,Fuel gas electric heater,heater,Process & Utility,Area_Process & Utility,1145.8,479.0,245575.83,3179617.19,100.0,3.0,103.0,indicative,yes,Plot Plan for Process & Utility,"Frame between the two fuel gas heater rows; label 40-H-0001 below road - leader not traced.; Defaults: kind, stack.",,low
40-m-0001,40-M-0001,BOG compressors desuperheater,package,Process & Utility,Area_Process & Utility,1060.0,487.7,245496.91,3179651.98,100.0,3.0,103.0,indicative,yes,Plot Plan for Process & Utility,"Defaults: colour, style.",,low
50-a-0007-l-01a,50-A-0007-L-01A,Pig launcher (refineries gas duct),vessel_h,Process & Utility,Area_Process & Utility,1042.2,629.1,245523.68,3179791.96,100.0,4.0,104.0,indicative,yes,Plot Plan for Process & Utility,"Height assumed 4 m (type default).; Defaults: d_m, head, insulated, nozzles, orient, saddle_h_m.",,medium
50-a-0005-l-01c,50-A-0005-L-01C,Pig launcher C,vessel_h,Process & Utility,Area_Process & Utility,1043.4,623.4,245523.06,3179786.17,100.0,4.0,104.0,indicative,yes,Plot Plan for Process & Utility,"Height assumed 4 m (type default).; Defaults: d_m, head, insulated, nozzles, orient, saddle_h_m.",,medium
50-a-0005-l-01a,50-A-0005-L-01A,Pig launcher A,vessel_h,Process & Utility,Area_Process & Utility,1043.4,610.4,245519.04,3179773.81,100.0,4.0,104.0,indicative,yes,Plot Plan for Process & Utility,"Height assumed 4 m (type default).; Defaults: d_m, head, insulated, nozzles, orient, saddle_h_m.",,medium
