node,tag,name,type,area,group,plant_E,plant_N,utm39_E,utm39_N,base_EL,height_m,top_EL,height_source,has_geometry,source_sheet,notes,flags,confidence
50-tc-09,50-TC-09,Sea water intake pit (pump forebay),basin,Process-Utility,Area_Process-Utility,926.32,581.46,245398.24,3179804.75,93.0,7.3,100.3,indicative,yes,Plot Plan for Process & Utility,"Outline = open forebay between screen deck (N590.5) and pump shelter (N572.6) where the 50-TC-09 label sits; the pit structure probably also extends under the screens and the pump row. Depth not stated, indicative.",,medium
50-a-0002,50-A-0002,Sea water filtration package - screen deck,paved,Process-Utility,Area_Process-Utility,926.44,610.32,245407.38,3179832.12,100.0,0.3,100.3,indicative,yes,Plot Plan for Process & Utility,"Package envelope traced as the concrete deck over the screen channels (inlet chamber with 4 intake valves at N~630, channels, bar screens, drum screens, spray pumps). Components are separate items. Type chosen to avoid a solid block over the components.",,medium
50-a-0002-a-05a,50-A-0002-A-05A,Bar screen A,package,Process-Utility,Area_Process-Utility,888.8,607.2,245370.65,3179840.93,99.01,3.32,102.33,cloud,yes,Plot Plan for Process & Utility,10 screen units (2 per channel) at N~607; suffix order assumed west to east.; Defaults: colour.,plan_offset,medium
50-a-0002-a-05b,50-A-0002-A-05B,Bar screen B,package,Process-Utility,Area_Process-Utility,895.4,607.2,245376.92,3179838.86,87.85,11.6,99.45,cloud,yes,Plot Plan for Process & Utility,Suffix order assumed west to east.; Defaults: colour.,plan_offset,medium
50-a-0002-a-05c,50-A-0002-A-05C,Bar screen C,package,Process-Utility,Area_Process-Utility,905.2,607.2,245386.23,3179835.8,86.42,13.99,100.41,cloud,yes,Plot Plan for Process & Utility,Suffix order assumed west to east.; Defaults: colour.,,medium
50-a-0002-a-05d,50-A-0002-A-05D,Bar screen D,package,Process-Utility,Area_Process-Utility,911.8,607.2,245392.5,3179833.73,86.45,12.79,99.24,cloud,yes,Plot Plan for Process & Utility,Suffix order assumed west to east.; Defaults: colour.,,medium
50-a-0002-a-05e,50-A-0002-A-05E,Bar screen E,package,Process-Utility,Area_Process-Utility,921.6,607.2,245401.8,3179830.67,86.55,12.77,99.32,cloud,yes,Plot Plan for Process & Utility,Suffix order assumed west to east.; Defaults: colour.,,medium
50-a-0002-a-05f,50-A-0002-A-05F,Bar screen F,package,Process-Utility,Area_Process-Utility,928.2,607.2,245408.07,3179828.61,86.7,12.98,99.68,cloud,yes,Plot Plan for Process & Utility,Suffix order assumed west to east.; Defaults: colour.,,medium
50-a-0002-a-05g,50-A-0002-A-05G,Bar screen G,package,Process-Utility,Area_Process-Utility,938.0,607.2,245417.38,3179825.54,86.59,13.8,100.39,cloud,yes,Plot Plan for Process & Utility,Suffix order assumed west to east.; Defaults: colour.,,medium
50-a-0002-a-05h,50-A-0002-A-05H,Bar screen H,package,Process-Utility,Area_Process-Utility,944.6,607.2,245423.65,3179823.48,86.05,13.84,99.89,cloud,yes,Plot Plan for Process & Utility,Suffix order assumed west to east.; Defaults: colour.,,medium
50-a-0002-a-05i,50-A-0002-A-05I,Bar screen I,package,Process-Utility,Area_Process-Utility,954.4,607.2,245432.96,3179820.41,86.82,12.95,99.77,cloud,yes,Plot Plan for Process & Utility,Suffix order assumed west to east.; Defaults: colour.,,medium
50-a-0002-a-05j,50-A-0002-A-05J,Bar screen J,package,Process-Utility,Area_Process-Utility,961.0,607.2,245439.23,3179818.35,87.07,13.37,100.44,cloud,yes,Plot Plan for Process & Utility,Suffix order assumed west to east.; Defaults: colour.,,medium
50-a-0002-a-06a,50-A-0002-A-06A,Drum screen A,package,Process-Utility,Area_Process-Utility,892.7,598.3,245371.57,3179831.25,88.16,15.5,103.66,cloud,yes,Plot Plan for Process & Utility,5 drum screens at 16.4 m pitch; suffix order assumed west to east.; Defaults: colour.,,medium
50-a-0002-a-06b,50-A-0002-A-06B,Drum screen B,package,Process-Utility,Area_Process-Utility,909.1,598.3,245387.15,3179826.13,86.63,15.42,102.05,cloud,yes,Plot Plan for Process & Utility,Suffix order assumed west to east.; Defaults: colour.,plan_offset,medium
50-a-0002-a-06c,50-A-0002-A-06C,Drum screen C,package,Process-Utility,Area_Process-Utility,925.5,598.3,245402.73,3179821.0,87.0,15.12,102.12,cloud,yes,Plot Plan for Process & Utility,Suffix order assumed west to east.; Defaults: colour.,plan_offset,medium
50-a-0002-a-06d,50-A-0002-A-06D,Drum screen D,package,Process-Utility,Area_Process-Utility,941.9,598.3,245418.3,3179815.87,86.93,15.23,102.16,cloud,yes,Plot Plan for Process & Utility,Suffix order assumed west to east.; Defaults: colour.,plan_offset,medium
50-a-0002-a-06e,50-A-0002-A-06E,Drum screen E,package,Process-Utility,Area_Process-Utility,958.4,598.3,245433.98,3179810.71,87.08,15.1,102.18,cloud,yes,Plot Plan for Process & Utility,Suffix order assumed west to east.; Defaults: colour.,plan_offset,medium
50-a-0002-p-01a,50-A-0002-P-01A,Screen spray pump A,pump,Process-Utility,Area_Process-Utility,890.6,594.2,245368.29,3179828.02,91.57,7.83,99.4,cloud,yes,Plot Plan for Process & Utility,Pump + box at the SW corner of each drum screen; suffix order assumed west to east.; Defaults: plinth.,,medium
50-a-0002-p-01b,50-A-0002-P-01B,Screen spray pump B,pump,Process-Utility,Area_Process-Utility,907.0,594.2,245383.87,3179822.89,86.79,13.21,100.0,cloud,yes,Plot Plan for Process & Utility,Suffix order assumed west to east.; Defaults: plinth.,,medium
50-a-0002-p-01c,50-A-0002-P-01C,Screen spray pump C,pump,Process-Utility,Area_Process-Utility,923.4,594.2,245399.45,3179817.76,86.88,13.26,100.14,cloud,yes,Plot Plan for Process & Utility,Suffix order assumed west to east.; Defaults: plinth.,,medium
50-a-0002-p-01d,50-A-0002-P-01D,Screen spray pump D,pump,Process-Utility,Area_Process-Utility,939.8,594.2,245415.03,3179812.63,87.39,14.6,101.99,cloud,yes,Plot Plan for Process & Utility,Suffix order assumed west to east.; Defaults: plinth.,,medium
50-a-0002-p-01e,50-A-0002-P-01E,Screen spray pump E,pump,Process-Utility,Area_Process-Utility,956.2,594.2,245430.6,3179807.5,87.19,14.69,101.88,cloud,yes,Plot Plan for Process & Utility,Suffix order assumed west to east.; Defaults: plinth.,,medium
50-p-0001a,50-P-0001A,ORV sea water supply pump A,pump,Process-Utility,Area_Process-Utility,909.2,562.5,245376.05,3179792.09,100.0,4.5,104.5,indicative,yes,Plot Plan for Process & Utility,Row of 14 vertical pumps at 4.21 m pitch under shelter 70-UB-03; range label 50-P-0001A~N; suffix order assumed west to east.; Defaults: plinth.,missing_in_cloud,medium
50-p-0001b,50-P-0001B,ORV sea water supply pump B,pump,Process-Utility,Area_Process-Utility,913.4,562.5,245380.04,3179790.78,100.0,4.5,104.5,indicative,yes,Plot Plan for Process & Utility,Suffix order assumed west to east.; Defaults: plinth.,missing_in_cloud,medium
50-p-0001c,50-P-0001C,ORV sea water supply pump C,pump,Process-Utility,Area_Process-Utility,917.6,562.5,245384.03,3179789.46,100.0,4.5,104.5,indicative,yes,Plot Plan for Process & Utility,Suffix order assumed west to east.; Defaults: plinth.,missing_in_cloud,medium
50-p-0001d,50-P-0001D,ORV sea water supply pump D,pump,Process-Utility,Area_Process-Utility,921.8,562.5,245388.02,3179788.15,100.0,4.5,104.5,indicative,yes,Plot Plan for Process & Utility,Suffix order assumed west to east.; Defaults: plinth.,missing_in_cloud,medium
50-p-0001e,50-P-0001E,ORV sea water supply pump E,pump,Process-Utility,Area_Process-Utility,926.1,562.5,245392.1,3179786.8,100.0,4.5,104.5,indicative,yes,Plot Plan for Process & Utility,Suffix order assumed west to east.; Defaults: plinth.,missing_in_cloud,medium
50-p-0001f,50-P-0001F,ORV sea water supply pump F,pump,Process-Utility,Area_Process-Utility,930.3,562.5,245396.09,3179785.49,100.0,4.5,104.5,indicative,yes,Plot Plan for Process & Utility,Suffix order assumed west to east.; Defaults: plinth.,missing_in_cloud,medium
50-p-0001g,50-P-0001G,ORV sea water supply pump G,pump,Process-Utility,Area_Process-Utility,934.5,562.5,245400.08,3179784.18,100.0,4.5,104.5,indicative,yes,Plot Plan for Process & Utility,Suffix order assumed west to east.; Defaults: plinth.,missing_in_cloud,medium
50-p-0001h,50-P-0001H,ORV sea water supply pump H,pump,Process-Utility,Area_Process-Utility,938.7,562.5,245404.07,3179782.86,100.0,4.5,104.5,indicative,yes,Plot Plan for Process & Utility,Suffix order assumed west to east.; Defaults: plinth.,missing_in_cloud,medium
50-p-0001i,50-P-0001I,ORV sea water supply pump I,pump,Process-Utility,Area_Process-Utility,942.9,562.5,245408.06,3179781.55,100.0,4.5,104.5,indicative,yes,Plot Plan for Process & Utility,Suffix order assumed west to east.; Defaults: plinth.,missing_in_cloud,medium
50-p-0001j,50-P-0001J,ORV sea water supply pump J,pump,Process-Utility,Area_Process-Utility,947.1,562.5,245412.05,3179780.24,100.0,4.5,104.5,indicative,yes,Plot Plan for Process & Utility,Suffix order assumed west to east.; Defaults: plinth.,missing_in_cloud,medium
50-p-0001k,50-P-0001K,ORV sea water supply pump K,pump,Process-Utility,Area_Process-Utility,951.4,562.5,245416.13,3179778.89,100.0,4.5,104.5,indicative,yes,Plot Plan for Process & Utility,Suffix order assumed west to east.; Defaults: plinth.,missing_in_cloud,medium
50-p-0001l,50-P-0001L,ORV sea water supply pump L,pump,Process-Utility,Area_Process-Utility,955.6,562.5,245420.12,3179777.58,100.0,4.5,104.5,indicative,yes,Plot Plan for Process & Utility,Suffix order assumed west to east.; Defaults: plinth.,missing_in_cloud,medium
50-p-0001m,50-P-0001M,ORV sea water supply pump M,pump,Process-Utility,Area_Process-Utility,959.8,562.5,245424.11,3179776.27,100.0,4.5,104.5,indicative,yes,Plot Plan for Process & Utility,Suffix order assumed west to east.; Defaults: plinth.,missing_in_cloud,medium
50-p-0001n,50-P-0001N,ORV sea water supply pump N,pump,Process-Utility,Area_Process-Utility,964.0,562.5,245428.1,3179774.95,100.0,4.5,104.5,indicative,yes,Plot Plan for Process & Utility,Suffix order assumed west to east.; Defaults: plinth.,missing_in_cloud,medium
70-ub-03,70-UB-03,Sea water pump shelter,shelter,Process-Utility,Area_Process-Utility,924.6,566.2,245391.83,3179790.79,99.85,4.64,104.49,cloud,yes,Plot Plan for Process & Utility,"Dashed outline E883.5-965.7, N559.8-572.7 covering fire pumps 70-P-0005 and ORV SW pumps 50-P-0001A~N; column arches at ~4.2 m. Label 70-UB-03 just south.; Defaults: beam_d, column, roof_overhang, roof_t, slab_t.",plan_offset,medium
70-p-0005b,70-P-0005B,Fire sea water pump B (diesel),pump_group,Process-Utility,Area_Process-Utility,886.9,564.8,245355.59,3179801.25,99.79,5.46,105.25,cloud,yes,Plot Plan for Process & Utility,"Range label 70-P-0005B~D; three diesel-driven units in the west end of the shelter, pump head (circle) at south end N561.8; B~D assumed west to east.; Defaults: pitch_m.",plan_offset,medium
70-p-0005c,70-P-0005C,Fire sea water pump C (diesel),pump_group,Process-Utility,Area_Process-Utility,891.3,564.8,245359.77,3179799.87,99.84,1.94,101.78,cloud,yes,Plot Plan for Process & Utility,Range label 70-P-0005B~D; order assumed west to east.; Defaults: pitch_m.,,medium
70-p-0005d,70-P-0005D,Fire sea water pump D (diesel),pump_group,Process-Utility,Area_Process-Utility,895.5,564.8,245363.76,3179798.56,99.87,0.67,100.54,cloud,yes,Plot Plan for Process & Utility,Range label 70-P-0005B~D; order assumed west to east.; Defaults: pitch_m.,plan_offset,medium
70-p-0005b-v-01,70-P-0005B-V-01,Fire pump diesel tank B,storage_tank_small,Process-Utility,Area_Process-Utility,873.8,571.9,245345.36,3179812.09,100.0,2.5,102.5,indicative,yes,Plot Plan for Process & Utility,"Range label 70-P-0005B~D-V-01 west of ML with leader east; three framed drums on a pad E871.5-882.4, N568.4-573.8 west of shelter; B~D assumed west to east.; Defaults: bund_h_m, form, handrail, ladder, roof, roof_slope.",missing_in_cloud,medium
70-p-0005c-v-01,70-P-0005C-V-01,Fire pump diesel tank C,storage_tank_small,Process-Utility,Area_Process-Utility,877.1,571.9,245348.5,3179811.05,100.0,2.5,102.5,indicative,yes,Plot Plan for Process & Utility,"See B.; Defaults: bund_h_m, form, handrail, ladder, roof, roof_slope.",missing_in_cloud,medium
70-p-0005d-v-01,70-P-0005D-V-01,Fire pump diesel tank D,storage_tank_small,Process-Utility,Area_Process-Utility,880.3,571.9,245351.54,3179810.05,100.0,2.5,102.5,indicative,yes,Plot Plan for Process & Utility,"See B.; Defaults: bund_h_m, form, handrail, ladder, roof, roof_slope.",missing_in_cloud,medium
70-ub-04,70-UB-04,Fire water pump shelter,shelter,Process-Utility,Area_Process-Utility,879.6,520.45,245334.78,3179761.4,100.53,1.95,102.48,cloud,yes,Plot Plan for Process & Utility,"Label 70-UB-04 at left (E800-840, N520) on line with this pump shelter; leader not traced across full gap. Column grid ~5 m.; Defaults: beam_d, column, roof_overhang, roof_t, slab_t.",plan_offset,medium
70-p-0007b,70-P-0007B,Fire water pump B (diesel),pump,Process-Utility,Area_Process-Utility,872.4,521.4,245328.24,3179764.56,100.0,2.5,102.5,indicative,yes,Plot Plan for Process & Utility,Diesel-driven pump with radiator at north end inside 70-UB-04; leader from vertical label ends near E870 (path crosses tank area).; Defaults: plinth.,missing_in_cloud,medium
70-p-0007b-v-01,70-P-0007B-V-01,Fire water pump B diesel drum,vessel_h,Process-Utility,Area_Process-Utility,875.8,519.1,245330.75,3179761.31,100.0,2.0,102.0,indicative,yes,Plot Plan for Process & Utility,"X-marked box beside diesel pump in shelter; label leader not visible, assignment by function.; Defaults: d_m, head, insulated, nozzles, orient, saddle_h_m.",missing_in_cloud,low
70-p-0007a,70-P-0007A,Fire water pump A (electric),pump,Process-Utility,Area_Process-Utility,881.35,520.5,245336.46,3179760.9,100.59,1.06,101.65,cloud,yes,Plot Plan for Process & Utility,"Leader runs north at E880-881.5, interrupted by 70-T-0002; points at motor pump in shelter.; Defaults: plinth.",plan_offset,medium
70-p-0006a,70-P-0006A,Fire water jockey pump A,pump,Process-Utility,Area_Process-Utility,885.35,519.15,245339.84,3179758.37,100.0,1.5,101.5,indicative,yes,Plot Plan for Process & Utility,"Two small pumps in fire pump shelter; A/B order assumed west-east.; Defaults: driver, plinth.",missing_in_cloud,medium
70-p-0006b,70-P-0006B,Fire water jockey pump B,pump,Process-Utility,Area_Process-Utility,887.8,519.15,245342.17,3179757.6,100.0,1.5,101.5,indicative,yes,Plot Plan for Process & Utility,"A/B order assumed.; Defaults: driver, plinth.",missing_in_cloud,medium
70-v-0003,70-V-0003,Desalinated water pressure breaker vessel,vessel_h,Process-Utility,Area_Process-Utility,892.45,517.45,245346.05,3179754.54,100.0,2.0,102.0,indicative,yes,Plot Plan for Process & Utility,"Defaults: d_m, head, insulated, nozzles, orient, saddle_h_m.",missing_in_cloud,medium
70-p-0009b,70-P-0009B,Desalinated/utility water pump B,pump,Process-Utility,Area_Process-Utility,895.55,512.1,245347.32,3179748.48,100.0,1.2,101.2,indicative,yes,Plot Plan for Process & Utility,"Defaults: driver, plinth.",missing_in_cloud,high
70-p-0009a,70-P-0009A,Desalinated/utility water pump A,pump,Process-Utility,Area_Process-Utility,895.55,509.5,245346.51,3179746.01,100.0,1.2,101.2,indicative,yes,Plot Plan for Process & Utility,"Defaults: driver, plinth.",plan_offset,high
70-p-0010b,70-P-0010B,Utility water pump B,pump,Process-Utility,Area_Process-Utility,895.55,506.5,245345.57,3179743.17,100.99,7.74,108.73,cloud,yes,Plot Plan for Process & Utility,"Defaults: driver, plinth.",,high
70-p-0010a,70-P-0010A,Utility water pump A,pump,Process-Utility,Area_Process-Utility,895.55,503.6,245344.67,3179740.41,101.08,8.76,109.84,cloud,yes,Plot Plan for Process & Utility,"Defaults: driver, plinth.",,high
70-t-0002,70-T-0002,Utility/fire water tank,storage_tank_small,Process-Utility,Area_Process-Utility,879.5,503.5,245329.39,3179745.33,100.87,9.6,110.47,cloud,yes,Plot Plan for Process & Utility,"Shell D~9 m; octagonal ring / pad ~12 m around.; Defaults: bund_h_m, form, handrail, ladder, roof, roof_slope.",plan_offset,high
70-s-0001a,70-S-0001A,Sea water cooling filter A,vessel_v,Process-Utility,Area_Process-Utility,934.15,484.9,245375.48,3179710.58,100.0,3.0,103.0,indicative,yes,Plot Plan for Process & Utility,"A/B order assumed west-east.; Defaults: d_m, head, insulated, ladder, nozzles, skirt_h_m, top_platform.",missing_in_cloud,medium
70-s-0001b,70-S-0001B,Sea water cooling filter B,vessel_v,Process-Utility,Area_Process-Utility,936.35,484.9,245377.57,3179709.89,100.0,3.0,103.0,indicative,yes,Plot Plan for Process & Utility,"Defaults: d_m, head, insulated, ladder, nozzles, skirt_h_m, top_platform.",missing_in_cloud,medium
70-a-0004b,70-A-0004B,Package 70-A-0004B,package,Process-Utility,Area_Process-Utility,933.3,470.5,245370.17,3179697.17,100.0,3.0,103.0,indicative,yes,Plot Plan for Process & Utility,Defaults: colour.,missing_in_cloud,high
70-a-0004a,70-A-0004A,Package 70-A-0004A,package,Process-Utility,Area_Process-Utility,933.3,459.4,245366.7,3179686.62,101.92,5.07,106.99,cloud,yes,Plot Plan for Process & Utility,Defaults: colour.,plan_offset,high
70-ub-02,70-UB-02,Sodium hypochlorite tank shelter,shelter,Process-Utility,Area_Process-Utility,959.8,484.05,245399.58,3179701.75,101.33,15.2,116.53,cloud,yes,Plot Plan for Process & Utility,"Defaults: beam_d, column, roof_overhang, roof_t, slab_t.",plan_offset,high
50-t-0002b,50-T-0002B,Sodium hypochlorite tank B,storage_tank_small,Process-Utility,Area_Process-Utility,955.0,496.5,245398.92,3179715.08,100.0,5.5,105.5,indicative,yes,Plot Plan for Process & Utility,"West column = B/D/F/H by label line ending at E955; order N->S assumed.; Defaults: bund_h_m, form, handrail, ladder, roof, roof_slope.",missing_in_cloud,medium
50-t-0002d,50-T-0002D,Sodium hypochlorite tank D,storage_tank_small,Process-Utility,Area_Process-Utility,955.0,487.6,245396.13,3179706.62,100.0,5.5,105.5,indicative,yes,Plot Plan for Process & Utility,"Defaults: bund_h_m, form, handrail, ladder, roof, roof_slope.",missing_in_cloud,medium
50-t-0002f,50-T-0002F,Sodium hypochlorite tank F,storage_tank_small,Process-Utility,Area_Process-Utility,955.0,480.7,245393.98,3179700.07,101.66,4.09,105.75,cloud,yes,Plot Plan for Process & Utility,"Defaults: bund_h_m, form, handrail, ladder, roof, roof_slope.",plan_offset,medium
50-t-0002h,50-T-0002H,Sodium hypochlorite tank H,storage_tank_small,Process-Utility,Area_Process-Utility,955.0,471.5,245391.1,3179691.33,101.96,3.64,105.6,cloud,yes,Plot Plan for Process & Utility,"Defaults: bund_h_m, form, handrail, ladder, roof, roof_slope.",,medium
50-t-0002a,50-T-0002A,Sodium hypochlorite tank A,storage_tank_small,Process-Utility,Area_Process-Utility,962.5,496.5,245406.04,3179712.73,100.0,5.5,105.5,indicative,yes,Plot Plan for Process & Utility,"East column = A/C/E/G; order N->S assumed.; Defaults: bund_h_m, form, handrail, ladder, roof, roof_slope.",missing_in_cloud,medium
50-t-0002c,50-T-0002C,Sodium hypochlorite tank C,storage_tank_small,Process-Utility,Area_Process-Utility,962.5,487.6,245403.26,3179704.28,100.0,5.5,105.5,indicative,yes,Plot Plan for Process & Utility,"Defaults: bund_h_m, form, handrail, ladder, roof, roof_slope.",missing_in_cloud,medium
50-t-0002e,50-T-0002E,Sodium hypochlorite tank E,storage_tank_small,Process-Utility,Area_Process-Utility,962.5,480.7,245401.1,3179697.72,101.66,12.26,113.92,cloud,yes,Plot Plan for Process & Utility,"Defaults: bund_h_m, form, handrail, ladder, roof, roof_slope.",,medium
50-t-0002g,50-T-0002G,Sodium hypochlorite tank G,storage_tank_small,Process-Utility,Area_Process-Utility,962.5,471.5,245398.22,3179688.99,102.61,11.81,114.42,cloud,yes,Plot Plan for Process & Utility,"Defaults: bund_h_m, form, handrail, ladder, roof, roof_slope.",,medium
50-a-0003,50-A-0003,Sodium hypochlorite injection package (canopy),shelter,Process-Utility,Area_Process-Utility,973.45,481.4,245411.72,3179694.97,101.59,14.72,116.31,cloud,yes,Plot Plan for Process & Utility,"Dash-dot outline E969.7-977.2 N474.6-488.2 with skid E971.5-975.0 N477.1-486.5 inside; pumps traced as own items.; Defaults: beam_d, column, roof_overhang, roof_t, slab_t.",plan_offset,medium
50-a-0003-p-01a-c,50-A-0003-P-01A~C,Hypochlorite injection pumps P-01A~C,pump_group,Process-Utility,Area_Process-Utility,973.25,484.15,245412.39,3179697.64,101.62,12.73,114.35,cloud,yes,Plot Plan for Process & Utility,"Label partly beyond package edge; leader ends at enclosure east side N483.2; split of skid into P-01/P-02 halves assumed.; Defaults: driver, kind, pitch_m.",missing_in_cloud,low
50-a-0003-p-02a-c,50-A-0003-P-02A~C,Hypochlorite injection pumps P-02A~C,pump_group,Process-Utility,Area_Process-Utility,973.25,479.45,245410.92,3179693.18,101.9,13.54,115.44,cloud,yes,Plot Plan for Process & Utility,"Leader ends at enclosure east side N480.1.; Defaults: driver, kind, pitch_m.",,low
70-v-1001,70-V-1001,Air receiver,vessel_v,Process-Utility,Area_Process-Utility,951.0,452.1,245381.23,3179674.15,102.24,3.48,105.72,cloud,yes,Plot Plan for Process & Utility,"Label underline drops to small circle at west end of receiver pad.; Defaults: d_m, head, insulated, ladder, nozzles, skirt_h_m, top_platform.",,medium
70-v-1002a,70-V-1002A,Air receiver A,vessel_v,Process-Utility,Area_Process-Utility,957.9,452.1,245387.79,3179672.0,102.37,9.83,112.2,cloud,yes,Plot Plan for Process & Utility,"Label cut at package edge (70-...); A/B order assumed W-E. Octagon foundation ~5.4 m.; Defaults: d_m, head, insulated, ladder, nozzles, skirt_h_m, top_platform.",plan_offset,medium
70-v-1002b,70-V-1002B,Air receiver B,vessel_v,Process-Utility,Area_Process-Utility,966.5,452.1,245395.96,3179669.31,102.73,14.14,116.87,cloud,yes,Plot Plan for Process & Utility,"Defaults: d_m, head, insulated, ladder, nozzles, skirt_h_m, top_platform.",,medium
70-ub-01,70-UB-01,Air compressor shelter,shelter,Process-Utility,Area_Process-Utility,957.7,430.4,245380.81,3179651.45,102.58,20.09,122.67,cloud,yes,Plot Plan for Process & Utility,"Defaults: beam_d, column, roof_overhang, roof_t, slab_t.",plan_offset,high
70-a-1002a,70-A-1002A,Air dryer A,package,Process-Utility,Area_Process-Utility,956.5,442.45,245383.44,3179663.27,102.41,4.72,107.13,cloud,yes,Plot Plan for Process & Utility,A/B order assumed N-S.; Defaults: colour.,plan_offset,medium
70-a-1002b,70-A-1002B,Air dryer B,package,Process-Utility,Area_Process-Utility,956.5,438.55,245382.22,3179659.56,102.52,5.8,108.32,cloud,yes,Plot Plan for Process & Utility,Defaults: colour.,,medium
70-a-1001b,70-A-1001B,Air compressor B,package,Process-Utility,Area_Process-Utility,957.15,432.2,245380.85,3179653.33,102.65,8.66,111.31,cloud,yes,Plot Plan for Process & Utility,Label order (1001B above 1001A) used for N/S assignment.; Defaults: colour.,plan_offset,medium
70-a-1001a,70-A-1001A,Air compressor A,package,Process-Utility,Area_Process-Utility,957.15,420.65,245377.24,3179642.36,102.79,10.62,113.41,cloud,yes,Plot Plan for Process & Utility,Defaults: colour.,plan_offset,medium
70-a-1001b-s-01,70-A-1001B-S-01,Air compressor B inlet filter,package,Process-Utility,Area_Process-Utility,967.35,431.7,245390.38,3179649.67,102.74,22.55,125.29,cloud,yes,Plot Plan for Process & Utility,Unit with cartridge circles outside east wall of 70-UB-01; label partially beyond package edge.; Defaults: colour.,,low
70-a-1001a-s-01,70-A-1001A-S-01,Air compressor A inlet filter,package,Process-Utility,Area_Process-Utility,967.35,420.25,245386.8,3179638.79,103.34,12.23,115.57,cloud,yes,Plot Plan for Process & Utility,Defaults: colour.,plan_offset,low
70-xc-0001,70-XC-0001,Compressor house overhead crane,other,Process-Utility,Area_Process-Utility,957.7,426.0,245379.44,3179647.27,102.71,11.79,114.5,cloud,yes,Plot Plan for Process & Utility,Crane bridge modelled as beam across 70-UB-01 over the X-marked maintenance bay (N424.4-427.6); position along runway indicative.,plan_offset,low
70-p-0008a,70-P-0008A,Pump 70-P-0008A,pump,Process-Utility,Area_Process-Utility,938.05,456.2,245370.21,3179682.1,102.08,4.98,107.06,cloud,yes,Plot Plan for Process & Utility,"Vertical label in N-S rack; leader squiggle heads west at ~N461 toward this northern pump pair. A/B order assumed.; Defaults: driver, plinth.",,low
70-p-0008b,70-P-0008B,Pump 70-P-0008B,pump,Process-Utility,Area_Process-Utility,938.05,453.1,245369.24,3179679.15,102.14,1.35,103.49,cloud,yes,Plot Plan for Process & Utility,"Defaults: driver, plinth.",plan_offset,low
70-p-0003a,70-P-0003A,Pump 70-P-0003A,pump,Process-Utility,Area_Process-Utility,938.05,450.1,245368.31,3179676.3,102.18,4.0,106.18,cloud,yes,Plot Plan for Process & Utility,"No legible 70-P-0003A/B label found in package; assigned to remaining unlabelled pump pair by elimination.; Defaults: driver, plinth.",,low
70-p-0003b,70-P-0003B,Pump 70-P-0003B,pump,Process-Utility,Area_Process-Utility,938.05,447.2,245367.4,3179673.55,102.23,5.04,107.27,cloud,yes,Plot Plan for Process & Utility,"Defaults: driver, plinth.",,low
70-p-0001a-b,70-P-0001A/B,Pumps 70-P-0001A/B skid,pump_group,Process-Utility,Area_Process-Utility,937.8,442.5,245365.69,3179669.16,102.31,4.27,106.58,cloud,yes,Plot Plan for Process & Utility,"Vertical label in N-S rack; diagonal leader reaches rack column at N443.8 opposite this two-pump skid.; Defaults: driver, kind, pitch_m.",plan_offset,low
70-p-0002a,70-P-0002A,Pump 70-P-0002A,pump,Process-Utility,Area_Process-Utility,938.05,439.2,245364.9,3179665.95,102.35,2.96,105.31,cloud,yes,Plot Plan for Process & Utility,"Label at N404 with leader up line E940.3 to this pair. A/B order assumed.; Defaults: driver, plinth.",plan_offset,medium
70-p-0002b,70-P-0002B,Pump 70-P-0002B,pump,Process-Utility,Area_Process-Utility,938.05,436.1,245363.93,3179663.01,100.0,1.2,101.2,indicative,yes,Plot Plan for Process & Utility,"Defaults: driver, plinth.",missing_in_cloud,medium
70-v-0002,70-V-0002,Vessel 70-V-0002,vessel_v,Process-Utility,Area_Process-Utility,931.95,455.9,245364.33,3179683.72,100.0,4.0,104.0,indicative,yes,Plot Plan for Process & Utility,"Leader from label stack at N457 ends at this vessel; small box below it (N453-454.5) not traced.; Defaults: d_m, head, insulated, ladder, nozzles, skirt_h_m, top_platform.",missing_in_cloud,high
70-v-0001,70-V-0001,Vessel 70-V-0001,vessel_h,Process-Utility,Area_Process-Utility,930.5,450.35,245361.21,3179678.9,100.0,2.2,102.2,indicative,yes,Plot Plan for Process & Utility,"Defaults: d_m, head, insulated, nozzles, orient, saddle_h_m.",missing_in_cloud,high
70-t-0001b,70-T-0001B,Potable water tank B,storage_tank_small,Process-Utility,Area_Process-Utility,929.0,444.3,245357.9,3179673.62,100.0,6.0,106.0,indicative,yes,Plot Plan for Process & Utility,"Defaults: bund_h_m, form, handrail, ladder, roof, roof_slope.",missing_in_cloud,high
70-t-0001a,70-T-0001A,Potable water tank A,storage_tank_small,Process-Utility,Area_Process-Utility,929.0,435.2,245355.05,3179664.98,100.0,6.0,106.0,indicative,yes,Plot Plan for Process & Utility,"Defaults: bund_h_m, form, handrail, ladder, roof, roof_slope.",missing_in_cloud,high
70-a-0003,70-A-0003,Package 70-A-0003 (between potable water tanks),package,Process-Utility,Area_Process-Utility,931.8,440.1,245359.24,3179668.76,100.0,2.5,102.5,indicative,yes,Plot Plan for Process & Utility,"Leader ends at E931.5 N446, just north of this stair-access unit between 70-T-0001A/B.; Defaults: colour.",missing_in_cloud,low
70-ub-08,70-UB-08,Shelter 70-UB-08,shelter,Process-Utility,Area_Process-Utility,931.0,428.7,245354.92,3179658.18,100.0,5.0,105.0,indicative,yes,Plot Plan for Process & Utility,"Defaults: beam_d, column, roof_overhang, roof_t, slab_t.",missing_in_cloud,high
70-a-0016,70-A-0016,Package 70-A-0016,package,Process-Utility,Area_Process-Utility,931.0,428.65,245354.9,3179658.13,100.0,2.5,102.5,indicative,yes,Plot Plan for Process & Utility,Inside 70-UB-08.; Defaults: colour.,missing_in_cloud,high
70-a-0002,70-A-0002,Nitrogen package (main skid),package,Process-Utility,Area_Process-Utility,935.7,415.0,245355.1,3179643.7,102.75,7.01,109.76,cloud,yes,Plot Plan for Process & Utility,"Leader runs along top edge of nitrogen pad (E925-941.5, N413-425.4); skid E933.4-938 N413.9-416.1 taken as package body.; Defaults: colour.",plan_offset,low
70-a-0002-e-03,70-A-0002-E-03,Nitrogen package exchanger E-03,other,Process-Utility,Area_Process-Utility,931.1,423.65,245353.43,3179653.35,100.0,2.0,102.0,indicative,yes,Plot Plan for Process & Utility,,missing_in_cloud,high
70-a-0002-v-05,70-A-0002-V-05,Nitrogen package vessel V-05,vessel_v,Process-Utility,Area_Process-Utility,929.0,420.9,245350.58,3179651.4,100.0,8.0,108.0,indicative,yes,Plot Plan for Process & Utility,"Defaults: d_m, head, insulated, ladder, nozzles, skirt_h_m, top_platform.",missing_in_cloud,high
70-a-0002-e-02a,70-A-0002-E-02A,Nitrogen package air cooler E-02A,other,Process-Utility,Area_Process-Utility,935.55,422.8,245357.4,3179651.15,102.6,6.39,108.99,cloud,yes,Plot Plan for Process & Utility,Grated square units; E-02A/B leader not fully traced (runs to N400 at package edge). A/B order assumed N-S.,plan_offset,low
70-a-0002-e-02b,70-A-0002-E-02B,Nitrogen package air cooler E-02B,other,Process-Utility,Area_Process-Utility,935.55,418.7,245356.11,3179647.26,102.69,5.64,108.33,cloud,yes,Plot Plan for Process & Utility,,plan_offset,low
70-a-0002-h-04,70-A-0002-H-04,Nitrogen package heater H-04,other,Process-Utility,Area_Process-Utility,931.2,415.15,245350.87,3179645.25,100.0,1.2,101.2,indicative,yes,Plot Plan for Process & Utility,Thin inline heater element E929-933.3 at N415.,missing_in_cloud,medium
50-a-0007-l-01a,50-A-0007-L-01A,Pig launcher (refineries gas duct),vessel_h,Process-Utility,Area_Process-Utility,1042.0,630.2,245523.36,3179814.87,98.98,0.36,99.34,cloud,yes,Plot Plan for Process & Utility,Upper launcher barrel on north skid pad; label text partly west of package.,plan_offset;builder_fallback,medium
50-a-0005-l-01c,50-A-0005-L-01C,Pig launcher,vessel_h,Process-Utility,Area_Process-Utility,1043.2,624.4,245522.69,3179808.99,100.0,1.8,101.8,indicative,yes,Plot Plan for Process & Utility,"Lower barrel on north skid pad.; Defaults: d_m, head, insulated, nozzles, orient, saddle_h_m.",missing_in_cloud,medium
50-a-0005-l-01a,50-A-0005-L-01A,Pig launcher,vessel_h,Process-Utility,Area_Process-Utility,1043.0,611.6,245518.49,3179796.89,99.47,3.38,102.85,cloud,yes,Plot Plan for Process & Utility,"Launcher on south skid pad.; Defaults: d_m, head, insulated, nozzles, orient, saddle_h_m.",plan_offset,medium
50-ah-0001,50-AH-0001,Analyzer house,analyzer_house,Process-Utility,Area_Process-Utility,1094.7,637.6,245575.73,3179805.42,100.0,3.5,103.5,indicative,yes,Plot Plan for Process & Utility,"Leader from label runs around to this hut; assignment vs 50-B-13 (small box east) inferred from leaders.; Defaults: door_h, door_w, doors, hvac, parapet_h, parapet_t, plinth_h, roof_overhang, roof_t, sill_h, storey_h, window_h, windows.",missing_in_cloud,medium
50-b-13,50-B-13,Operator house process I,building,Process-Utility,Area_Process-Utility,1100.6,637.0,245581.15,3179803.01,100.0,3.0,103.0,indicative,yes,Plot Plan for Process & Utility,"Label underline ends at this small box; very small for an operator house - may be swapped with 50-AH-0001.; Defaults: door_h, door_w, doors, hvac, parapet_h, parapet_t, plinth_h, roof_overhang, roof_t, sill_h, storey_h, window_h, windows.",missing_in_cloud,low
50-ms-01,50-MS-01,Metering station shelter I,shelter,Process-Utility,Area_Process-Utility,1124.0,617.4,245597.24,3179777.07,99.29,18.31,117.6,cloud,yes,Plot Plan for Process & Utility,"Column grid ~6.1 m; east bay (E1149-1155) marked X = crane drop/lay bay.; Defaults: bay, beam_d, column, roof_overhang, roof_t, slab_t.",plan_offset,high
50-xc-0001,50-XC-0001,Overhead crane for metering station shelter,other,Process-Utility,Area_Process-Utility,1152.0,617.4,245623.84,3179768.32,99.39,18.26,117.65,cloud,yes,Plot Plan for Process & Utility,"Overhead travelling crane bridge in 50-MS-01, drawn parked over the X-marked east bay; no overhead crane type in catalogue.",plan_offset,low
50-e-0001l,50-E-0001L,Open rack vaporizer,vaporizer_orv,Process-Utility,Area_Process-Utility,1044.4,583.5,245511.04,3179769.76,100.02,5.57,105.59,cloud,yes,Plot Plan for Process & Utility,"Defaults: panels, stairs.",plan_offset,high
50-e-0001k,50-E-0001K,Open rack vaporizer,vaporizer_orv,Process-Utility,Area_Process-Utility,1044.4,561.4,245504.13,3179748.77,100.3,10.96,111.26,cloud,yes,Plot Plan for Process & Utility,"Defaults: panels, stairs.",plan_offset,high
50-e-0001j,50-E-0001J,Open rack vaporizer,vaporizer_orv,Process-Utility,Area_Process-Utility,1044.4,541.4,245497.87,3179729.77,100.75,10.86,111.61,cloud,yes,Plot Plan for Process & Utility,"On south edge of package.; Defaults: panels, stairs.",plan_offset,high
50-f-0002e,50-F-0002E,NG trim heater,heater,Process-Utility,Area_Process-Utility,1138.5,585.4,245601.01,3179742.14,100.32,16.29,116.61,cloud,yes,Plot Plan for Process & Utility,Defaults: stack.,plan_offset,high
50-f-0002d,50-F-0002D,NG trim heater,heater,Process-Utility,Area_Process-Utility,1138.5,575.4,245597.88,3179732.64,100.3,5.0,105.3,indicative,yes,Plot Plan for Process & Utility,Defaults: stack.,missing_in_cloud,high
50-f-0002c,50-F-0002C,NG trim heater,heater,Process-Utility,Area_Process-Utility,1138.5,565.4,245594.76,3179723.15,100.49,7.37,107.86,cloud,yes,Plot Plan for Process & Utility,Defaults: stack.,plan_offset,high
50-f-0002b,50-F-0002B,NG trim heater,heater,Process-Utility,Area_Process-Utility,1138.5,555.5,245591.66,3179713.74,100.71,7.32,108.03,cloud,yes,Plot Plan for Process & Utility,Defaults: stack.,plan_offset,high
50-f-0002a,50-F-0002A,NG trim heater,heater,Process-Utility,Area_Process-Utility,1138.5,545.3,245588.47,3179704.05,100.9,7.32,108.22,cloud,yes,Plot Plan for Process & Utility,Defaults: stack.,plan_offset,high
30-tc-04,30-TC-04,Process impound basin,basin,Process-Utility,Area_Process-Utility,1167.4,549.5,245617.24,3179699.01,97.0,3.3,100.3,indicative,yes,Plot Plan for Process & Utility,"R6000 circle drawn around the basin.; Defaults: floor_t, freeboard, kerb_h, wall_t.",,medium
30-p-0003,30-P-0003,Impound basin pump,pump,Process-Utility,Area_Process-Utility,1168.3,548.0,245617.62,3179697.3,100.3,2.2,102.5,indicative,yes,Plot Plan for Process & Utility,"Defaults: driver, plinth.",,medium
50-a-0006,50-A-0006,Metering station package (refineries gas duct),package,Process-Utility,Area_Process-Utility,1119.2,625.1,245595.09,3179785.89,99.31,2.93,102.24,cloud,yes,Plot Plan for Process & Utility,Label at shelter NE corner aligned with the north equipment row; row assignment inferred.; Defaults: colour.,missing_in_cloud,medium
30-hef-002,30-HEF-002,High-expansion foam package,package,Process-Utility,Area_Process-Utility,1188.6,571.7,245644.32,3179713.46,100.0,3.0,103.0,indicative,yes,Plot Plan for Process & Utility,Label east of E1203 ML at same northing; leader does not reach the box.,missing_in_cloud,medium
30-heg-002,30-HEG-002,High-expansion foam generator for impound basin,package,Process-Utility,Area_Process-Utility,1169.3,551.2,245619.57,3179700.03,100.3,1.5,101.8,indicative,yes,Plot Plan for Process & Utility,Small box on basin NE corner; leaders from labels east of ML point toward basin.,missing_in_cloud,low
50-e-0001i,50-E-0001I,Open rack vaporizer I,vaporizer_orv,Process-Utility,Area_Process-Utility,1044.5,519.65,245491.17,3179709.08,101.08,10.96,112.04,cloud,yes,Plot Plan for Process & Utility,"Panel bank north of 50-E-0001H; on package north edge.; Defaults: panels, stairs.",plan_offset,medium
50-e-0001h,50-E-0001H,Open rack vaporizer H,vaporizer_orv,Process-Utility,Area_Process-Utility,1044.5,499.65,245484.91,3179690.08,101.52,10.88,112.4,cloud,yes,Plot Plan for Process & Utility,"Defaults: panels, stairs.",plan_offset,high
50-e-0001g,50-E-0001G,Open rack vaporizer G,vaporizer_orv,Process-Utility,Area_Process-Utility,1044.5,477.7,245478.05,3179669.24,101.84,10.98,112.82,cloud,yes,Plot Plan for Process & Utility,"Defaults: panels, stairs.",plan_offset,high
50-e-0001f,50-E-0001F,Open rack vaporizer F,vaporizer_orv,Process-Utility,Area_Process-Utility,1044.5,439.55,245466.12,3179633.0,102.51,4.91,107.42,cloud,yes,Plot Plan for Process & Utility,"Defaults: panels, stairs.",plan_offset,high
50-e-0001e,50-E-0001E,Open rack vaporizer E,vaporizer_orv,Process-Utility,Area_Process-Utility,1044.5,417.65,245459.27,3179612.2,102.93,10.96,113.89,cloud,yes,Plot Plan for Process & Utility,"Defaults: panels, stairs.",plan_offset,high
50-e-0001d,50-E-0001D,Open rack vaporizer D,vaporizer_orv,Process-Utility,Area_Process-Utility,1044.5,397.5,245452.97,3179593.06,103.33,10.86,114.19,cloud,yes,Plot Plan for Process & Utility,"On the north edge of the package (label at y~0.497).; Defaults: panels, stairs.",plan_offset,high
40-k-0001d,40-K-0001D,BOG compressor D,compressor,Process-Utility,Area_Process-Utility,1095.0,511.6,245536.62,3179685.64,100.0,9.4,109.4,drawing,yes,Plot Plan for Process & Utility,Westmost unit in shelter 40-BC-01; leader from rotated label 40-K-0001D followed to this unit. Op. floor PF EL 103.800 and top from Section A-A.; Defaults: enclosure.,missing_in_cloud;height_mismatch,medium
40-k-0001c,40-K-0001C,BOG compressor C,compressor,Process-Utility,Area_Process-Utility,1109.0,511.6,245549.91,3179681.27,100.0,9.4,109.4,drawing,yes,Plot Plan for Process & Utility,Second unit from west in shelter 40-BC-01.; Defaults: enclosure.,plan_offset;height_mismatch,medium
40-k-0001b,40-K-0001B,BOG compressor B,compressor,Process-Utility,Area_Process-Utility,1132.3,511.6,245572.05,3179673.98,100.0,9.4,109.4,drawing,yes,Plot Plan for Process & Utility,Label 40-K-0001B leader drops to third unit from west.; Defaults: enclosure.,plan_offset;height_mismatch,medium
40-k-0001a,40-K-0001A,BOG compressor A,compressor,Process-Utility,Area_Process-Utility,1146.5,511.6,245585.53,3179669.54,100.0,9.4,109.4,drawing,yes,Plot Plan for Process & Utility,Label 40-K-0001A leader drops to eastmost unit.; Defaults: enclosure.,plan_offset;height_mismatch,medium
40-bc-01,40-BC-01,BOG compressor shelter,shelter,Process-Utility,Area_Process-Utility,1120.7,507.25,245559.67,3179673.48,100.0,20.5,120.5,drawing,yes,Plot Plan for Process & Utility,"Section A-A: width 20000, eaves ~EL 116.7, ridge ~EL 120.5 (scaled), roof access PF EL 118.000, crane runway PF EL 114.385.; Defaults: beam_d, column, roof_overhang, roof_t, slab_t.",plan_offset;height_mismatch,high
40-xc-0001,40-XC-0001,Overhead crane (5 ton) for BOG compressors,other,Process-Utility,Area_Process-Utility,1120.7,507.25,245559.67,3179673.48,114.4,1.0,115.4,drawing,yes,Plot Plan for Process & Utility,"Overhead travelling crane bridge across the shelter, runway at PF EL 114.385 (Section A-A); E position along runway arbitrary (mid-shelter). No overhead-crane type in catalogue.",plan_offset;height_mismatch,medium
40-dcp-004,40-DCP-004,Dry chemical powder package 4,package,Process-Utility,Area_Process-Utility,1169.0,514.0,245607.66,3179664.79,100.0,2.5,102.5,indicative,yes,Plot Plan for Process & Utility,Northmost of 4 boxes; leader heights match box centres.,missing_in_cloud,medium
40-dcp-003,40-DCP-003,Dry chemical powder package 3,package,Process-Utility,Area_Process-Utility,1169.0,509.45,245606.23,3179660.46,100.0,2.5,102.5,indicative,yes,Plot Plan for Process & Utility,,missing_in_cloud,medium
40-dcp-002,40-DCP-002,Dry chemical powder package 2,package,Process-Utility,Area_Process-Utility,1169.0,504.95,245604.83,3179656.19,100.0,2.5,102.5,indicative,yes,Plot Plan for Process & Utility,,missing_in_cloud,medium
40-dcp-001,40-DCP-001,Dry chemical powder package 1,package,Process-Utility,Area_Process-Utility,1169.0,500.5,245603.44,3179651.96,101.7,5.65,107.35,cloud,yes,Plot Plan for Process & Utility,,plan_offset,medium
40-v-0001,40-V-0001,BOG suction drum,vessel_v,Process-Utility,Area_Process-Utility,1120.5,481.8,245551.52,3179649.37,118.17,2.72,120.89,cloud,yes,Plot Plan for Process & Utility,"Vertical drum on octagonal plinth; tag assignment among the three vessels on this pad inferred from service (labels have no clear leaders).; Defaults: d_m, head, ladder, nozzles, skirt_h_m, top_platform.",,low
40-v-0002,40-V-0002,Drain vessel,vessel_h,Process-Utility,Area_Process-Utility,1109.9,481.6,245541.39,3179652.49,118.27,2.45,120.72,cloud,yes,Plot Plan for Process & Utility,"Horizontal vessel E-W; tag inferred.; Defaults: d_m, head, insulated, nozzles, orient, saddle_h_m.",plan_offset,low
40-v-0003,40-V-0003,Fuel gas KO drum,vessel_v,Process-Utility,Area_Process-Utility,1129.4,481.5,245559.88,3179646.3,118.23,2.44,120.67,cloud,yes,Plot Plan for Process & Utility,"Small vertical drum; tag inferred.; Defaults: d_m, head, insulated, ladder, nozzles, skirt_h_m, top_platform.",,low
40-h-0001,40-H-0001,Fuel gas electric heater,package,Process-Utility,Area_Process-Utility,1131.6,477.8,245560.81,3179642.1,118.3,5.15,123.45,cloud,yes,Plot Plan for Process & Utility,Framed skid with stair just above the 40-H-0001 label; label leader not clear.; Defaults: colour.,plan_offset,low
40-m-0001,40-M-0001,Desuperheater,vessel_h,Process-Utility,Area_Process-Utility,1060.1,488.5,245496.24,3179674.62,100.0,2.0,102.0,indicative,yes,Plot Plan for Process & Utility,"Placed on the support frame on the pad carrying the 40-M-0001 label; exact item not identifiable.; Defaults: d_m, head, insulated, nozzles, orient, saddle_h_m.",missing_in_cloud,low
40-e-0001e,40-E-0001E,Fuel gas heater E,package,Process-Utility,Area_Process-Utility,1139.5,484.1,245570.29,3179645.61,119.22,2.43,121.65,cloud,yes,Plot Plan for Process & Utility,North row of 4 (40-E-0001E~H by leader); letter order west->east assumed.; Defaults: colour.,,medium
40-e-0001f,40-E-0001F,Fuel gas heater F,package,Process-Utility,Area_Process-Utility,1144.5,484.1,245575.04,3179644.05,119.21,2.45,121.66,cloud,yes,Plot Plan for Process & Utility,Letter order assumed.; Defaults: colour.,,medium
40-e-0001g,40-E-0001G,Fuel gas heater G,package,Process-Utility,Area_Process-Utility,1149.5,484.1,245579.79,3179642.48,119.32,2.33,121.65,cloud,yes,Plot Plan for Process & Utility,Letter order assumed.; Defaults: colour.,,medium
40-e-0001h,40-E-0001H,Fuel gas heater H,package,Process-Utility,Area_Process-Utility,1154.7,484.1,245584.72,3179640.86,104.85,16.81,121.66,cloud,yes,Plot Plan for Process & Utility,Letter order assumed.; Defaults: colour.,,medium
40-e-0001a,40-E-0001A,Fuel gas heater A,package,Process-Utility,Area_Process-Utility,1139.5,473.6,245567.0,3179635.64,107.06,12.63,119.69,cloud,yes,Plot Plan for Process & Utility,South row of 4 (40-E-0001A~D by leader); letter order west->east assumed.; Defaults: colour.,,medium
40-e-0001b,40-E-0001B,Fuel gas heater B,package,Process-Utility,Area_Process-Utility,1144.5,473.6,245571.75,3179634.07,107.07,13.6,120.67,cloud,yes,Plot Plan for Process & Utility,Letter order assumed.; Defaults: colour.,,medium
40-e-0001c,40-E-0001C,Fuel gas heater C,package,Process-Utility,Area_Process-Utility,1149.5,473.6,245576.5,3179632.51,107.47,16.42,123.89,cloud,yes,Plot Plan for Process & Utility,Letter order assumed.; Defaults: colour.,,medium
40-e-0001d,40-E-0001D,Fuel gas heater D,package,Process-Utility,Area_Process-Utility,1154.7,473.6,245581.44,3179630.88,106.75,13.86,120.61,cloud,yes,Plot Plan for Process & Utility,Letter order assumed.; Defaults: colour.,,medium
30-v-0001,30-V-0001,Recondenser,vessel_v,Process-Utility,Area_Process-Utility,1093.0,418.6,245505.64,3179597.93,104.81,17.26,122.07,cloud,yes,Plot Plan for Process & Utility,"OD ~6.5 m scaled from 1:200 platform plans; top platform PF EL 122.600 with upper PF 124.000, so crown assumed ~EL 125.5.; Defaults: d_m, head, nozzles, skirt_h_m.",plan_offset,high
30-pr-002,30-PR-002,HP pump / vent drum pipe rack,pipe_rack,Process-Utility,Area_Process-Utility,1116.0,443.05,245535.13,3179613.97,100.0,16.45,116.45,drawing,yes,Plot Plan for Process & Utility,"Section B-B: 9000 wide, TOS EL 114.000, stair landings PF 102.5/104.5/107.5/111.5/116.45; intermediate tier elevations scaled.; Defaults: beam_depth_m, bracing, column_section_m, lines, n_tiers, pipe_fill, tier_gap_m.",plan_offset,high
30-p-0001h,30-P-0001H,HP LNG pump H,pump,Process-Utility,Area_Process-Utility,1106.0,433.0,245522.49,3179607.55,102.96,13.87,116.83,cloud,yes,Plot Plan for Process & Utility,"North row of 7 (30-P-0001H~N); letter order west->east assumed. Pump pad ~3.3 x 5.1 m.; Defaults: driver, plinth.",plan_offset,medium
30-p-0001i,30-P-0001I,HP LNG pump I,pump,Process-Utility,Area_Process-Utility,1112.0,433.0,245528.19,3179605.67,103.0,13.84,116.84,cloud,yes,Plot Plan for Process & Utility,"Letter order assumed.; Defaults: driver, plinth.",plan_offset,medium
30-p-0001j,30-P-0001J,HP LNG pump J,pump,Process-Utility,Area_Process-Utility,1118.0,433.0,245533.89,3179603.79,102.99,13.85,116.84,cloud,yes,Plot Plan for Process & Utility,"Letter order assumed.; Defaults: driver, plinth.",plan_offset,medium
30-p-0001k,30-P-0001K,HP LNG pump K,pump,Process-Utility,Area_Process-Utility,1124.0,433.0,245539.59,3179601.92,102.99,13.88,116.87,cloud,yes,Plot Plan for Process & Utility,"Letter order assumed.; Defaults: driver, plinth.",plan_offset,medium
30-p-0001l,30-P-0001L,HP LNG pump L,pump,Process-Utility,Area_Process-Utility,1130.0,433.0,245545.28,3179600.04,103.04,13.82,116.86,cloud,yes,Plot Plan for Process & Utility,"Letter order assumed.; Defaults: driver, plinth.",plan_offset,medium
30-p-0001m,30-P-0001M,HP LNG pump M,pump,Process-Utility,Area_Process-Utility,1136.0,433.0,245550.98,3179598.17,103.04,13.83,116.87,cloud,yes,Plot Plan for Process & Utility,"Letter order assumed.; Defaults: driver, plinth.",plan_offset,medium
30-p-0001n,30-P-0001N,HP LNG pump N,pump,Process-Utility,Area_Process-Utility,1142.0,433.0,245556.68,3179596.29,103.02,13.88,116.9,cloud,yes,Plot Plan for Process & Utility,"Letter order assumed.; Defaults: driver, plinth.",plan_offset,medium
30-v-0002h,30-V-0002H,HP pump vent drum H,vessel_v,Process-Utility,Area_Process-Utility,1106.4,436.5,245523.96,3179610.75,104.5,3.0,107.5,drawing,yes,Plot Plan for Process & Utility,"Stands on PF EL 104.500, TL EL 105.300 per Section B-B (typical 30-V-0002A); letter order west->east assumed.; Defaults: d_m, head, insulated, nozzles, skirt_h_m.",height_mismatch,medium
30-v-0002i,30-V-0002I,HP pump vent drum I,vessel_v,Process-Utility,Area_Process-Utility,1112.4,436.5,245529.66,3179608.87,104.5,3.0,107.5,drawing,yes,Plot Plan for Process & Utility,"Letter order assumed.; Defaults: d_m, head, insulated, nozzles, skirt_h_m.",height_mismatch,medium
30-v-0002j,30-V-0002J,HP pump vent drum J,vessel_v,Process-Utility,Area_Process-Utility,1118.4,436.5,245535.36,3179606.99,104.5,3.0,107.5,drawing,yes,Plot Plan for Process & Utility,"Letter order assumed.; Defaults: d_m, head, insulated, nozzles, skirt_h_m.",height_mismatch,medium
30-v-0002k,30-V-0002K,HP pump vent drum K,vessel_v,Process-Utility,Area_Process-Utility,1124.4,436.5,245541.06,3179605.12,104.5,3.0,107.5,drawing,yes,Plot Plan for Process & Utility,"Letter order assumed.; Defaults: d_m, head, insulated, nozzles, skirt_h_m.",height_mismatch,medium
30-v-0002l,30-V-0002L,HP pump vent drum L,vessel_v,Process-Utility,Area_Process-Utility,1130.4,436.5,245546.76,3179603.24,104.5,3.0,107.5,drawing,yes,Plot Plan for Process & Utility,"Letter order assumed.; Defaults: d_m, head, insulated, nozzles, skirt_h_m.",height_mismatch,medium
30-v-0002m,30-V-0002M,HP pump vent drum M,vessel_v,Process-Utility,Area_Process-Utility,1136.4,436.5,245552.46,3179601.37,104.5,3.0,107.5,drawing,yes,Plot Plan for Process & Utility,"Letter order assumed.; Defaults: d_m, head, insulated, nozzles, skirt_h_m.",height_mismatch,medium
30-v-0002n,30-V-0002N,HP pump vent drum N,vessel_v,Process-Utility,Area_Process-Utility,1142.4,436.5,245558.16,3179599.49,104.5,3.0,107.5,drawing,yes,Plot Plan for Process & Utility,"Letter order assumed.; Defaults: d_m, head, insulated, nozzles, skirt_h_m.",height_mismatch,medium
30-p-0001a,30-P-0001A,HP LNG pump A,pump,Process-Utility,Area_Process-Utility,1106.1,404.0,245513.52,3179579.97,105.64,21.4,127.04,cloud,yes,Plot Plan for Process & Utility,"Row of 7 pumps north of 30-PR-001 (just north of package edge). Suffix order A..G assumed west to east; plan shows no individual letters.; Defaults: driver, plinth.",,medium
30-p-0001b,30-P-0001B,HP LNG pump B,pump,Process-Utility,Area_Process-Utility,1112.0,404.0,245519.12,3179578.12,103.49,23.05,126.54,cloud,yes,Plot Plan for Process & Utility,"Suffix order assumed W->E.; Defaults: driver, plinth.",missing_in_cloud,medium
30-p-0001c,30-P-0001C,HP LNG pump C,pump,Process-Utility,Area_Process-Utility,1118.0,404.0,245524.82,3179576.25,100.0,4.0,104.0,indicative,yes,Plot Plan for Process & Utility,"Suffix order assumed W->E.; Defaults: driver, plinth.",plan_offset,medium
30-p-0001d,30-P-0001D,HP LNG pump D,pump,Process-Utility,Area_Process-Utility,1124.0,404.0,245530.52,3179574.37,100.0,4.0,104.0,indicative,yes,Plot Plan for Process & Utility,"Suffix order assumed W->E.; Defaults: driver, plinth.",missing_in_cloud,medium
30-p-0001e,30-P-0001E,HP LNG pump E,pump,Process-Utility,Area_Process-Utility,1130.0,404.0,245536.22,3179572.5,100.0,4.0,104.0,indicative,yes,Plot Plan for Process & Utility,"Suffix order assumed W->E.; Defaults: driver, plinth.",missing_in_cloud,medium
30-p-0001f,30-P-0001F,HP LNG pump F,pump,Process-Utility,Area_Process-Utility,1136.0,404.0,245541.92,3179570.62,100.0,4.0,104.0,indicative,yes,Plot Plan for Process & Utility,"Suffix order assumed W->E.; Defaults: driver, plinth.",missing_in_cloud,medium
30-p-0001g,30-P-0001G,HP LNG pump G,pump,Process-Utility,Area_Process-Utility,1142.0,404.0,245547.62,3179568.74,100.0,4.0,104.0,indicative,yes,Plot Plan for Process & Utility,"Suffix order assumed W->E.; Defaults: driver, plinth.",missing_in_cloud,medium
30-v-0002a,30-V-0002A,HP pump vent drum A,vessel_v,Process-Utility,Area_Process-Utility,1106.3,400.7,245512.67,3179576.77,104.5,2.9,107.4,drawing,yes,Plot Plan for Process & Utility,"Section B-B: on platform PF EL 104.500 in the 4 m bay of 30-PR-001, TL EL 105.300; top scaled ~107.4. Plan position from the small circles on the dashed line at N400.7. Suffix order assumed W->E.; Defaults: d_m, head, insulated, ladder, nozzles, skirt_h_m, top_platform.",height_mismatch,medium
30-v-0002b,30-V-0002B,HP pump vent drum B,vessel_v,Process-Utility,Area_Process-Utility,1112.4,400.7,245518.47,3179574.86,104.5,2.9,107.4,drawing,yes,Plot Plan for Process & Utility,"See 30-V-0002A; order assumed W->E.; Defaults: d_m, head, insulated, ladder, nozzles, skirt_h_m, top_platform.",missing_in_cloud,medium
30-v-0002c,30-V-0002C,HP pump vent drum C,vessel_v,Process-Utility,Area_Process-Utility,1118.3,400.7,245524.07,3179573.02,104.5,2.9,107.4,drawing,yes,Plot Plan for Process & Utility,"See 30-V-0002A; order assumed W->E.; Defaults: d_m, head, insulated, ladder, nozzles, skirt_h_m, top_platform.",,medium
30-v-0002d,30-V-0002D,HP pump vent drum D,vessel_v,Process-Utility,Area_Process-Utility,1124.3,400.7,245529.77,3179571.14,104.5,2.9,107.4,drawing,yes,Plot Plan for Process & Utility,"See 30-V-0002A; order assumed W->E.; Defaults: d_m, head, insulated, ladder, nozzles, skirt_h_m, top_platform.",plan_offset,medium
30-v-0002e,30-V-0002E,HP pump vent drum E,vessel_v,Process-Utility,Area_Process-Utility,1130.3,400.7,245535.47,3179569.27,104.5,2.9,107.4,drawing,yes,Plot Plan for Process & Utility,"See 30-V-0002A; order assumed W->E.; Defaults: d_m, head, insulated, ladder, nozzles, skirt_h_m, top_platform.",plan_offset,medium
30-v-0002f,30-V-0002F,HP pump vent drum F,vessel_v,Process-Utility,Area_Process-Utility,1136.3,400.7,245541.17,3179567.39,104.5,2.9,107.4,drawing,yes,Plot Plan for Process & Utility,"See 30-V-0002A; order assumed W->E.; Defaults: d_m, head, insulated, ladder, nozzles, skirt_h_m, top_platform.",plan_offset,medium
30-v-0002g,30-V-0002G,HP pump vent drum G,vessel_v,Process-Utility,Area_Process-Utility,1142.3,400.7,245546.87,3179565.52,104.5,2.9,107.4,drawing,yes,Plot Plan for Process & Utility,"See 30-V-0002A; order assumed W->E.; Defaults: d_m, head, insulated, ladder, nozzles, skirt_h_m, top_platform.",plan_offset,medium
40-pr-001,40-PR-001,BOG compressor area pipe rack,pipe_rack,Process-Utility,Area_Process-Utility,1119.85,490.1,245553.5,3179657.45,102.73,21.4,124.13,cloud,yes,Plot Plan for Process & Utility,"Columns at N 487.6 / 492.6.; Defaults: beam_depth_m, bracing, column_section_m, columns_across, lines, pipe_fill, tier_gap_m.",plan_offset,high
70-ss-01,70-SS-01,Main electrical substation,substation,Process-Utility,Area_Process-Utility,891.14,349.52,245292.3,3179595.44,103.31,10.71,114.02,cloud,yes,Plot Plan for Process & Utility,"Main hall + west annex + north middle annex; transformer bays are separate items. Grade HPFS EL 100.000.; Defaults: door_h, door_w, doors, hvac, parapet_h, parapet_t, plinth_h, roof_overhang, roof_t, sill_h, storey_h, window_h, windows.",plan_offset,high
50-b-14,50-B-14,Operator house,building,Process-Utility,Area_Process-Utility,976.45,337.85,245369.68,3179557.68,106.0,11.66,117.66,cloud,yes,Plot Plan for Process & Utility,"Label 50-B-14 leader/underline ends at this small hut east of the large building; could instead refer to the large building building-pu-01.; Defaults: door_h, door_w, doors, hvac, parapet_h, parapet_t, plinth_h, roof_overhang, roof_t, sill_h, storey_h, window_h, windows.",,low
70-a-0012,70-A-0012,Main emergency power generation package (pad),paved,Process-Utility,Area_Process-Utility,825.29,350.86,245230.17,3179617.3,100.0,0.2,100.2,indicative,yes,Plot Plan for Process & Utility,Package outline / gravel-concrete pad; the three generators and day tanks are separate items.,,high
70-tc-0001,70-TC-0001,Sanitary lift station,basin,Process-Utility,Area_Process-Utility,796.15,369.5,245208.32,3179644.12,95.0,5.3,100.3,indicative,yes,Plot Plan for Process & Utility,"Defaults: floor_t, freeboard, kerb_h, wall_t.",,high
70-p-0011a,70-P-0011A,Sanitary lift pump A,pump,Process-Utility,Area_Process-Utility,796.1,367.8,245207.74,3179642.52,100.0,1.0,101.0,indicative,yes,Plot Plan for Process & Utility,"Submersible pump in 70-TC-0001; A/B assignment from leader lines.; Defaults: driver, kind, plinth.",,medium
70-p-0011b,70-P-0011B,Sanitary lift pump B,pump,Process-Utility,Area_Process-Utility,794.7,367.8,245206.41,3179642.95,100.0,1.0,101.0,indicative,yes,Plot Plan for Process & Utility,"Defaults: driver, kind, plinth.",,medium
70-ub-05,70-UB-05,Shelter for sanitary water treatment package,shelter,Process-Utility,Area_Process-Utility,892.95,279.2,245272.03,3179528.08,104.71,6.27,110.98,cloud,yes,Plot Plan for Process & Utility,"Northern row of bays under label 70-A-0015/70-UB-05; split from 70-UB-07 at the wall near E906 assumed.; Defaults: bay, beam_d, column, roof_overhang, roof_t, slab_t.",,medium
70-ub-07,70-UB-07,Shelter for AOC water treatment package,shelter,Process-Utility,Area_Process-Utility,911.05,279.2,245289.22,3179522.42,104.79,3.24,108.03,cloud,yes,Plot Plan for Process & Utility,"Extent uncertain; may also include the dashed canopy shelter-pu-01 to the east.; Defaults: bay, beam_d, column, roof_overhang, roof_t, slab_t.",plan_offset,low
70-a-0015,70-A-0015,Sanitary water treatment package (two horizontal tanks in bund),package,Process-Utility,Area_Process-Utility,892.7,269.85,245268.87,3179519.27,100.0,3.5,103.5,indicative,yes,Plot Plan for Process & Utility,Assignment of label 70-A-0015 to the bunded twin horizontal tanks (typical packaged STP) is interpretive.; Defaults: colour.,missing_in_cloud,low
70-a-0014,70-A-0014,AOC water treatment package (skids),package,Process-Utility,Area_Process-Utility,921.35,267.6,245295.38,3179508.18,105.04,2.88,107.92,cloud,yes,Plot Plan for Process & Utility,Label sits above the pad; equipment on the south-east of the pad assigned to 70-A-0014.; Defaults: colour.,plan_offset,low
70-ub-06,70-UB-06,Shelter for neutralization package 50-A-0004,shelter,Process-Utility,Area_Process-Utility,960.55,275.2,245334.99,3179503.14,100.0,5.5,105.5,indicative,yes,Plot Plan for Process & Utility,"Defaults: bay, beam_d, column, roof_overhang, roof_t, slab_t.",missing_in_cloud,high
50-a-0004,50-A-0004,Neutralization package (skid area under 70-UB-06),paved,Process-Utility,Area_Process-Utility,960.55,275.2,245334.99,3179503.14,100.0,0.2,100.2,indicative,yes,Plot Plan for Process & Utility,Package outline as a pad; agitated storage tank and dosing pump skid are separate items.,,high
70-p-0004a,70-P-0004A,Main fire water jockey pump A,pump,Process-Utility,Area_Process-Utility,918.5,208.0,245274.04,3179452.46,100.0,1.5,101.5,indicative,yes,Plot Plan for Process & Utility,"Only the leader is drawn; leader tip at about E918.5 N209 just inside the E908/N213 battery-limit corner, no pump symbol shown on this sheet.; Defaults: driver, kind, plinth.",,low
70-p-0004b,70-P-0004B,Main fire water jockey pump B,pump,Process-Utility,Area_Process-Utility,916.5,208.0,245272.14,3179453.08,100.0,1.5,101.5,indicative,yes,Plot Plan for Process & Utility,"Only the leader is drawn; leader tip at about E916.5 N209.; Defaults: driver, kind, plinth.",plan_offset,low
50-e-0001a,50-E-0001A,Open rack vaporizer A,vaporizer_orv,Process-Utility,Area_Process-Utility,1044.5,333.65,245433.01,3179532.41,104.35,11.02,115.37,cloud,yes,Plot Plan for Process & Utility,"Panel bank E1036.5-1052.5, N328.7-338.6 incl. side stairs; panels run N-S, bank along E-W.; Defaults: panels, stairs.",plan_offset,high
50-e-0001b,50-E-0001B,Open rack vaporizer B,vaporizer_orv,Process-Utility,Area_Process-Utility,1044.5,355.3,245439.78,3179552.97,104.05,10.88,114.93,cloud,yes,Plot Plan for Process & Utility,"Defaults: panels, stairs.",plan_offset,high
50-e-0001c,50-E-0001C,Open rack vaporizer C,vaporizer_orv,Process-Utility,Area_Process-Utility,1044.5,375.65,245446.14,3179572.3,103.66,11.04,114.7,cloud,yes,Plot Plan for Process & Utility,"Defaults: panels, stairs.",plan_offset,high
50-f-0001c,50-F-0001C,Submerged combustion vaporizer C,vaporizer_scv,Process-Utility,Area_Process-Utility,1118.2,369.75,245514.3,3179543.65,104.14,17.34,121.48,cloud,yes,Plot Plan for Process & Utility,"Bath E1104-1122.3, blower/duct to E1132.4 at east end; pad E1100-1134, N360.5-376.9. Leader from label points to the unit.",plan_offset,high
50-f-0001b,50-F-0001B,Submerged combustion vaporizer B,vaporizer_scv,Process-Utility,Area_Process-Utility,1118.2,345.75,245506.79,3179520.86,104.46,7.03,111.49,cloud,yes,Plot Plan for Process & Utility,"Same layout as C, 24 m pitch.",plan_offset,high
50-f-0001a,50-F-0001A,Submerged combustion vaporizer A,vaporizer_scv,Process-Utility,Area_Process-Utility,1118.2,321.75,245499.29,3179498.06,104.81,7.03,111.84,cloud,yes,Plot Plan for Process & Utility,,plan_offset,high
50-ac-002,50-AC-002,AQMS cabinet,package,Process-Utility,Area_Process-Utility,1149.2,315.5,245526.78,3179482.43,100.0,2.8,102.8,indicative,yes,Plot Plan for Process & Utility,Defaults: colour.,missing_in_cloud,medium
50-tc-10,50-TC-10,Sea water outfall pit,basin,Process-Utility,Area_Process-Utility,1027.4,289.5,245402.96,3179495.82,96.0,4.3,100.3,indicative,yes,Plot Plan for Process & Utility,"Outline E1015.8-1039.1, N279.4-299.7; four outlet pipes/wells on south wall.; Defaults: floor_t, freeboard, kerb_h, wall_t.",,high
30-pr-001,30-PR-001,HP pump pipe rack 30-PR-001,pipe_rack,Process-Utility,Area_Process-Utility,1119.05,394.0,245522.69,3179566.42,100.0,14.0,114.0,drawing,yes,Plot Plan for Process & Utility,"Columns N389.5/N398.5 at 6 m bents E1092.1-1146.0. Section B-B: 9000 rack bay, TOS EL 114.000, platform levels 104.5/107.5/111.5 (tiers approximated from these).; Defaults: beam_depth_m, bracing, column_section_m, columns_across, lines, n_tiers, pipe_fill, tier_gap_m.",plan_offset;height_mismatch,high
30-tc-03,30-TC-03,Process area impound basin,basin,Process-Utility,Area_Process-Utility,1166.5,364.5,245558.54,3179523.56,96.0,4.3,100.3,indicative,yes,Plot Plan for Process & Utility,"Outline E1159.5-1173.5, N358.1-370.9 with R14000 dashed circle around it. Label east of match line, leader not traceable; identified by position/content.; Defaults: floor_t, freeboard, kerb_h, wall_t.",,medium
30-p-0002,30-P-0002,Impound basin pump,pump,Process-Utility,Area_Process-Utility,1163.8,361.3,245554.97,3179521.37,100.3,1.7,102.0,indicative,yes,Plot Plan for Process & Utility,"Small pump symbol in SW corner of the basin; label's leader not continuous.; Defaults: driver, plinth.",,low
30-heg-001,30-HEG-001,High expansion foam generator,package,Process-Utility,Area_Process-Utility,1171.4,367.5,245564.13,3179524.88,100.3,1.5,101.8,indicative,yes,Plot Plan for Process & Utility,Generator symbol on the east wall of 30-TC-03.,missing_in_cloud,low
30-hef-001,30-HEF-001,Foam package,package,Process-Utility,Area_Process-Utility,1188.35,392.05,245587.9,3179542.9,100.0,3.0,103.0,indicative,yes,Plot Plan for Process & Utility,"Rectangle with inner unit at E1185.4-1191.3, N387.3-396.8; label east of match line with leader pointing west at this latitude.",missing_in_cloud,low
20-t-0001,20-T-0001,LNG storage tank,tank_lng,Tank,Area_Tank,1300.3,550.9,245743.91,3179658.78,101.79,68.66,170.45,cloud,yes,Plot Plan for Tank Area · p1,"93.5 m OD outer concrete wall, 96.5 m base slab (drawing). Roof platforms (pump, safety, instrument, flare, unloading) and walking platform from drawing outline, sizes approx. 'LADDER 25°' marked on wall at N. Personnel elevator 20-A-0013 separate item.; Defaults: dome_rise_m, riser_od_m, roof_handrail, slab_t_m, wall_t_m.",plan_offset,high
20-t-0002,20-T-0002,LNG storage tank,tank_lng,Tank,Area_Tank,1446.5,550.9,245882.78,3179613.07,101.78,68.69,170.47,cloud,yes,Plot Plan for Tank Area · p1,"Same layout as 20-T-0001. 51240 dim between base slab edges of adjacent tanks. Elevator 20-A-0023 separate item.; Defaults: dome_rise_m, riser_od_m, roof_handrail, slab_t_m, wall_t_m.",plan_offset,high
20-t-0005,20-T-0005,LNG storage tank,tank_lng,Tank,Area_Tank,1300.2,367.9,245686.59,3179484.99,103.54,67.73,171.27,cloud,yes,Plot Plan for Tank Area · p1,"Layout rotated 180° vs north row. 'LADDER 205°' on wall at S. Elevator 20-A-0053 separate item.; Defaults: dome_rise_m, riser_od_m, roof_handrail, slab_t_m, wall_t_m.",plan_offset,high
20-t-0006,20-T-0006,LNG storage tank,tank_lng,Tank,Area_Tank,1446.5,367.8,245825.53,3179439.15,103.56,67.75,171.31,cloud,yes,Plot Plan for Tank Area · p1,"Same layout as 20-T-0005. Elevator 20-A-0063 separate item.; Defaults: dome_rise_m, riser_od_m, roof_handrail, slab_t_m, wall_t_m.",plan_offset,high
20-p-0001a,20-P-0001A,LP LNG in-tank pump (roof head),pump,Tank,Area_Tank,1326.9,518.3,245758.98,3179619.5,164.53,2.24,166.77,cloud,yes,Plot Plan for Tank Area · p1,Pump well on pump platform of 20-T-0001; leader-to-well assignment A/B/C inferred from leader order.; Defaults: driver.,,medium
20-p-0001b,20-P-0001B,LP LNG in-tank pump (roof head),pump,Tank,Area_Tank,1331.7,522.7,245764.92,3179622.18,164.38,2.42,166.8,cloud,yes,Plot Plan for Tank Area · p1,Defaults: driver.,,medium
20-p-0001c,20-P-0001C,LP LNG in-tank pump (roof head),pump,Tank,Area_Tank,1336.8,529.8,245771.98,3179627.32,154.36,9.99,164.35,cloud,yes,Plot Plan for Tank Area · p1,"4th well (FUTURE) at ~[1339.7,535.7] not modelled.; Defaults: driver.",,medium
20-p-0002a,20-P-0002A,LP LNG in-tank pump (roof head),pump,Tank,Area_Tank,1473.1,518.3,245897.85,3179573.78,164.44,2.21,166.65,cloud,yes,Plot Plan for Tank Area · p1,Defaults: driver.,,medium
20-p-0002b,20-P-0002B,LP LNG in-tank pump (roof head),pump,Tank,Area_Tank,1477.9,522.7,245903.79,3179576.46,164.32,2.14,166.46,cloud,yes,Plot Plan for Tank Area · p1,Defaults: driver.,,medium
20-p-0002c,20-P-0002C,LP LNG in-tank pump (roof head),pump,Tank,Area_Tank,1483.0,529.8,245910.85,3179581.61,154.82,9.41,164.23,cloud,yes,Plot Plan for Tank Area · p1,Defaults: driver.,,medium
20-p-0005a,20-P-0005A,LP LNG in-tank pump (roof head),pump,Tank,Area_Tank,1273.6,400.5,245671.52,3179524.27,147.0,3.0,150.0,indicative,yes,Plot Plan for Tank Area · p1,Defaults: driver.,,medium
20-p-0005b,20-P-0005B,LP LNG in-tank pump (roof head),pump,Tank,Area_Tank,1268.8,396.1,245665.59,3179521.59,147.0,3.0,150.0,indicative,yes,Plot Plan for Tank Area · p1,Defaults: driver.,,medium
20-p-0005c,20-P-0005C,LP LNG in-tank pump (roof head),pump,Tank,Area_Tank,1263.7,389.0,245658.52,3179516.44,147.0,3.0,150.0,indicative,yes,Plot Plan for Tank Area · p1,Defaults: driver.,,medium
20-p-0006a,20-P-0006A,LP LNG in-tank pump (roof head),pump,Tank,Area_Tank,1419.9,400.4,245810.45,3179478.43,147.0,3.0,150.0,indicative,yes,Plot Plan for Tank Area · p1,Defaults: driver.,,medium
20-p-0006b,20-P-0006B,LP LNG in-tank pump (roof head),pump,Tank,Area_Tank,1415.1,396.0,245804.52,3179475.75,147.0,3.0,150.0,indicative,yes,Plot Plan for Tank Area · p1,Defaults: driver.,plan_offset,medium
20-p-0006c,20-P-0006C,LP LNG in-tank pump (roof head),pump,Tank,Area_Tank,1410.0,388.9,245797.46,3179470.6,147.0,3.0,150.0,indicative,yes,Plot Plan for Tank Area · p1,Defaults: driver.,,medium
20-a-0011,20-A-0011,Pump platform jib crane,crane,Tank,Area_Tank,1337.3,525.5,245771.11,3179623.08,154.53,9.9,164.43,cloud,yes,Plot Plan for Tank Area · p1,Defaults: boom_up_deg.,,high
20-a-0021,20-A-0021,Pump platform jib crane,crane,Tank,Area_Tank,1483.5,525.5,245909.98,3179577.37,155.88,8.45,164.33,cloud,yes,Plot Plan for Tank Area · p1,Defaults: boom_up_deg.,,high
20-a-0051,20-A-0051,Pump platform jib crane,crane,Tank,Area_Tank,1263.2,393.3,245659.39,3179520.68,147.0,9.0,156.0,indicative,yes,Plot Plan for Tank Area · p1,Defaults: boom_up_deg.,,high
20-a-0061,20-A-0061,Pump platform jib crane,crane,Tank,Area_Tank,1409.5,393.2,245798.33,3179474.84,147.0,9.0,156.0,indicative,yes,Plot Plan for Tank Area · p1,Defaults: boom_up_deg.,,high
20-a-0012,20-A-0012,Roof-edge jib crane (DCP / safety platform),crane,Tank,Area_Tank,1309.2,594.6,245766.03,3179697.51,141.5,6.5,148.0,indicative,yes,Plot Plan for Tank Area · p1,Defaults: boom_up_deg.,,high
20-a-0022,20-A-0022,Roof-edge jib crane (DCP / safety platform),crane,Tank,Area_Tank,1455.4,594.6,245904.9,3179651.79,141.5,6.5,148.0,indicative,yes,Plot Plan for Tank Area · p1,Defaults: boom_up_deg.,,high
20-a-0052,20-A-0052,Roof-edge jib crane (DCP / safety platform),crane,Tank,Area_Tank,1291.3,324.2,245664.48,3179446.26,155.23,1.74,156.97,cloud,yes,Plot Plan for Tank Area · p1,,builder_fallback,high
20-a-0062,20-A-0062,Roof-edge jib crane (DCP / safety platform),crane,Tank,Area_Tank,1437.6,324.1,245803.41,3179400.42,155.14,1.77,156.91,cloud,yes,Plot Plan for Tank Area · p1,,builder_fallback,high
20-dcp-001,20-DCP-001,Dry chemical powder package (tank roof),package,Tank,Area_Tank,1306.5,590.7,245762.25,3179694.65,141.5,2.5,144.0,indicative,yes,Plot Plan for Tank Area · p1,,missing_in_cloud,medium
20-dcp-002,20-DCP-002,Dry chemical powder package (tank roof),package,Tank,Area_Tank,1452.7,590.7,245901.11,3179648.93,141.5,2.5,144.0,indicative,yes,Plot Plan for Tank Area · p1,,missing_in_cloud,medium
20-dcp-005,20-DCP-005,Dry chemical powder package (tank roof),package,Tank,Area_Tank,1294.0,328.1,245668.26,3179449.12,156.67,2.3,158.97,cloud,yes,Plot Plan for Tank Area · p1,,,medium
20-dcp-006,20-DCP-006,Dry chemical powder package (tank roof),package,Tank,Area_Tank,1440.3,328.0,245807.19,3179403.28,156.61,2.27,158.88,cloud,yes,Plot Plan for Tank Area · p1,,,medium
20-a-0013,20-A-0013,Personnel elevator tower,stair_tower,Tank,Area_Tank,1351.6,542.4,245789.98,3179634.67,105.54,48.48,154.02,cloud,yes,Plot Plan for Tank Area · p1,"Elevator shaft on hatched concrete pad outside wall at bearing ~99°; modelled as stair_tower (no elevator type).; Defaults: base_slab, column_section_m, flight_rise_m, landing_m.",,medium
20-a-0023,20-A-0023,Personnel elevator tower,stair_tower,Tank,Area_Tank,1497.8,542.4,245928.85,3179588.95,104.42,49.41,153.83,cloud,yes,Plot Plan for Tank Area · p1,"Modelled as stair_tower (no elevator type).; Defaults: base_slab, column_section_m, flight_rise_m, landing_m.",,medium
20-a-0053,20-A-0053,Personnel elevator tower,stair_tower,Tank,Area_Tank,1248.9,376.4,245640.52,3179509.1,100.0,42.0,142.0,indicative,yes,Plot Plan for Tank Area · p1,"Modelled as stair_tower (no elevator type).; Defaults: base_slab, column_section_m, flight_rise_m, landing_m.",missing_in_cloud,medium
20-a-0063,20-A-0063,Personnel elevator tower,stair_tower,Tank,Area_Tank,1395.2,376.3,245779.46,3179463.26,100.0,42.0,142.0,indicative,yes,Plot Plan for Tank Area · p1,"Modelled as stair_tower (no elevator type).; Defaults: base_slab, column_section_m, flight_rise_m, landing_m.",missing_in_cloud,medium
20-tc-05,20-TC-05,Impounding basin,basin,Tank,Area_Tank,1374.0,506.0,245799.88,3179593.09,97.0,3.3,100.3,indicative,yes,Plot Plan for Tank Area · p1,"R6000 dashed circle around basin (hazard radius).; Defaults: floor_t, freeboard, kerb_h, wall_t.",,medium
20-p-0009,20-P-0009,Impounding basin sump pump,pump,Tank,Area_Tank,1372.5,504.2,245797.89,3179591.85,100.0,2.0,102.0,indicative,yes,Plot Plan for Tank Area · p1,"Defaults: driver, plinth.",,high
20-heg-001,20-HEG-001,High-expansion foam generator (basin 20-TC-05),package,Tank,Area_Tank,1371.6,507.0,245797.91,3179594.79,100.0,1.8,101.8,indicative,yes,Plot Plan for Tank Area · p1,HEG read as high-expansion foam generator at basin edge (not a diesel generator).,,medium
20-hef-001,20-HEF-001,High-expansion foam package,package,Tank,Area_Tank,1348.6,496.4,245772.75,3179591.91,100.0,2.5,102.5,indicative,yes,Plot Plan for Tank Area · p1,,missing_in_cloud,high
20-tc-07,20-TC-07,Impounding basin,basin,Tank,Area_Tank,1373.9,413.1,245770.73,3179504.88,97.0,3.3,100.3,indicative,yes,Plot Plan for Tank Area · p1,"R6000 dashed circle around basin.; Defaults: floor_t, freeboard, kerb_h, wall_t.",,medium
20-p-0011,20-P-0011,Impounding basin sump pump,pump,Tank,Area_Tank,1375.5,414.8,245772.78,3179505.99,100.0,2.0,102.0,indicative,yes,Plot Plan for Tank Area · p1,"Defaults: driver, plinth.",,high
20-heg-003,20-HEG-003,High-expansion foam generator (basin 20-TC-07),package,Tank,Area_Tank,1376.4,412.4,245772.89,3179503.43,100.0,1.8,101.8,indicative,yes,Plot Plan for Tank Area · p1,Leader assignment between HEG-003 and TC-07 labels slightly ambiguous; layout mirrors TC-05 (180°).,,medium
20-hef-003,20-HEF-003,High-expansion foam package,package,Tank,Area_Tank,1399.3,422.6,245797.83,3179505.96,103.17,1.98,105.15,cloud,yes,Plot Plan for Tank Area · p1,,plan_offset,high
20-t-0003,20-T-0003,LNG storage tank T-0003,tank_lng,Tank,Area_Tank,1592.1,550.9,246021.08,3179567.54,102.08,67.99,170.07,cloud,yes,Plot Plan for Tank Area · p1,"93500 OD outer concrete wall, 96500 base slab (drawing). Centre from tank centrelines on plant grid. Roof platforms traced from plan (safety arc N, instrument arc E, pump platform SE, flare SW, unloading S, walking platform NW-centre). Personnel elevator 20-A-0033 traced separately.; Defaults: dome_rise_m, riser_od_m, roof_handrail, slab_t_m, wall_t_m.",plan_offset,high
20-t-0004,20-T-0004,LNG storage tank T-0004,tank_lng,Tank,Area_Tank,1738.4,550.9,246160.04,3179521.79,102.19,67.34,169.53,cloud,yes,Plot Plan for Tank Area · p1,"93500 OD outer wall / 96500 base slab. Same layout as T-0003 shifted ~146.3 m east. Personnel elevator 20-A-0043 separate.; Defaults: dome_rise_m, riser_od_m, roof_handrail, slab_t_m, wall_t_m.",plan_offset,high
20-t-0007,20-T-0007,LNG storage tank T-0007,tank_lng,Tank,Area_Tank,1592.1,369.1,245964.23,3179394.85,103.26,68.83,172.09,cloud,yes,Plot Plan for Tank Area · p1,"South row; layout is the north-row tank rotated 180 deg (pump platform NW, safety arc S). 93500 OD / 96500 slab.; Defaults: dome_rise_m, riser_od_m, roof_handrail, slab_t_m, wall_t_m.",plan_offset,high
20-t-0008,20-T-0008,LNG storage tank T-0008,tank_lng,Tank,Area_Tank,1738.4,369.1,246103.2,3179349.11,102.98,68.62,171.6,cloud,yes,Plot Plan for Tank Area · p1,"South row, rotated-180 layout. 93500 OD / 96500 slab.; Defaults: dome_rise_m, riser_od_m, roof_handrail, slab_t_m, wall_t_m.",plan_offset,high
20-p-0003a,20-P-0003A,LNG in-tank pump T-0003 A (roof pump head),pump,Tank,Area_Tank,1618.8,518.1,246036.18,3179528.03,164.19,1.95,166.14,cloud,yes,Plot Plan for Tank Area · p1,"Pump column on T-0003 pump platform. A/B/C assignment by non-crossing leaders (labels A,B,C,FUTURE left to right); 4th column (FUTURE) not modelled.; Defaults: driver.",,medium
20-p-0003b,20-P-0003B,LNG in-tank pump T-0003 B (roof pump head),pump,Tank,Area_Tank,1623.6,522.6,246042.15,3179530.81,156.42,8.78,165.2,cloud,yes,Plot Plan for Tank Area · p1,Assignment by leader order.; Defaults: driver.,,medium
20-p-0003c,20-P-0003C,LNG in-tank pump T-0003 C (roof pump head),pump,Tank,Area_Tank,1628.7,529.7,246049.22,3179535.96,153.82,10.13,163.95,cloud,yes,Plot Plan for Tank Area · p1,Assignment by leader order.; Defaults: driver.,,medium
20-p-0004a,20-P-0004A,LNG in-tank pump T-0004 A (roof pump head),pump,Tank,Area_Tank,1765.1,518.1,246175.15,3179482.29,163.75,3.14,166.89,cloud,yes,Plot Plan for Tank Area · p1,Assignment by leader order.; Defaults: driver.,,medium
20-p-0004b,20-P-0004B,LNG in-tank pump T-0004 B (roof pump head),pump,Tank,Area_Tank,1769.9,522.6,246181.11,3179485.06,160.33,5.6,165.93,cloud,yes,Plot Plan for Tank Area · p1,Assignment by leader order.; Defaults: driver.,,medium
20-p-0004c,20-P-0004C,LNG in-tank pump T-0004 C (roof pump head),pump,Tank,Area_Tank,1775.0,529.7,246188.18,3179490.21,153.49,10.04,163.53,cloud,yes,Plot Plan for Tank Area · p1,Assignment by leader order.; Defaults: driver.,,medium
20-p-0007a,20-P-0007A,LNG in-tank pump T-0007 A (roof pump head),pump,Tank,Area_Tank,1565.8,400.5,245949.07,3179432.9,145.0,3.5,148.5,indicative,yes,Plot Plan for Tank Area · p1,"Just west of the package edge (E1575.5); traced with its tank. Labels (FUTURE),C,B,A left to right.; Defaults: driver.",plan_offset,medium
20-p-0007b,20-P-0007B,LNG in-tank pump T-0007 B (roof pump head),pump,Tank,Area_Tank,1561.1,396.0,245943.2,3179430.1,145.0,3.5,148.5,indicative,yes,Plot Plan for Tank Area · p1,Assignment by leader order.; Defaults: driver.,,medium
20-p-0007c,20-P-0007C,LNG in-tank pump T-0007 C (roof pump head),pump,Tank,Area_Tank,1556.0,389.0,245936.17,3179425.04,145.0,3.5,148.5,indicative,yes,Plot Plan for Tank Area · p1,Assignment by leader order.; Defaults: driver.,,medium
20-p-0008a,20-P-0008A,LNG in-tank pump T-0008 A (roof pump head),pump,Tank,Area_Tank,1712.1,400.5,246088.03,3179387.16,145.0,3.5,148.5,indicative,yes,Plot Plan for Tank Area · p1,Assignment by leader order.; Defaults: driver.,plan_offset,medium
20-p-0008b,20-P-0008B,LNG in-tank pump T-0008 B (roof pump head),pump,Tank,Area_Tank,1707.4,396.0,246082.16,3179384.35,145.0,3.5,148.5,indicative,yes,Plot Plan for Tank Area · p1,Assignment by leader order.; Defaults: driver.,,medium
20-p-0008c,20-P-0008C,LNG in-tank pump T-0008 C (roof pump head),pump,Tank,Area_Tank,1702.3,389.0,246075.13,3179379.3,145.0,3.5,148.5,indicative,yes,Plot Plan for Tank Area · p1,Assignment by leader order.; Defaults: driver.,missing_in_cloud,medium
20-a-0031,20-A-0031,"Jib crane, T-0003 pump platform",crane,Tank,Area_Tank,1629.1,525.5,246048.28,3179531.84,153.45,10.57,164.02,cloud,yes,Plot Plan for Tank Area · p1,Defaults: boom_up_deg.,,high
20-a-0032,20-A-0032,"Jib crane, T-0003 safety platform",crane,Tank,Area_Tank,1601.6,594.3,246043.67,3179605.79,143.0,7.0,150.0,indicative,yes,Plot Plan for Tank Area · p1,Serves the roof edge / laydown area to the north.; Defaults: boom_up_deg.,,high
20-a-0041,20-A-0041,"Jib crane, T-0004 pump platform",crane,Tank,Area_Tank,1775.4,525.5,246187.25,3179486.1,153.7,9.9,163.6,cloud,yes,Plot Plan for Tank Area · p1,Defaults: boom_up_deg.,,high
20-a-0042,20-A-0042,"Jib crane, T-0004 safety platform",crane,Tank,Area_Tank,1747.9,594.3,246182.64,3179560.05,143.0,7.0,150.0,indicative,yes,Plot Plan for Tank Area · p1,Defaults: boom_up_deg.,,high
20-a-0071,20-A-0071,"Jib crane, T-0007 pump platform",crane,Tank,Area_Tank,1555.5,393.2,245937.0,3179429.19,145.0,8.0,153.0,indicative,yes,Plot Plan for Tank Area · p1,"Tag label lies west of the package; position read from the drawn crane circle, tag by analogy with 20-A-0031/0081.; Defaults: boom_up_deg.",,medium
20-a-0072,20-A-0072,"Jib crane, T-0007 safety platform",crane,Tank,Area_Tank,1582.8,324.5,245941.45,3179355.4,143.0,7.0,150.0,indicative,yes,Plot Plan for Tank Area · p1,Defaults: boom_up_deg.,,high
20-a-0081,20-A-0081,"Jib crane, T-0008 pump platform",crane,Tank,Area_Tank,1701.8,393.2,246075.97,3179383.44,145.0,8.0,153.0,indicative,yes,Plot Plan for Tank Area · p1,Defaults: boom_up_deg.,,medium
20-a-0082,20-A-0082,"Jib crane, T-0008 safety platform",crane,Tank,Area_Tank,1729.1,324.5,246080.42,3179309.65,143.0,7.0,150.0,indicative,yes,Plot Plan for Tank Area · p1,Defaults: boom_up_deg.,,high
20-a-0033,20-A-0033,"Personnel elevator, T-0003",other,Tank,Area_Tank,1640.8,544.4,246065.3,3179546.14,111.5,41.79,153.29,cloud,yes,Plot Plan for Tank Area · p1,"Elevator shaft (X box) on a concrete pad just outside the east wall, by the pump platform. Leader 20-A-0033 assignment (vs 0031 = jib circle) inferred.",,medium
20-a-0043,20-A-0043,"Personnel elevator, T-0004",other,Tank,Area_Tank,1787.1,544.4,246204.27,3179500.39,110.25,43.08,153.33,cloud,yes,Plot Plan for Tank Area · p1,,,medium
20-a-0073,20-A-0073,"Personnel elevator, T-0007",other,Tank,Area_Tank,1544.0,374.2,245920.14,3179414.74,100.0,45.0,145.0,indicative,yes,Plot Plan for Tank Area · p1,"West of package edge; traced with its tank, tag by analogy.",missing_in_cloud,medium
20-a-0083,20-A-0083,"Personnel elevator, T-0008",other,Tank,Area_Tank,1690.3,374.2,246059.1,3179368.99,100.0,45.0,145.0,indicative,yes,Plot Plan for Tank Area · p1,,missing_in_cloud,medium
20-dcp-003,20-DCP-003,"Dry chemical package, T-0003 roof",package,Tank,Area_Tank,1598.9,590.6,246039.95,3179603.12,143.0,2.5,145.5,indicative,yes,Plot Plan for Tank Area · p1,,missing_in_cloud,high
20-dcp-004,20-DCP-004,"Dry chemical package, T-0004 roof",package,Tank,Area_Tank,1745.6,591.0,246179.42,3179557.63,143.0,2.5,145.5,indicative,yes,Plot Plan for Tank Area · p1,,missing_in_cloud,high
20-dcp-007,20-DCP-007,"Dry chemical package, T-0007 roof",package,Tank,Area_Tank,1585.6,328.1,245945.24,3179357.94,156.12,2.31,158.43,cloud,yes,Plot Plan for Tank Area · p1,,,high
20-dcp-008,20-DCP-008,"Dry chemical package, T-0008 roof",package,Tank,Area_Tank,1731.8,328.1,246084.11,3179312.23,155.77,2.29,158.06,cloud,yes,Plot Plan for Tank Area · p1,,,high
20-tc-06,20-TC-06,LNG spill impounding basin TC-06,basin,Tank,Area_Tank,1665.4,504.65,246076.24,3179500.69,97.0,3.3,100.3,indicative,yes,Plot Plan for Tank Area · p1,"Concrete basin outline incl. sump; R6000 dashed circle drawn around it. Depth not given.; Defaults: floor_t, freeboard, kerb_h, wall_t.",,high
20-tc-08,20-TC-08,LNG spill impounding basin TC-08,basin,Tank,Area_Tank,1666.65,414.55,246049.26,3179414.71,97.0,3.3,100.3,indicative,yes,Plot Plan for Tank Area · p1,"R6000 dashed circle around it. Depth not given.; Defaults: floor_t, freeboard, kerb_h, wall_t.",,high
20-p-0010,20-P-0010,Impounding basin sump pump (TC-06),pump,Tank,Area_Tank,1664.4,504.4,246075.21,3179500.76,100.0,2.0,102.0,indicative,yes,Plot Plan for Tank Area · p1,Column pump in basin sump; leader assignment between HEG-002 and P-0010 inferred.; Defaults: driver.,,medium
20-p-0012,20-P-0012,Impounding basin sump pump (TC-08),pump,Tank,Area_Tank,1667.6,414.9,246050.27,3179414.75,100.0,2.0,102.0,indicative,yes,Plot Plan for Tank Area · p1,Defaults: driver.,,medium
20-heg-002,20-HEG-002,High-expansion foam generator at basin TC-06,package,Tank,Area_Tank,1663.5,507.1,246075.2,3179503.61,100.0,1.5,101.5,indicative,yes,Plot Plan for Tank Area · p1,Brief calls HEG 'generators'; drawn as small foam generator unit on the basin wall.,,medium
20-heg-004,20-HEG-004,High-expansion foam generator at basin TC-08,package,Tank,Area_Tank,1668.6,411.9,246050.28,3179411.59,100.0,1.5,101.5,indicative,yes,Plot Plan for Tank Area · p1,,plan_offset,medium
20-hef-002,20-HEF-002,High-expansion foam package,package,Tank,Area_Tank,1640.5,496.5,246050.04,3179500.73,100.0,3.0,103.0,indicative,yes,Plot Plan for Tank Area · p1,,missing_in_cloud,high
20-hef-004,20-HEF-004,High-expansion foam package,package,Tank,Area_Tank,1691.4,422.6,246075.28,3179414.62,102.61,2.04,104.65,cloud,yes,Plot Plan for Tank Area · p1,,,high
60-v-0001b,60-V-0001B,Flare KO drum B,vessel_h,Tank,Area_Tank,1881.3,457.0,246266.42,3179387.92,101.46,12.44,113.9,cloud,yes,Plot Plan for Tank Area · p1,"Label 60-V-0001B (FIXED SIDE) placed under the west drum; A/B by label position, no leader.; Defaults: d_m, head, insulated, nozzles, orient, saddle_h_m.",plan_offset,medium
60-v-0001a,60-V-0001A,Flare KO drum A,vessel_h,Tank,Area_Tank,1904.45,457.0,246288.41,3179380.68,101.4,14.76,116.16,cloud,yes,Plot Plan for Tank Area · p1,"East drum; A/B by label position.; Defaults: d_m, head, insulated, nozzles, orient, saddle_h_m.",plan_offset,medium
70-v-1002c,70-V-1002C,Instrument air receiver,vessel_v,Tank,Area_Tank,1888.0,503.8,246287.41,3179430.28,100.0,12.0,112.0,indicative,yes,Plot Plan for Tank Area · p1,"Circle on an ~8 m octagonal plinth.; Defaults: d_m, head, insulated, ladder, nozzles, skirt_h_m, top_platform.",missing_in_cloud,high
10-b-15,10-B-15,Trestle gate house,building,Tank,Area_Tank,1902.9,559.8,246319.08,3179478.81,101.72,0.85,102.57,cloud,yes,Plot Plan for Tank Area · p1,"Grade taken from nearby FG EL 102.500 marker.; Defaults: door_h, door_w, doors, hvac, parapet_h, parapet_t, plinth_h, roof_overhang, roof_t, sill_h, storey_h, window_h, windows.",missing_in_cloud,high
20-ss-02,20-SS-02,Satellite substation,substation,Tank,Area_Tank,1879.25,641.55,246322.18,3179563.86,100.19,22.51,122.7,cloud,yes,Plot Plan for Tank Area · p1,"Main building; FG EL 102.500 in this zone. A smaller annex south (E1879-1886, N618.6-627.3) not modelled separately.; Defaults: door_h, door_w, doors, hvac, parapet_h, parapet_t, plinth_h, roof_overhang, roof_t, sill_h, storey_h, window_h, windows.",plan_offset,high
20-a-0009-g-01,20-A-0009-G-01,Main emergency power generator,generator,Tank,Area_Tank,1873.3,662.9,246323.2,3179586.0,99.81,0.43,100.24,cloud,yes,Plot Plan for Tank Area · p1,Container package with radiator/stack at the east end.,plan_offset;builder_fallback,high
20-a-0009-v-01,20-A-0009-V-01,Emergency generator diesel tank,storage_tank_small,Tank,Area_Tank,1866.4,669.3,246318.65,3179594.23,102.5,3.0,105.5,indicative,yes,Plot Plan for Tank Area · p1,"Leader order L-01, V-01, G-01 top to bottom; V-01 = western small skid NW of the generator.; Defaults: bund_h_m, form, handrail, ladder, roof, roof_slope.",missing_in_cloud,medium
20-a-0009-l-01,20-A-0009-L-01,Emergency generator load bank,package,Tank,Area_Tank,1872.8,668.9,246324.6,3179591.85,102.5,3.0,105.5,indicative,yes,Plot Plan for Tank Area · p1,Defaults: colour.,missing_in_cloud,medium
10-z-0001a,10-Z-0001A,Jetty I LNG unloading arm,loading_arm,Jetty,Area_Jetty,2407.6,832.7,246883.8,3179580.21,108.0,18.0,126.0,indicative,yes,Plot Plan for Jetty Area · p1,"Heights reset in review to deck ~EL108 + 18 m indicative (cloud fill unreliable: ship moored alongside).; Defaults: inner_up_deg, outer_down_deg, pipe_d_m, riser_frac.",,medium
10-z-0001b,10-Z-0001B,Jetty I LNG unloading arm,loading_arm,Jetty,Area_Jetty,2407.2,836.7,246884.67,3179584.14,108.0,18.0,126.0,indicative,yes,Plot Plan for Jetty Area · p1,"Heights indicative (deck ~EL108 + 18 m).; Defaults: inner_up_deg, outer_down_deg, pipe_d_m, riser_frac.",,medium
10-z-0002,10-Z-0002,Jetty I vapour return arm,loading_arm,Jetty,Area_Jetty,2406.8,840.6,246885.51,3179587.97,108.0,18.0,126.0,indicative,yes,Plot Plan for Jetty Area · p1,"Heights indicative; cloud fill (108.1-108.5) was wrong.; Defaults: inner_up_deg, outer_down_deg, pipe_d_m, riser_frac.",,medium
10-z-0001c,10-Z-0001C,Jetty I LNG unloading arm,loading_arm,Jetty,Area_Jetty,2406.3,844.6,246886.29,3179591.92,108.0,18.0,126.0,indicative,yes,Plot Plan for Jetty Area · p1,"Heights indicative; cloud fill (105.3-108.4) was wrong.; Defaults: inner_up_deg, outer_down_deg, pipe_d_m, riser_frac.",,medium
10-rcm-001,10-RCM-001,Elevated water monitor 1,monitor,Jetty,Area_Jetty,2408.0,828.8,246882.96,3179576.38,109.59,14.64,124.23,cloud,yes,Plot Plan for Jetty Area · p1,Defaults: platform_m.,,high
10-rcm-002,10-RCM-002,Elevated water monitor 2,monitor,Jetty,Area_Jetty,2405.5,852.2,246887.9,3179599.39,104.5,20.5,125.0,indicative,yes,Plot Plan for Jetty Area · p1,Label overprinted with 10-LS-11B01; position symmetric to 10-RCM-001 about manifold centre line.; Defaults: platform_m.,plan_offset,medium
10-v-0001,10-V-0001,KO drum,vessel_h,Jetty,Area_Jetty,2386.0,837.2,246864.69,3179591.24,108.73,13.23,121.96,cloud,yes,Plot Plan for Jetty Area · p1,"Horizontal drum outline under the west side of the loading-arms deck. The 10-V-0001 label is written rotated along the trestle south of the platform with a leader running north to the platform; assignment to this outline is inferred.; Defaults: d_m, head, insulated, nozzles, orient, saddle_h_m.",plan_offset,low
10-a-0004,10-A-0004,Gangway tower,gangway,Jetty,Area_Jetty,2408.55,809.3,246877.39,3179557.69,107.25,16.75,124.0,cloud,yes,Plot Plan for Jetty Area · p1,"On west part of BD2, boom drawn stowed southward.; Defaults: boom_slope_deg, boom_width_m, counterweight, rung_spacing_m, tower_size_m.",,medium
10-ls-11b01,10-LS-11B01,Berthing laser sensor 1,other,Jetty,Area_Jetty,2410.5,858.8,246894.72,3179604.1,104.5,1.5,106.0,indicative,yes,Plot Plan for Jetty Area · p1,,plan_offset,medium
10-ls-11b02,10-LS-11B02,Berthing laser sensor 2,other,Jetty,Area_Jetty,2414.0,823.7,246887.07,3179569.66,109.66,22.15,131.81,cloud,yes,Plot Plan for Jetty Area · p1,,,medium
10-b-11,10-B-11,Jetty operator house,building,Jetty,Area_Jetty,2361.8,843.9,246843.8,3179605.17,104.5,4.0,108.5,indicative,yes,Plot Plan for Jetty Area · p1,"Defaults: door_h, door_w, doors, hvac, parapet_h, parapet_t, plinth_h, roof_overhang, roof_t, sill_h, storey_h, window_h, windows.",,high
10-ah-0001,10-AH-0001,Analyzer house,analyzer_house,Jetty,Area_Jetty,2375.2,845.0,246856.87,3179602.03,104.5,3.5,108.0,indicative,yes,Plot Plan for Jetty Area · p1,"Defaults: door_h, door_w, doors, hvac, parapet_h, parapet_t, plinth_h, roof_overhang, roof_t, sill_h, storey_h, window_h, windows.",,high
10-hef-001,10-HEF-001,Foam unit (horizontal tank),storage_tank_small,Jetty,Area_Jetty,2361.2,832.6,246839.7,3179594.63,103.99,12.6,116.59,cloud,yes,Plot Plan for Jetty Area · p1,"Defaults: bund_h_m, form, handrail, ladder, roof, roof_slope.",,medium
10-tc-01,10-TC-01,Impounding basin,basin,Jetty,Area_Jetty,2369.5,886.9,246864.56,3179643.61,102.5,2.5,105.0,indicative,yes,Plot Plan for Jetty Area · p1,"On the rotated basin platform NW of loading platform (R11000 circle).; Defaults: floor_t, freeboard, kerb_h, wall_t.",,medium
10-p-0001,10-P-0001,Impounding basin pump,pump,Jetty,Area_Jetty,2368.4,886.7,246863.45,3179643.76,104.5,2.0,106.5,indicative,yes,Plot Plan for Jetty Area · p1,"Defaults: driver, plinth.",,medium
10-ld-11b01,10-LD-11B01,LED display board 1,other,Jetty,Area_Jetty,2364.6,958.0,246882.14,3179712.68,104.0,4.0,108.0,indicative,yes,Plot Plan for Jetty Area · p1,On MD6.,plan_offset,medium
10-ld-11b02,10-LD-11B02,LED display board 2,other,Jetty,Area_Jetty,2391.7,699.8,246827.14,3179458.95,104.0,4.0,108.0,indicative,yes,Plot Plan for Jetty Area · p1,On MD3.,plan_offset,medium
10-na-11v01,10-NA-11V01,Navigation light,nav_aid,Jetty,Area_Jetty,2355.7,1056.6,246904.51,3179809.12,104.0,6.0,110.0,indicative,yes,Plot Plan for Jetty Area · p1,On MD8.; Defaults: colour.,,high
10-se-11b01-02,10-SE-11B01/02,EMS davits,crane,Jetty,Area_Jetty,2350.8,1057.8,246900.24,3179811.79,104.0,4.0,108.0,indicative,yes,Plot Plan for Jetty Area · p1,"One leader to MD8 NW corner for both davits.; Defaults: boom_up_deg, reach_m, slew_deg.",,medium
10-fh-10v01,10-FH-10V01,Fog horn,nav_aid,Jetty,Area_Jetty,2379.0,537.3,246764.27,3179308.57,104.5,5.0,109.5,indicative,yes,Plot Plan for Jetty Area · p1,Arrow ends on junction platform NW quadrant.,,medium
10-sc-d-01,10-SC-D-01,Auto sampling system,package,Jetty,Area_Jetty,2375.9,840.3,246856.07,3179597.35,104.5,2.5,107.0,indicative,yes,Plot Plan for Jetty Area · p1,Leader assignment between 10-SC-D-01 and 10-HEF-001 by label order.; Defaults: colour.,plan_offset,medium
10-lop-10rcm002,10-LOP-10RCM002,Local operating panel for 10-RCM-002,package,Jetty,Area_Jetty,2358.3,807.6,246829.13,3179571.79,104.5,2.0,106.5,indicative,yes,Plot Plan for Jetty Area · p1,Two small panels on trestle west edge; 001/002 assigned assuming non-crossing leaders.,,medium
10-lop-10rcm001,10-LOP-10RCM001,Local operating panel for 10-RCM-001,package,Jetty,Area_Jetty,2358.7,805.0,246828.69,3179569.19,104.5,2.0,106.5,indicative,yes,Plot Plan for Jetty Area · p1,,,medium
10-heg-001,10-HEG-001,High expansion foam generator (basin),package,Jetty,Area_Jetty,2364.4,887.3,246859.84,3179645.58,104.5,2.0,106.5,indicative,yes,Plot Plan for Jetty Area · p1,,,medium
10-ss-03,10-SS-03,Jetty substation,substation,Jetty,Area_Jetty,2248.6,528.3,246637.59,3179340.79,100.41,1.21,101.62,cloud,yes,Plot Plan for Jetty Area · p1,"Defaults: door_h, door_w, doors, hvac, parapet_h, parapet_t, plinth_h, roof_overhang, roof_t, sill_h, storey_h, window_h, windows.",,high
10-a-0003-g-01,10-A-0003-G-01,Emergency diesel generator,generator,Jetty,Area_Jetty,2256.4,518.8,246642.03,3179329.33,100.45,28.75,129.2,cloud,yes,Plot Plan for Jetty Area · p1,"Shares one leader with 10-A-0003-V-01.; Defaults: exhaust, radiator_end.",plan_offset,high
10-a-0003-v-01,10-A-0003-V-01,Emergency generator fuel tank,storage_tank_small,Jetty,Area_Jetty,2256.0,516.4,246640.9,3179327.18,101.06,28.52,129.58,cloud,yes,Plot Plan for Jetty Area · p1,"Same leader as G-01; placed on south side of generator package where cylindrical outlines are drawn. Position approximate.; Defaults: bund_h_m, form, handrail, ladder, roof, roof_slope.",plan_offset,low
10-a-0003-l-01,10-A-0003-L-01,Emergency generator fuel loading point,package,Jetty,Area_Jetty,2263.0,500.3,246642.52,3179309.7,108.45,6.08,114.53,cloud,yes,Plot Plan for Jetty Area · p1,Small square on trestle south rack bay; function of L-01 not stated.; Defaults: colour.,,medium
10-mh-11b01,10-MH-11B01,Quick release hook on MD8,other,Jetty,Area_Jetty,2354.2,1054.3,246902.37,3179807.4,104.0,1.0,105.0,indicative,yes,Plot Plan for Jetty Area · p1,,,high
10-mh-11b02,10-MH-11B02,Quick release hook on MD7,other,Jetty,Area_Jetty,2359.9,1002.2,246891.49,3179756.13,104.0,1.0,105.0,indicative,yes,Plot Plan for Jetty Area · p1,,plan_offset,high
10-mh-11b03,10-MH-11B03,Quick release hook on MD6,other,Jetty,Area_Jetty,2363.0,958.6,246880.81,3179713.75,104.0,1.0,105.0,indicative,yes,Plot Plan for Jetty Area · p1,,plan_offset,high
10-mh-11b04,10-MH-11B04,Quick release hook on MD5,other,Jetty,Area_Jetty,2366.9,932.3,246876.29,3179687.55,104.0,1.0,105.0,indicative,yes,Plot Plan for Jetty Area · p1,,plan_offset,high
10-mh-11b05,10-MH-11B05,Quick release hook on BD4,other,Jetty,Area_Jetty,2405.0,892.0,246899.87,3179637.35,104.0,1.0,105.0,indicative,yes,Plot Plan for Jetty Area · p1,,plan_offset,high
10-mh-11b06,10-MH-11B06,Quick release hook on BD3,other,Jetty,Area_Jetty,2407.7,864.6,246893.87,3179610.48,104.0,1.0,105.0,indicative,yes,Plot Plan for Jetty Area · p1,,plan_offset,high
10-mh-11b07,10-MH-11B07,Quick release hook on BD2,other,Jetty,Area_Jetty,2413.0,817.6,246884.21,3179564.18,109.58,14.49,124.07,cloud,yes,Plot Plan for Jetty Area · p1,,,high
10-mh-11b08,10-MH-11B08,Quick release hook on BD1,other,Jetty,Area_Jetty,2416.5,783.0,246876.72,3179530.22,104.0,1.0,105.0,indicative,yes,Plot Plan for Jetty Area · p1,,plan_offset,high
10-mh-11b09,10-MH-11B09,Quick release hook on MD4,other,Jetty,Area_Jetty,2387.3,739.5,246835.38,3179498.03,104.0,1.0,105.0,indicative,yes,Plot Plan for Jetty Area · p1,,,high
10-mh-11b10,10-MH-11B10,Quick release hook on MD3,other,Jetty,Area_Jetty,2390.2,700.3,246825.88,3179459.89,104.0,1.0,105.0,indicative,yes,Plot Plan for Jetty Area · p1,,plan_offset,high
10-mh-11b11,10-MH-11B11,Quick release hook on MD2,other,Jetty,Area_Jetty,2394.4,666.6,246819.33,3179426.57,104.0,1.0,105.0,indicative,yes,Plot Plan for Jetty Area · p1,,plan_offset,high
10-mh-11b12,10-MH-11B12,Quick release hook on MD1,other,Jetty,Area_Jetty,2400.2,612.6,246807.95,3179373.46,104.0,1.0,105.0,indicative,yes,Plot Plan for Jetty Area · p1,,plan_offset,high
10-z-0003a,10-Z-0003A,Jetty II LNG unloading arm,loading_arm,Jetty,Area_Jetty,2465.4,283.3,246766.92,3179040.29,108.1,18.0,126.1,indicative,yes,Plot Plan for Jetty Area · p1,"Heights indicative; cloud fill 121-144 was the moored LNG carrier (cand-016).; Defaults: inner_up_deg, outer_down_deg, pipe_d_m, riser_frac.",,medium
10-z-0003b,10-Z-0003B,Jetty II LNG unloading arm,loading_arm,Jetty,Area_Jetty,2465.8,279.4,246766.08,3179036.46,108.1,18.0,126.1,indicative,yes,Plot Plan for Jetty Area · p1,"Heights indicative; ship alongside in cloud.; Defaults: inner_up_deg, outer_down_deg, pipe_d_m, riser_frac.",,medium
10-z-0004,10-Z-0004,Jetty II vapour return arm,loading_arm,Jetty,Area_Jetty,2466.2,275.4,246765.2,3179032.54,108.1,18.0,126.1,indicative,yes,Plot Plan for Jetty Area · p1,"Heights indicative.; Defaults: inner_up_deg, outer_down_deg, pipe_d_m, riser_frac.",,medium
10-z-0003c,10-Z-0003C,Jetty II LNG unloading arm,loading_arm,Jetty,Area_Jetty,2466.6,271.4,246764.33,3179028.61,108.1,18.0,126.1,indicative,yes,Plot Plan for Jetty Area · p1,"Heights indicative; ship alongside in cloud.; Defaults: inner_up_deg, outer_down_deg, pipe_d_m, riser_frac.",,medium
10-rcm-003,10-RCM-003,Jetty II elevated water monitor,monitor,Jetty,Area_Jetty,2465.01,286.98,246767.7,3179043.91,108.1,17.9,126.0,indicative,yes,Plot Plan for Jetty Area · p1,"Defaults: platform_m, tower.",,medium
10-rcm-004,10-RCM-004,Jetty II elevated water monitor,monitor,Jetty,Area_Jetty,2467.5,263.7,246762.78,3179021.02,115.46,13.25,128.71,cloud,yes,Plot Plan for Jetty Area · p1,"Defaults: platform_m, tower.",,medium
10-ls-12b01,10-LS-12B01,Jetty II laser lift (6 m),other,Jetty,Area_Jetty,2469.6,293.5,246774.09,3179048.66,108.1,6.0,114.1,indicative,yes,Plot Plan for Jetty Area · p1,Equipment list: 10-LS-12B01/02 Jetty II laser lift (6m). Small object near NE corner of jetty head.,plan_offset,medium
10-ls-12b02,10-LS-12B02,Jetty II laser lift (6 m),other,Jetty,Area_Jetty,2473.3,258.4,246766.63,3179014.17,108.1,6.0,114.1,indicative,yes,Plot Plan for Jetty Area · p1,Small object at SE corner of jetty head.,,medium
10-v-0002,10-V-0002,Jetty II KO drum,vessel_h,Jetty,Area_Jetty,2444.97,274.56,246744.78,3179038.38,108.89,2.96,111.85,cloud,yes,Plot Plan for Jetty Area · p1,"Tag text '10-V-0002' is written vertically beside the trestle (no leader found); placed on the only drum outline on the jetty head (rounded rect with two saddles, west edge of loading arm structure).; Defaults: d_m, head, insulated, nozzles, orient, saddle_h_m.",plan_offset,low
10-b-12,10-B-12,Operator house Jetty II,building,Jetty,Area_Jetty,2422.97,263.36,246720.38,3179034.62,105.56,8.95,114.51,cloud,yes,Plot Plan for Jetty Area · p1,"Roof points around z=-9 in cloud (EL ~111.8). Stair at NE corner.; Defaults: door_h, door_w, doors, hvac, parapet_h, parapet_t, plinth_h, roof_overhang, roof_t, sill_h, storey_h, window_h, windows.",plan_offset,medium
10-ah-0002,10-AH-0002,Jetty II analyzer house,analyzer_house,Jetty,Area_Jetty,2437.27,264.37,246734.28,3179031.1,108.82,1.93,110.75,cloud,yes,Plot Plan for Jetty Area · p1,"Defaults: door_h, door_w, doors, hvac, parapet_h, parapet_t, plinth_h, roof_overhang, roof_t, sill_h, storey_h, window_h, windows.",,medium
10-sc-d-02,10-SC-D-02,Jetty II auto sampling system,package,Jetty,Area_Jetty,2436.0,269.4,246734.64,3179036.28,106.23,5.18,111.41,cloud,yes,Plot Plan for Jetty Area · p1,Defaults: colour.,,medium
10-hef-002,10-HEF-002,Foam system package for 10-TC-02,package,Jetty,Area_Jetty,2420.07,273.55,246720.81,3179045.2,107.25,7.15,114.4,cloud,yes,Plot Plan for Jetty Area · p1,,plan_offset,medium
10-lop-10rcm003,10-LOP-10RCM003,Elevated monitor local control panel,package,Jetty,Area_Jetty,2407.6,332.6,246727.43,3179105.19,108.1,2.0,110.1,indicative,yes,Plot Plan for Jetty Area · p1,"Two leaders end on the trestle west band at N332.6 and N327.8; assigned 003 to the northern one (leaders cross, assignment uncertain).",,medium
10-lop-10rcm004,10-LOP-10RCM004,Elevated monitor local control panel,package,Jetty,Area_Jetty,2408.5,327.8,246726.78,3179100.35,108.1,2.0,110.1,indicative,yes,Plot Plan for Jetty Area · p1,See 10-LOP-10RCM003 for assignment caveat.,,medium
10-a-0005,10-A-0005,Gangway (Jetty II),gangway,Jetty,Area_Jetty,2469.0,244.0,246758.05,3179001.83,108.87,16.03,124.9,cloud,yes,Plot Plan for Jetty Area · p1,"Leader ends at the round tower base west of BD2; boom drawn stowed southward with a stair at its south end.; Defaults: boom_slope_deg, boom_width_m, counterweight, rung_spacing_m, tower_size_m.",plan_offset,low
10-tc-02,10-TC-02,Jetty II area impounding basin,basin,Jetty,Area_Jetty,2438.75,222.38,246722.55,3178990.76,105.1,3.2,108.3,indicative,yes,Plot Plan for Jetty Area · p1,"Square basin structure SW of jetty head with R11000 circle drawn around it; fed by ditch from the platform.; Defaults: floor_t, freeboard, kerb_h, wall_t.",,medium
10-p-0002,10-P-0002,Jetty II head area impounding basin pump,pump,Jetty,Area_Jetty,2437.15,226.35,246722.27,3178995.03,108.3,2.5,110.8,indicative,yes,Plot Plan for Jetty Area · p1,"Vertical (column) basin pump; circle in N corner of basin. Leader assignment among P-0002/HEG-002/TC-02 approximate.; Defaults: driver, kind, plinth.",,low
10-heg-002,10-HEG-002,Foam generator (Jetty II basin),package,Jetty,Area_Jetty,2434.27,220.78,246717.8,3178990.64,108.3,1.5,109.8,indicative,yes,Plot Plan for Jetty Area · p1,,,low
10-mh-12b02,10-MH-12B02,Jetty II quick release hook (on MD7),other,Jetty,Area_Jetty,2419.4,436.8,246771.22,3179200.48,108.3,1.0,109.3,indicative,yes,Plot Plan for Jetty Area · p1,,plan_offset,high
10-mh-12b03,10-MH-12B03,Jetty II quick release hook (on MD6),other,Jetty,Area_Jetty,2423.2,393.4,246761.26,3179158.06,108.3,1.0,109.3,indicative,yes,Plot Plan for Jetty Area · p1,,missing_in_cloud,high
10-mh-12b04,10-MH-12B04,Jetty II quick release hook (on MD5),other,Jetty,Area_Jetty,2426.9,367.2,246756.58,3179132.02,108.3,1.0,109.3,indicative,yes,Plot Plan for Jetty Area · p1,,missing_in_cloud,high
10-mh-12b05,10-MH-12B05,Jetty II quick release hook (on BD4),other,Jetty,Area_Jetty,2465.0,326.6,246780.07,3179081.54,108.3,1.0,109.3,indicative,yes,Plot Plan for Jetty Area · p1,,plan_offset,high
10-mh-12b06,10-MH-12B06,Jetty II quick release hook (on BD3),other,Jetty,Area_Jetty,2468.6,300.0,246775.18,3179055.15,108.3,1.0,109.3,indicative,yes,Plot Plan for Jetty Area · p1,,missing_in_cloud,high
10-mh-12b07,10-MH-12B07,Jetty II quick release hook (on BD2),other,Jetty,Area_Jetty,2471.6,252.6,246763.2,3179009.19,116.57,7.8,124.37,cloud,yes,Plot Plan for Jetty Area · p1,,,high
10-mh-12b08,10-MH-12B08,Jetty II quick release hook (on BD1),other,Jetty,Area_Jetty,2476.2,218.8,246757.01,3178975.65,108.3,1.0,109.3,indicative,yes,Plot Plan for Jetty Area · p1,,plan_offset,high
10-mh-12b09,10-MH-12B09,Jetty II quick release hook (on MD4),other,Jetty,Area_Jetty,2447.2,175.0,246715.76,3178943.11,108.3,1.0,109.3,indicative,yes,Plot Plan for Jetty Area · p1,,,high
10-mh-12b10,10-MH-12B10,Jetty II quick release hook (on MD3),other,Jetty,Area_Jetty,2451.0,134.6,246706.74,3178903.55,108.3,1.0,109.3,indicative,yes,Plot Plan for Jetty Area · p1,,plan_offset,high
10-mh-12b11,10-MH-12B11,Jetty II quick release hook (on MD2),other,Jetty,Area_Jetty,2454.5,102.3,246699.97,3178871.77,108.3,1.0,109.3,indicative,yes,Plot Plan for Jetty Area · p1,,,high
10-mh-12b12,10-MH-12B12,Jetty II quick release hook (on MD1),other,Jetty,Area_Jetty,2459.9,47.0,246687.8,3178817.56,108.3,1.0,109.3,indicative,yes,Plot Plan for Jetty Area · p1,,,high
10-ld-12b01,10-LD-12B01,Jetty II large LED display (at MD6),other,Jetty,Area_Jetty,2423.6,391.6,246761.07,3179156.23,108.3,5.0,113.3,indicative,yes,Plot Plan for Jetty Area · p1,Equipment list 10-LD-12B01/02. Leader ends at MD6; exact board position approximate.,plan_offset,medium
10-ld-12b02,10-LD-12B02,Jetty II large LED display (at MD3),other,Jetty,Area_Jetty,2451.5,132.8,246706.65,3178901.68,108.3,5.0,113.3,indicative,yes,Plot Plan for Jetty Area · p1,Leader ends at MD3.,,medium
10-se-12b01-02,10-SE-12B01/02,Jetty II EMS davit (at MD1),crane,Jetty,Area_Jetty,2456.4,43.9,246683.51,3178815.71,108.3,5.0,113.3,indicative,yes,Plot Plan for Jetty Area · p1,"Label 10-SE-12B01/02 with a single leader to MD1; modelled as one davit.; Defaults: boom_up_deg, reach_m, slew_deg.",,medium
10-na-12v01,10-NA-12V01,Jetty II navigation aid (green),nav_aid,Jetty,Area_Jetty,2463.9,43.4,246690.48,3178812.89,108.3,6.0,114.3,indicative,yes,Plot Plan for Jetty Area · p1,,,high
60-a-0001,60-A-0001,Flare package,flare,Jetty,Area_Jetty,1989.5,343.1,246333.58,3179245.9,108.4,46.0,154.4,indicative,yes,Plot Plan for Jetty Area · p1,"Position as drawn (Jetty plot plan). Height set in review from the unregistered cloud cluster cand-024 (top EL 154.4, centred ~13 m SW of the drawn position); the cloud check had filled 94.3-95.7 from the wrong spot. Base = flare platform deck (indicative).; Defaults: derrick_base_m, platforms, riser_d_m, tip_d_m.",,medium
10-na-60v01,10-NA-60V01,Navigation aid (yellow) at flare platform,nav_aid,Jetty,Area_Jetty,1989.5,327.3,246328.64,3179230.89,106.8,6.0,112.8,indicative,yes,Plot Plan for Jetty Area · p1,Leader to south corner of flare platform.,,high
80-b-01,80-B-01,Fire station,building,Building,Area_Building,823.0,619.0,245311.84,3179872.71,98.36,0.51,98.87,cloud,yes,Plot Plan for Building Area · p1,"Room block of fire station; apparatus apron south of it traced separately.; Defaults: door_h, door_w, hvac, parapet_h, parapet_t, plinth_h, roof_overhang, roof_t, sill_h, storey_h, window_h, windows.",plan_offset,medium
80-b-07,80-B-07,"Warehouse, workshop & laboratory",building,Building,Area_Building,809.25,547.7,245276.48,3179809.28,99.26,15.47,114.73,cloud,yes,Plot Plan for Building Area · p1,"Defaults: door_h, door_w, hvac, parapet_h, parapet_t, plinth_h, roof_overhang, roof_t, sill_h, storey_h, window_h, windows.",plan_offset,high
80-xc-0001,80-XC-0001,Overhead crane for workshop,other,Building,Area_Building,796.85,560.0,245268.55,3179824.84,99.64,14.75,114.39,cloud,yes,Plot Plan for Building Area · p1,"Overhead travelling crane inside 80-B-07 west bay (E789-804); tag written in the bay, exact bridge position along the runway not shown. Modelled as bridge girder.",plan_offset,low
80-xc-0002,80-XC-0002,Overhead crane for warehouse,other,Building,Area_Building,796.85,530.0,245259.17,3179796.35,100.3,14.73,115.03,cloud,yes,Plot Plan for Building Area · p1,Overhead travelling crane inside 80-B-07 west bay; position along runway indicative.,plan_offset,low
80-b-10,80-B-10,M&O building,building,Building,Area_Building,812.48,488.18,245260.94,3179751.74,101.23,14.16,115.39,cloud,yes,Plot Plan for Building Area · p1,"Defaults: door_h, door_w, doors, hvac, parapet_h, parapet_t, plinth_h, roof_overhang, roof_t, sill_h, storey_h, window_h, windows.",plan_offset,high
80-b-17,80-B-17,"Parking lot for warehouse, workshop & laboratory",parking,Building,Area_Building,780.2,520.85,245240.49,3179792.86,99.8,0.2,100.0,indicative,yes,Plot Plan for Building Area · p1,"Defaults: markings, stall_d, stall_w.",,high
80-b-15,80-B-15,Parking lot for M&O building,parking,Building,Area_Building,814.3,470.15,245257.03,3179734.04,99.8,0.2,100.0,indicative,yes,Plot Plan for Building Area · p1,"Two stall groups E795.8-804.5 and E814.7-832.9.; Defaults: markings, stall_d, stall_w.",,high
80-b-16,80-B-16,Parking lot for control building,parking,Building,Area_Building,845.5,399.85,245264.69,3179657.51,99.8,0.2,100.0,indicative,yes,Plot Plan for Building Area · p1,"Defaults: markings, stall_d, stall_w.",,high
80-b-06,80-B-06,Control building,building,Building,Area_Building,834.5,427.1,245262.76,3179686.84,101.85,12.47,114.32,cloud,yes,Plot Plan for Building Area · p1,"Defaults: door_h, door_w, hvac, parapet_h, parapet_t, plinth_h, roof_overhang, roof_t, sill_h, storey_h, window_h, windows.",plan_offset,high
70-tc-0002,70-TC-0002,Chemical contaminated water pit (hazardous),basin,Building,Area_Building,886.55,407.05,245305.93,3179651.52,97.0,3.3,100.3,indicative,yes,Plot Plan for Building Area · p1,"Leader from tag ends in the square box at the SE corner of 80-B-06 yard.; Defaults: floor_t, freeboard, kerb_h, wall_t.",,medium
80-b-05,80-B-05,Gate house II,building,Building,Area_Building,756.5,377.35,245173.11,3179663.97,102.75,3.72,106.47,cloud,yes,Plot Plan for Building Area · p1,"Defaults: door_h, door_w, doors, hvac, parapet_h, parapet_t, plinth_h, roof_overhang, roof_t, sill_h, storey_h, window_h, windows.",plan_offset,high
80-b-03,80-B-03,Gate house I,building,Building,Area_Building,737.4,567.4,245214.4,3179850.46,98.76,8.21,106.97,cloud,yes,Plot Plan for Building Area · p1,"Rotated building; SE corner matches spot coordinate E755.852 N555.302.; Defaults: door_h, door_w, doors, hvac, parapet_h, parapet_t, plinth_h, roof_overhang, roof_t, sill_h, storey_h, window_h, windows.",plan_offset,medium
80-b-02,80-B-02,Administration building,building,Building,Area_Building,711.8,501.9,245169.6,3179796.25,97.77,9.95,107.72,cloud,yes,Plot Plan for Building Area · p1,"Defaults: door_h, door_w, hvac, parapet_h, parapet_t, plinth_h, roof_overhang, roof_t, sill_h, storey_h, window_h, windows.",plan_offset,high
80-b-08,80-B-08,Parking lot for administration building,parking,Building,Area_Building,713.85,522.6,245178.02,3179815.27,99.8,0.2,100.0,indicative,yes,Plot Plan for Building Area · p1,"Defaults: markings, stall_d, stall_w.",,high
80-b-18,80-B-18,Parking lot for SOCC building,parking,Building,Area_Building,748.65,534.25,245214.72,3179815.46,99.8,0.2,100.0,indicative,yes,Plot Plan for Building Area · p1,"Defaults: markings, stall_d, stall_w.",,high
80-b-09,80-B-09,Parking lot for staff-1,parking,Building,Area_Building,656.0,514.1,245120.41,3179825.29,99.8,0.2,100.0,indicative,yes,Plot Plan for Building Area · p1,"Defaults: markings, stall_d, stall_w.",,medium
80-b-19,80-B-19,Parking lot for staff-2,parking,Building,Area_Building,548.6,466.4,245003.48,3179813.56,97.3,0.2,97.5,indicative,yes,Plot Plan for Building Area · p1,"Rotated lot; corners at spot coords E554.564 N495.322 and E538.947 N442.821; on FG EL 97.500 pad.; Defaults: markings, stall_d, stall_w.",,medium
70-mis-01,70-MIS-01,Electrical substation incoming 132 kV GIS,substation,Building,Area_Building,710.6,432.75,245146.84,3179730.94,101.2,12.31,113.51,cloud,yes,Plot Plan for Building Area · p1,"Defaults: door_h, door_w, doors, hvac, parapet_h, parapet_t, plinth_h, roof_overhang, roof_t, sill_h, storey_h, window_h, windows.",plan_offset,high
pump-pu-nw-01,,"Fire sea water pump (electric), probably 70-P-0005A",pump,Process-Utility,Area_Process-Utility,899.5,562.0,245366.68,3179794.65,100.0,3.5,103.5,indicative,yes,Plot Plan for Process & Utility,Motor-driven vertical pump east of diesel units B~D with stair and panel; tag not legible at the item (large rotated labels '70-P-0005?' in the forebay have unreadable suffixes). Likely 70-P-0005A.; Defaults: plinth.,missing_in_cloud,low
pump-pu-nw-02,,Small vertical pump (jockey?),pump,Process-Utility,Area_Process-Utility,903.1,561.6,245369.97,3179793.14,100.0,2.5,102.5,indicative,yes,Plot Plan for Process & Utility,No tag legible.; Defaults: plinth.,plan_offset,low
pump-pu-nw-03,,Small vertical pump (jockey?),pump,Process-Utility,Area_Process-Utility,905.9,561.6,245372.63,3179792.27,100.0,2.5,102.5,indicative,yes,Plot Plan for Process & Utility,No tag legible.; Defaults: plinth.,,low
laydown-pu-nw-01,,Laydown area (pump shelter west end),laydown,Process-Utility,Area_Process-Utility,873.4,564.15,245342.56,3179804.85,100.0,0.2,100.2,indicative,yes,Plot Plan for Process & Utility,"Hatched strip E865-881.8, N562.1-566.2 reached by the 'LAYDOWN AREA' leader from the label west of the ML line.",,medium
laydown-pu-ne-001,,Laydown area,laydown,Process-Utility,Area_Process-Utility,1111.7,560.5,245567.77,3179726.87,100.0,0.2,100.2,indicative,yes,Plot Plan for Process & Utility,,,medium
laydown-process-utility-01,,"Laydown area (between HP pump rows, west)",laydown,Process-Utility,Area_Process-Utility,1129.95,418.65,245540.75,3179586.43,100.0,0.2,100.2,indicative,yes,Plot Plan for Process & Utility,,,medium
laydown-process-utility-02,,"Laydown area (between HP pump rows, east)",laydown,Process-Utility,Area_Process-Utility,1168.65,418.65,245577.51,3179574.33,100.0,0.2,100.2,indicative,yes,Plot Plan for Process & Utility,,,medium
laydown-process-utility-03,,Laydown area (south of process main PR),laydown,Process-Utility,Area_Process-Utility,1176.0,436.5,245590.07,3179588.98,100.0,0.2,100.2,indicative,yes,Plot Plan for Process & Utility,"Extent bounded by pump structure (W), rack (N) and kerb (S/E); approximate.",,low
laydown-pu-ne,,Laydown area NE,laydown,Process-Utility,Area_Process-Utility,1176.0,383.0,245573.34,3179538.17,100.0,0.2,100.2,indicative,yes,Plot Plan for Process & Utility,"'LAYDOWN AREA' label; extent not bounded on the plan, approximated E1155-1197, N378-388.",,low
laydown-building-01,,Graded pad FG EL 97.500 (central),laydown,Building,Area_Building,459.44,388.45,244894.42,3179767.4,97.1,0.4,97.5,drawing,yes,Plot Plan for Building Area · p1,"FG EL 97.500 stated; outline inside road edges, corners rounded.",,medium
laydown-building-02,,Graded pad FG EL 97.500 (west),laydown,Building,Area_Building,311.61,325.3,244734.26,3179753.64,97.1,0.4,97.5,drawing,yes,Plot Plan for Building Area · p1,,,medium
laydown-building-03,,Graded pad FG EL 97.500 (NOTE 1 / 80-B-19 area),laydown,Building,Area_Building,589.92,454.34,245038.96,3179789.18,97.1,0.4,97.5,drawing,yes,Plot Plan for Building Area · p1,North edge approximate; carries NOTE 1 building and 80-B-19 parking.,,low
skid-pu-nw-01,,Twin-unit skid west of screen deck,package,Process-Utility,Area_Process-Utility,882.5,623.2,245369.67,3179858.09,100.0,2.0,102.0,indicative,yes,Plot Plan for Process & Utility,No tag legible; mirror of the skid at E977 N607.; Defaults: colour.,missing_in_cloud,low
skid-pu-nw-02,,Twin-unit skid east of screen deck,package,Process-Utility,Area_Process-Utility,977.15,607.05,245454.52,3179813.16,92.52,7.03,99.55,cloud,yes,Plot Plan for Process & Utility,"No tag at the item; a large '50-A-000?' label (pig launcher series 50-A-0005/0007) starts just east of it at E983, so it may belong to that series.; Defaults: colour.",plan_offset,low
pump-pu-nw-04,,Twin pump unit at screen deck west side,package,Process-Utility,Area_Process-Utility,882.65,607.15,245364.79,3179842.8,100.0,2.0,102.0,indicative,yes,Plot Plan for Process & Utility,Two square units with piping to the screen deck; no tag legible.; Defaults: colour.,missing_in_cloud,low
skid-pu-nw-03,,Skid west of drum screen A,package,Process-Utility,Area_Process-Utility,882.85,594.15,245360.92,3179830.39,100.0,2.0,102.0,indicative,yes,Plot Plan for Process & Utility,No tag legible.; Defaults: colour.,missing_in_cloud,low
skid-pu-nw-04,,Skid on paved pad SW of intake,package,Process-Utility,Area_Process-Utility,880.55,586.1,245356.22,3179823.46,100.0,2.0,102.0,indicative,yes,Plot Plan for Process & Utility,"Rack of 6 units on paved pad E873-885.6, N575.7-588.8; no tag legible.; Defaults: colour.",missing_in_cloud,low
skid-pu-nw-05,,Skid on paved pad SW of intake (south),package,Process-Utility,Area_Process-Utility,880.6,578.1,245353.76,3179815.85,100.0,2.0,102.0,indicative,yes,Plot Plan for Process & Utility,No tag legible.; Defaults: colour.,missing_in_cloud,low
skid-pu-nw-06,,Skid NE of pump shelter (north),package,Process-Utility,Area_Process-Utility,979.1,575.85,245446.62,3179782.91,99.93,1.61,101.54,cloud,yes,Plot Plan for Process & Utility,No tag legible.; Defaults: colour.,missing_in_cloud,low
skid-pu-nw-07,,Skid NE of pump shelter (rack of units),package,Process-Utility,Area_Process-Utility,978.35,570.55,245444.25,3179778.11,100.0,2.0,102.0,indicative,yes,Plot Plan for Process & Utility,No tag legible.; Defaults: colour.,missing_in_cloud,low
package-pu-w-01,,Small enclosure NW of fire pump shelter,package,Process-Utility,Area_Process-Utility,870.8,527.8,245328.72,3179771.14,100.0,2.5,102.5,indicative,yes,Plot Plan for Process & Utility,,missing_in_cloud,low
package-pu-w-02,,Small skid with stair west of 70-T-0002,package,Process-Utility,Area_Process-Utility,871.8,505.8,245322.8,3179749.93,100.0,2.5,102.5,indicative,yes,Plot Plan for Process & Utility,70-P-0007B leader terminates at this skid's SW corner; may be related to diesel fire pump.; Defaults: colour.,missing_in_cloud,low
package-pu-w-03,,Finned unit row (north),package,Process-Utility,Area_Process-Utility,936.75,528.45,245391.57,3179751.13,100.9,4.13,105.03,cloud,yes,Plot Plan for Process & Utility,Two rows of ~12 finned units on a pad; untagged.; Defaults: colour.,plan_offset,low
package-pu-w-04,,Finned unit row (south),package,Process-Utility,Area_Process-Utility,936.75,522.25,245389.63,3179745.24,100.91,1.22,102.13,cloud,yes,Plot Plan for Process & Utility,Defaults: colour.,plan_offset,low
package-pu-w-05,,Unit with three circular nozzles (north),package,Process-Utility,Area_Process-Utility,932.0,476.9,245370.94,3179703.65,101.56,3.39,104.95,cloud,yes,Plot Plan for Process & Utility,Untagged; stair at west end; possibly part of 70-A-0004B.; Defaults: colour.,,low
package-pu-w-06,,Unit with three circular nozzles (south),package,Process-Utility,Area_Process-Utility,932.0,465.75,245367.45,3179693.06,100.0,4.0,104.0,indicative,yes,Plot Plan for Process & Utility,Untagged; possibly part of 70-A-0004A.; Defaults: colour.,missing_in_cloud,low
package-pu-ne-001,,Metering station package (probably 50-A-0001),package,Process-Utility,Area_Process-Utility,1119.2,612.7,245591.22,3179774.11,99.39,17.66,117.05,cloud,yes,Plot Plan for Process & Utility,South equipment block in 50-MS-01; no legible tag on plan; equipment list says 50-A-0001 = metering station package.; Defaults: colour.,plan_offset,medium
package-pu-ne-002,,Small cabinet north of trim heaters (possibly AQMS 50-AC-003),package,Process-Utility,Area_Process-Utility,1159.5,599.8,245625.46,3179749.25,100.4,21.07,121.47,cloud,yes,Plot Plan for Process & Utility,No legible tag; equipment list 50-AC-003 = AQMS cabinet for NG trim heater - this box is the nearest candidate.; Defaults: colour.,,low
other-pu-01,,Small cabinet south of 50-B-14,package,Process-Utility,Area_Process-Utility,975.8,331.95,245367.22,3179552.27,108.04,8.52,116.56,cloud,yes,Plot Plan for Process & Utility,Defaults: colour.,,low
package-pu-01,,Small unit on 70-A-0012 pad extension (fuel/panel),package,Process-Utility,Area_Process-Utility,829.85,327.35,245227.15,3179593.54,103.95,4.28,108.23,cloud,yes,Plot Plan for Process & Utility,"Defaults: colour, style.",plan_offset,low
package-pu-02,,Skid on utilities pad,package,Process-Utility,Area_Process-Utility,902.75,268.4,245277.96,3179514.75,100.0,2.2,102.2,indicative,yes,Plot Plan for Process & Utility,Defaults: colour.,missing_in_cloud,low
package-pu-03,,Skid on utilities pad,package,Process-Utility,Area_Process-Utility,907.4,266.15,245281.68,3179511.16,105.06,0.74,105.8,cloud,yes,Plot Plan for Process & Utility,Defaults: colour.,plan_offset,low
package-pu-04,,Skid on utilities pad,package,Process-Utility,Area_Process-Utility,912.05,266.4,245286.17,3179509.95,100.0,2.2,102.2,indicative,yes,Plot Plan for Process & Utility,Defaults: colour.,plan_offset,low
package-pu-001,,Small skid east of outfall pit,package,Process-Utility,Area_Process-Utility,1044.05,282.05,245416.45,3179483.54,102.19,3.91,106.1,cloud,yes,Plot Plan for Process & Utility,"Untagged unit next to 50-TC-10 (possibly sampling/dosing).; Defaults: colour, style.",,low
package-tank-pc03,,"Pump container, T-0003",package,Tank,Area_Tank,1598.65,495.65,246010.03,3179513.01,141.28,26.75,168.03,cloud,yes,Plot Plan for Tank Area · p1,"Labelled PUMP CONTAINER, at the north end of overbridge C pad.; Defaults: colour.",,medium
package-tank-pc04,,"Pump container, T-0004",package,Tank,Area_Tank,1743.6,496.25,246147.89,3179468.26,127.11,40.49,167.6,cloud,yes,Plot Plan for Tank Area · p1,Labelled PUMP CONTAINER.; Defaults: colour.,,medium
package-tank-pc07,,"Pump container, T-0007",package,Tank,Area_Tank,1586.15,422.4,245975.25,3179447.34,102.81,11.39,114.2,cloud,yes,Plot Plan for Tank Area · p1,Defaults: colour.,plan_offset,medium
package-tank-pc08,,"Pump container, T-0008",package,Tank,Area_Tank,1732.3,422.3,246114.04,3179401.55,102.41,12.15,114.56,cloud,yes,Plot Plan for Tank Area · p1,Labelled PUMP CONTAINER.; Defaults: colour.,plan_offset,medium
package-tank-lp01,,"Local panel for electric heater (KO drum B, N)",package,Tank,Area_Tank,1870.85,459.5,246257.27,3179393.56,101.36,1.97,103.33,cloud,yes,Plot Plan for Tank Area · p1,Defaults: colour.,,high
package-tank-lp02,,"Local panel for electric heater (KO drum B, S)",package,Tank,Area_Tank,1870.85,455.85,246256.13,3179390.09,100.3,2.0,102.3,indicative,yes,Plot Plan for Tank Area · p1,Defaults: colour.,missing_in_cloud,high
package-tank-lp03,,"Local panel for electric heater (KO drum A, N)",package,Tank,Area_Tank,1915.0,459.4,246299.18,3179379.66,102.04,5.41,107.45,cloud,yes,Plot Plan for Tank Area · p1,Defaults: colour.,,high
package-tank-lp04,,"Local panel for electric heater (KO drum A, S)",package,Tank,Area_Tank,1915.0,455.85,246298.07,3179376.29,101.73,10.56,112.29,cloud,yes,Plot Plan for Tank Area · p1,Defaults: colour.,,high
package-tank-fip01,,Flare ignition panel,package,Tank,Area_Tank,1907.45,451.35,246289.49,3179374.38,102.69,13.6,116.29,cloud,yes,Plot Plan for Tank Area · p1,Defaults: colour.,,high
package-building-01,,Small unit in 70-MIS-01 yard,package,Building,Area_Building,682.2,451.3,245125.66,3179757.44,100.46,3.13,103.59,cloud,yes,Plot Plan for Building Area · p1,Untagged box NW of GIS building; function not legible.; Defaults: colour.,plan_offset,low
basin-pu-nw-01,,Small pit NE of pump shelter,basin,Process-Utility,Area_Process-Utility,971.15,574.25,245438.57,3179783.88,98.0,2.3,100.3,indicative,yes,Plot Plan for Process & Utility,"Double-outlined rectangle E969.2-973.1, N570.7-577.8; purpose not stated.; Defaults: floor_t, freeboard, kerb_h, wall_t.",,low
basin-pu-01,,Rectangular pit/basin east of utilities pad,basin,Process-Utility,Area_Process-Utility,939.3,272.7,245314.02,3179507.41,97.0,3.3,100.3,indicative,yes,Plot Plan for Process & Utility,"Double outline with corner hatch boxes (covers/manholes); function not labelled - could be a pond, pit or slab.; Defaults: floor_t, freeboard, kerb_h, wall_t.",,low
pipe-rack-pu-w-utility-sub-pr,,Utility sub pipe rack (UTILITY SUB PR),pipe_rack,Process-Utility,Area_Process-Utility,889.75,505.0,245339.6,3179743.55,100.89,9.67,110.56,cloud,yes,Plot Plan for Process & Utility,"Bents at N512.9, 509.0, 503.0, 497.0.; Defaults: beam_depth_m, bracing, column_section_m, columns_across, lines, pipe_fill, tier_gap_m.",plan_offset,medium
pipe-rack-pu-w-utility-pr-ns,,Utility pipe rack (N-S),pipe_rack,Process-Utility,Area_Process-Utility,944.4,459.15,245377.17,3179682.91,101.61,5.78,107.39,cloud,yes,Plot Plan for Process & Utility,"Labelled UTILITY PR(N-S); columns at E941.7/947.1.; Defaults: beam_depth_m, bracing, column_section_m, columns_across, lines, n_tiers, pipe_fill, tier_gap_m.",plan_offset,high
pipe-rack-pu-w-utility-pr-ew,,Utility pipe rack (E-W),pipe_rack,Process-Utility,Area_Process-Utility,970.95,460.55,245402.82,3179675.94,102.15,14.62,116.77,cloud,yes,Plot Plan for Process & Utility,"Continues east beyond package edge (E992). Label 70-V-1001 written inside it.; Defaults: beam_depth_m, bracing, column_section_m, columns_across, lines, n_tiers, pipe_fill, tier_gap_m.",plan_offset,medium
pipe_rack-pu-ne-001,,Pipe support frame north of metering shelter,pipe_rack,Process-Utility,Area_Process-Utility,1170.0,629.4,245644.69,3179774.09,99.25,0.35,99.6,cloud,yes,Plot Plan for Process & Utility,"5 post pairs at 6 m under the 50-A-0006 label.; Defaults: beam_depth_m, bracing, column_section_m, columns_across, lines, pipe_fill, tier_gap_m.",missing_in_cloud,medium
pipe_rack-pu-ne-002,,Process main pipe rack (N-S),pipe_rack,Process-Utility,Area_Process-Utility,1076.4,588.2,245542.9,3179764.22,100.0,16.2,116.2,drawing,yes,Plot Plan for Process & Utility,"'PROCESS MAIN PR'; bents ~8 m; continues south beyond package. Tier TOS from Section C-C (9 m rack, utility 106.0/process 108.5/flare 112.5/top 116.2) assumed to apply.; Defaults: beam_depth_m, bracing, column_section_m, lines, n_tiers, pipe_fill, tier_gap_m.",plan_offset;height_mismatch,medium
pipe-rack-process-utility-01,,Pipe rack branch east of 40-PR-001,pipe_rack,Process-Utility,Area_Process-Utility,1170.5,494.0,245602.83,3179645.32,101.85,19.32,121.17,cloud,yes,Plot Plan for Process & Utility,"Red fire-water/DCP piping band in ortho.; Defaults: beam_depth_m, bracing, column_section_m, columns_across, lines, pipe_fill, tier_gap_m.",plan_offset,medium
pipe-rack-process-utility-main,,Process main pipe rack (E-W),pipe_rack,Process-Utility,Area_Process-Utility,1140.85,458.1,245563.44,3179620.49,100.0,16.2,116.2,drawing,yes,Plot Plan for Process & Utility,"Labelled PROCESS MAIN PR(E-W). Columns at N 454.6 / 461.6. Tier TOS from Section C-C (106.0/108.5/112.5/116.2) assumed to apply.; Defaults: beam_depth_m, bracing, column_section_m, lines, n_tiers, pipe_fill, tier_gap_m.",plan_offset;height_mismatch,medium
pipe-rack-process-utility-ns,,Main N-S pipe rack (process/utility/flare),pipe_rack,Process-Utility,Area_Process-Utility,1076.45,467.3,245505.15,3179649.37,100.0,16.2,116.2,drawing,yes,Plot Plan for Process & Utility,"Columns E 1072.0 / 1080.9 (9 m, matches Section C-C 9000 bay + 3000 stair bay; extra column line at E 1067). Continues north and south beyond the package.; Defaults: beam_depth_m, bracing, column_section_m, lines, n_tiers, pipe_fill, tier_gap_m.",plan_offset;height_mismatch,medium
pipe-rack-process-utility-utility,,Utility pipe rack (E-W),pipe_rack,Process-Utility,Area_Process-Utility,1036.0,460.75,245464.68,3179655.79,102.18,11.05,113.23,cloud,yes,Plot Plan for Process & Utility,"Labelled UTILITY PR(E-W); appears as truss pipe bridge in ortho; continues west of package.; Defaults: beam_depth_m, bracing, column_section_m, columns_across, lines, pipe_fill, tier_gap_m.",plan_offset,medium
pipe-rack-pu-ns-process,,Process pipe rack N-S (west of SCVs),pipe_rack,Process-Utility,Area_Process-Utility,1076.5,354.55,245469.94,3179542.25,100.0,16.2,116.2,drawing,yes,Plot Plan for Process & Utility,"Columns E1072.0/E1081.0 at ~8 m bents, continues north beyond the package. Tiers from Section C-C (TOS 106.0/108.5/112.5/116.2, utility/process/flare), cut 'C'-'C' marked at its south end.; Defaults: beam_depth_m, bracing, column_section_m, columns_across, lines, n_tiers, pipe_fill, tier_gap_m.",plan_offset;height_mismatch,medium
pipe-rack-pu-s-001,,Pipe support N-S south of process rack,pipe_rack,Process-Utility,Area_Process-Utility,1079.4,299.0,245455.32,3179488.58,105.03,16.34,121.37,cloud,yes,Plot Plan for Process & Utility,"Defaults: beam_depth_m, bent_spacing_m, bracing, column_section_m, columns_across, lines, pipe_fill, tier_gap_m.",plan_offset,low
pipe-rack-pu-s-002,,Pipe support E-W south of SCV A,pipe_rack,Process-Utility,Area_Process-Utility,1092.95,291.6,245465.88,3179477.32,105.16,17.24,122.4,cloud,yes,Plot Plan for Process & Utility,"Defaults: beam_depth_m, bent_spacing_m, bracing, column_section_m, columns_across, lines, pipe_fill, tier_gap_m.",plan_offset,low
pipe-rack-pu-ne-001,,Pipe support E-W east of 30-PR-001,pipe_rack,Process-Utility,Area_Process-Utility,1167.5,391.1,245567.8,3179548.52,103.58,1.8,105.38,cloud,yes,Plot Plan for Process & Utility,"Defaults: beam_depth_m, bent_spacing_m, bracing, column_section_m, columns_across, lines, pipe_fill, tier_gap_m.",missing_in_cloud,medium
pipe-rack-pu-ne-002,,Pipe support N-S to impound basin,pipe_rack,Process-Utility,Area_Process-Utility,1180.7,380.55,245577.04,3179534.37,103.61,5.18,108.79,cloud,yes,Plot Plan for Process & Utility,"Defaults: beam_depth_m, bent_spacing_m, bracing, column_section_m, columns_across, lines, pipe_fill, tier_gap_m.",plan_offset,medium
pipe_rack-tank-flare,,Tank area flare rack,pipe_rack,Tank,Area_Tank,1393.3,467.2,245806.08,3179550.2,102.14,17.0,119.14,cloud,yes,Plot Plan for Tank Area · p1,"Labelled TANK AREA FLARE RACK; row of square supports along N~467; continues east beyond package edge.; Defaults: beam_depth_m, bracing, column_section_m, lines, pipe_fill, tier_gap_m.",,medium
pipe_rack-tank-001,,Tank area pipe rack (central corridor),pipe_rack,Tank,Area_Tank,1398.75,457.5,245808.22,3179539.28,102.31,16.03,118.34,cloud,yes,Plot Plan for Tank Area · p1,"Cross members ~12 m apart spanning N~451-464 in the 56 m corridor; may be pipe sleepers rather than an elevated rack. Continues east beyond package edge.; Defaults: beam_depth_m, bracing, column_section_m, columns_across, lines, pipe_fill, tier_gap_m.",plan_offset,low
pipe_rack-tank-kodrum,,Flare KO drum pipe rack,pipe_rack,Tank,Area_Tank,1892.8,453.25,246276.17,3179380.76,102.82,11.2,114.02,cloud,yes,Plot Plan for Tank Area · p1,"Leader 'FLARE KO DRUM PIPE RACK' points to the N-S structure between the two drums, running south off the pad to the flare pipe rack.; Defaults: beam_depth_m, bracing, column_section_m, lines, pipe_fill, tier_gap_m.",plan_offset,medium
pipe_rack-tank-tank,,Tank pipe rack (to jetty trestle),pipe_rack,Tank,Area_Tank,1899.0,469.0,246286.98,3179393.78,101.03,12.61,113.64,cloud,yes,Plot Plan for Tank Area · p1,"Columns on N464/N474 at 8 m bents E1885-1917, plus an offset first bay N474-485 at E1875-1885 (simplified). West of the box culvert (E1831-1844) the pipes run at grade on sleepers from overbridge I.; Defaults: beam_depth_m, bracing, column_section_m, lines, pipe_fill, tier_gap_m.",plan_offset,medium
pipe-rack-jetty-flare-01,,"Flare pipe rack (shore to offshore flare platform, with expansion loops)",pipe_rack,Jetty,Area_Jetty,1940.9,384.77,246300.44,3179300.68,94.93,16.57,111.5,cloud,yes,Plot Plan for Jetty Area · p1,"Label FLARE PIPE RACK. Piled truss rack over water; top-of-steel from cloud (z~-9.3). Starts at shore end west of battery limit E1923.; Defaults: beam_depth_m, bracing, column_section_m, columns_across, lines, n_tiers, pipe_fill, tier_gap_m.",plan_offset,high
pipe-rack-building-01,,Sulphur pier pipe track / pipe rack,pipe_rack,Building,Area_Building,437.3,498.02,244907.65,3179878.4,100.0,6.0,106.0,indicative,yes,Plot Plan for Building Area · p1,"Long diagonal track from west BL (E27) to NE corner (E855/N703). Slight bend near E640 (slope 0.53 west, 0.43 east). Width ~4-5 m read; structure may be a trussed gallery. Continues beyond both battery limits.; Defaults: beam_depth_m, bracing, column_section_m, columns_across, lines, n_tiers, pipe_fill, tier_gap_m.",,medium
pipe-sleeper-pu-nw-01,,Sea water intake lines to 50-A-0002 inlet chamber,pipe_sleeper,Process-Utility,Area_Process-Utility,955.22,654.34,245448.48,3179864.94,100.0,0.6,100.6,indicative,yes,Plot Plan for Process & Utility,"4 large double-line pipes from the NE (sea side) crossing the north road and the rack corridor diagonally into the 4 inlet valves at E914.3/921.8/929.2/936.7, N~630. May be buried; support type not shown.; Defaults: lines, pipe_fill, sleeper_spacing_m, sleeper_width_m.",,low
pipe_sleeper-tank-01,,Tank area pipe sleeper,pipe_sleeper,Tank,Area_Tank,1693.75,459.0,246088.9,3179448.46,100.0,0.6,100.6,indicative,yes,Plot Plan for Tank Area · p1,"Band N450-469 between the tank rows (sleeper lines + support row at N~467); continues west of the package.; Defaults: lines, pipe_fill, sleeper_spacing_m, sleeper_width_m.",,medium
pipe_sleeper-tank-02,,Tank pipe rack sleepers (overbridge I to box culvert),pipe_sleeper,Tank,Area_Tank,1813.25,480.5,246209.13,3179431.52,100.0,0.6,100.6,indicative,yes,Plot Plan for Tank Area · p1,"Two rows of sleeper supports at N~474 and N~487; interpretation uncertain.; Defaults: lines, pipe_fill, sleeper_spacing_m, sleeper_width_m.",,low
fence-pu-nw-01,,Fence north corridor (north line),fence,Process-Utility,Area_Process-Utility,923.75,663.7,245421.51,3179883.67,100.0,2.5,102.5,indicative,yes,Plot Plan for Process & Utility,"Line with X symbols; continues east.; Defaults: post, post_spacing.",,medium
fence-pu-nw-02,,Fence north corridor (south line),fence,Process-Utility,Area_Process-Utility,923.75,657.8,245419.67,3179878.06,100.0,2.5,102.5,indicative,yes,Plot Plan for Process & Utility,"Line with X symbols; continues east.; Defaults: post, post_spacing.",,medium
fence-pu-ne-001,,Fence north (N 663.8),fence,Process-Utility,Area_Process-Utility,1098.5,663.8,245587.53,3179829.12,100.0,2.5,102.5,indicative,yes,Plot Plan for Process & Utility,"Defaults: post, post_spacing.",,high
fence-pu-ne-002,,Fence south (N 657.9),fence,Process-Utility,Area_Process-Utility,1098.5,657.9,245585.69,3179823.51,100.0,2.5,102.5,indicative,yes,Plot Plan for Process & Utility,"Defaults: post, post_spacing.",,high
fence-pu-ne-003,,Low security fence around pig launcher area,fence,Process-Utility,Area_Process-Utility,1023.6,620.6,245502.88,3179811.51,100.0,2.0,102.0,indicative,yes,Plot Plan for Process & Utility,"Labelled LOW SECURITY FENCE; gates at NE and SE corners.; Defaults: post, post_spacing.",,medium
fence-pu-01,,"Security fence (outer, south)",fence,Process-Utility,Area_Process-Utility,875.63,279.55,245255.69,3179533.83,100.0,2.5,102.5,indicative,yes,Plot Plan for Process & Utility,"X-marked fence line; continues east beyond package edge.; Defaults: post, post_spacing.",,medium
fence-pu-02,,"Security fence (inner, south)",fence,Process-Utility,Area_Process-Utility,875.75,286.1,245257.85,3179540.01,100.0,2.5,102.5,indicative,yes,Plot Plan for Process & Utility,"Parallel fence about 6 m inside fence-pu-01; continues east beyond package edge.; Defaults: post, post_spacing.",,medium
fence-pu-south-1,,South boundary fence (inner),fence,Process-Utility,Area_Process-Utility,1103.5,261.3,245466.43,3179445.24,100.0,2.5,102.5,indicative,yes,Plot Plan for Process & Utility,"Defaults: post, post_spacing.",,high
fence-pu-south-2,,South boundary fence (outer),fence,Process-Utility,Area_Process-Utility,1103.5,255.4,245464.58,3179439.63,100.0,2.5,102.5,indicative,yes,Plot Plan for Process & Utility,"Defaults: post, post_spacing.",,high
fence-building-01,,70-MIS-01 substation yard fence,fence,Building,Area_Building,709.3,431.45,245145.2,3179730.12,100.0,2.5,102.5,indicative,yes,Plot Plan for Building Area · p1,"Dimensioned 78300 x 62835.; Defaults: post, post_spacing.",,high
building-pu-w-01,,Small building east of 70-V-0003,building,Process-Utility,Area_Process-Utility,896.1,517.5,245349.54,3179753.44,100.0,4.0,104.0,indicative,yes,Plot Plan for Process & Utility,"Empty rectangle, purpose unknown.; Defaults: door_h, door_w, doors, hvac, parapet_h, parapet_t, plinth_h, roof_overhang, roof_t, sill_h, storey_h, window_h, windows.",missing_in_cloud,low
building-pu-01,,Building east of 70-SS-01 (north hall),building,Process-Utility,Area_Process-Utility,956.45,367.15,245359.85,3179591.76,103.41,10.82,114.23,cloud,yes,Plot Plan for Process & Utility,"Untagged; north part of the outline E941.8-971.1 N356.7-377.6; possibly part of 70-SS-01.; Defaults: door_h, door_w, doors, hvac, parapet_h, parapet_t, plinth_h, roof_overhang, roof_t, sill_h, storey_h, window_h, windows.",plan_offset,medium
building-pu-02,,Small kiosk north of utilities pad,building,Process-Utility,Area_Process-Utility,903.95,296.1,245287.76,3179540.69,100.0,3.0,103.0,indicative,yes,Plot Plan for Process & Utility,"Defaults: door_h, door_w, doors, hvac, parapet_h, parapet_t, plinth_h, roof_overhang, roof_t, sill_h, storey_h, window_h, windows.",missing_in_cloud,low
building-building-01,,Construction office / permanent office (NOTE 1),building,Building,Area_Building,620.48,457.7,245069.04,3179782.82,97.79,9.83,107.62,cloud,yes,Plot Plan for Building Area · p1,"Note 1: building used as construction office, later permanent office. C-shaped outline on FG EL 97.500.; Defaults: door_h, door_w, doors, hvac, parapet_h, parapet_t, plinth_h, roof_overhang, roof_t, sill_h, storey_h, window_h, windows.",plan_offset,medium
paved-pu-ne-001,,Pig launcher pad north (50-A-0007-L-01A / 50-A-0005-L-01C),paved,Process-Utility,Area_Process-Utility,1039.8,627.4,245520.39,3179812.9,100.0,0.3,100.3,indicative,yes,Plot Plan for Process & Utility,,,medium
paved-pu-ne-002,,Pig launcher pad south (50-A-0005-L-01A),paved,Process-Utility,Area_Process-Utility,1039.8,610.0,245514.95,3179796.37,100.0,0.3,100.3,indicative,yes,Plot Plan for Process & Utility,,,medium
paved-pu-ne-003,,Pad between ORVs and process rack,paved,Process-Utility,Area_Process-Utility,1063.8,572.5,245526.02,3179753.25,100.0,0.3,100.3,indicative,yes,Plot Plan for Process & Utility,,,medium
paved-pu-ne-004,,NG trim heater pad,paved,Process-Utility,Area_Process-Utility,1138.5,564.2,245594.38,3179722.01,100.0,0.3,100.3,indicative,yes,Plot Plan for Process & Utility,,,medium
paved-process-utility-01,,Pad for 40-V-0001/0002/0003,paved,Process-Utility,Area_Process-Utility,1113.1,482.4,245544.68,3179652.25,100.0,0.2,100.2,indicative,yes,Plot Plan for Process & Utility,,,medium
paved-process-utility-02,,Fuel gas heater pad,paved,Process-Utility,Area_Process-Utility,1143.35,478.85,245572.3,3179639.42,100.0,0.2,100.2,indicative,yes,Plot Plan for Process & Utility,,,medium
paved-process-utility-03,,Desuperheater pad,paved,Process-Utility,Area_Process-Utility,1063.75,488.8,245499.8,3179673.76,100.0,0.2,100.2,indicative,yes,Plot Plan for Process & Utility,,,medium
paved-pu-01,,Walled yard east of 70-SS-01 (south part of outline),paved,Process-Utility,Area_Process-Utility,956.45,339.75,245351.28,3179565.73,100.0,0.2,100.2,indicative,yes,Plot Plan for Process & Utility,Drawn as an empty enclosure; ortho suggests an open yard with transformer-like equipment (not drawn on this sheet).,,low
paved-pu-orv-ab,,Concrete pad east of ORV A/B,paved,Process-Utility,Area_Process-Utility,1064.15,344.8,245455.16,3179536.85,100.0,0.3,100.3,indicative,yes,Plot Plan for Process & Utility,Dotted concrete area with a small 3x2 column frame; purpose not labelled.,,medium
paved-pu-orv-cd,,Concrete pad east of ORV C/D,paved,Process-Utility,Area_Process-Utility,1064.15,386.45,245468.18,3179576.42,100.0,0.3,100.3,indicative,yes,Plot Plan for Process & Utility,,,medium
paved-tank-001,,Concrete pad in corridor,paved,Tank,Area_Tank,1268.6,477.1,245690.72,3179598.59,100.0,0.3,100.3,indicative,yes,Plot Plan for Tank Area · p1,,,medium
paved-tank-002,,Concrete pad beside overbridge E,paved,Tank,Area_Tank,1280.3,439.1,245689.96,3179558.84,100.0,0.3,100.3,indicative,yes,Plot Plan for Tank Area · p1,,,medium
paved-tank-kopad,,Flare KO drum concrete pad,paved,Tank,Area_Tank,1892.9,456.05,246277.14,3179383.39,100.0,0.3,100.3,indicative,yes,Plot Plan for Tank Area · p1,,,high
paved-building-01,,Fire station apparatus apron,paved,Building,Area_Building,823.0,604.0,245307.15,3179858.46,99.8,0.2,100.0,indicative,yes,Plot Plan for Building Area · p1,Area with three fire-truck outlines south of 80-B-01; may be a roofed apparatus bay.,,low
wall-pu-ne-001,,Protection wall (H=2.5),wall,Process-Utility,Area_Process-Utility,1062.98,560.28,245521.42,3179741.9,100.0,2.5,102.5,drawing,yes,Plot Plan for Process & Utility,Labelled PROTECTION WALL (H=2.5); continues south.; Defaults: coping.,plan_offset;height_mismatch,medium
trench-pu-ne-001,,Spill trench to impound basin,trench,Process-Utility,Area_Process-Utility,1159.78,541.77,245607.58,3179694.05,99.0,1.0,100.0,indicative,yes,Plot Plan for Process & Utility,"Continues west along N~533.4 outside package.; Defaults: covered, floor_t, wall_t.",,low
trench-tank-01,,Spill collection trench to TC-06,trench,Tank,Area_Tank,1691.06,506.37,246101.15,3179494.3,99.2,0.8,100.0,indicative,yes,Plot Plan for Tank Area · p1,"Hatched double-line band running into basin TC-06 and hugging T-0004's south slab; interpreted as spill trench.; Defaults: covered, floor_t, wall_t.",,low
trench-tank-02,,Spill collection trench to TC-08,trench,Tank,Area_Tank,1641.53,412.81,246024.85,3179420.91,99.2,0.8,100.0,indicative,yes,Plot Plan for Tank Area · p1,"Hatched band into basin TC-08, hugging T-0007's north slab; east end by symmetry with the north trench.; Defaults: covered, floor_t, wall_t.",,low
trench-jetty-ii-01,,Ditch from loading platform to impounding basin 10-TC-02,trench,Jetty,Area_Jetty,2448.84,244.83,246739.16,3179008.92,107.3,0.8,108.1,indicative,yes,Plot Plan for Jetty Area · p1,"Labelled DITCH / CURB(H=200); offshore leg to the basin runs on its own support beside the catwalk.; Defaults: covered, floor_t, wall_t.",,low
gate-pu-ne-001,,Gate NE of pig launcher fence,gate,Process-Utility,Area_Process-Utility,1059.7,642.5,245544.02,3179821.02,100.0,2.0,102.0,indicative,yes,Plot Plan for Process & Utility,"Defaults: leaf_max, picket_spacing, post.",,medium
gate-pu-ne-002,,Gate SE of pig launcher fence,gate,Process-Utility,Area_Process-Utility,1059.7,600.5,245530.88,3179781.12,100.0,2.0,102.0,indicative,yes,Plot Plan for Process & Utility,"Defaults: leaf_max, picket_spacing, post.",,medium
gate-pu-south-1,,Gate in south inner fence,gate,Process-Utility,Area_Process-Utility,1028.55,261.3,245395.23,3179468.67,100.0,2.5,102.5,indicative,yes,Plot Plan for Process & Utility,"Single swing leaf drawn.; Defaults: leaf_max, picket_spacing, post.",,medium
gate-tank-01,,Trestle access gate,gate,Tank,Area_Tank,1912.9,555.1,246327.11,3179471.22,102.5,2.5,105.0,indicative,yes,Plot Plan for Tank Area · p1,"Double swing gate beside the gate house.; Defaults: leaf_max, picket_spacing, post.",plan_offset,medium
gate-jetty-1,,Trestle gate (north of junction),gate,Jetty,Area_Jetty,2386.1,549.3,246774.77,3179317.75,107.59,8.49,116.08,cloud,yes,Plot Plan for Jetty Area · p1,"Defaults: leaf_max, picket_spacing, post.",plan_offset,medium
gate-jetty-2,,Trestle gate (south of junction),gate,Jetty,Area_Jetty,2390.3,507.85,246765.79,3179277.06,108.9,7.41,116.31,cloud,yes,Plot Plan for Jetty Area · p1,"Defaults: leaf_max, picket_spacing, post.",plan_offset,medium
road-pu-ne-001,,Road E-W north of process blocks,road,Process-Utility,Area_Process-Utility,1098.5,650.5,245583.37,3179816.49,100.0,0.2,100.2,indicative,yes,Plot Plan for Process & Utility,"Dashed centreline at N~650.; Defaults: dash_m, gap_m, markings.",,medium
road-pu-ne-002,,Road E-W between pig launcher/metering and ORV/heater blocks,road,Process-Utility,Area_Process-Utility,1097.5,594.6,245564.94,3179763.7,100.0,0.2,100.2,indicative,yes,Plot Plan for Process & Utility,"Hatched band between block kerbs; may be a drainage ditch rather than road.; Defaults: dash_m, gap_m, markings.",,low
road-pu-ne-003,,N-S access between pig launcher area and process rack,road,Process-Utility,Area_Process-Utility,1060.0,621.25,245537.66,3179800.74,100.0,0.2,100.2,indicative,yes,Plot Plan for Process & Utility,"Hatched strip with gates at both ends.; Defaults: dash_m, gap_m, markings.",,low
road-process-utility-01,,Concrete access way N of process main PR,road,Process-Utility,Area_Process-Utility,1101.0,467.7,245528.59,3179642.07,100.0,0.2,100.2,indicative,yes,Plot Plan for Process & Utility,"Hatched band on drawing; light concrete strip in ortho.; Defaults: dash_m, gap_m, markings.",,medium
road-process-utility-02,,Concrete access way between ORVs I and H,road,Process-Utility,Area_Process-Utility,1031.45,509.65,245475.64,3179703.66,100.0,0.2,100.2,indicative,yes,Plot Plan for Process & Utility,"Defaults: dash_m, gap_m, markings.",,medium
road-process-utility-03,,Concrete access way N of ORV F,road,Process-Utility,Area_Process-Utility,1031.45,449.45,245456.82,3179646.48,100.0,0.2,100.2,indicative,yes,Plot Plan for Process & Utility,"Defaults: dash_m, gap_m, markings.",,medium
road-process-utility-04,,Concrete access way S of ORV E,road,Process-Utility,Area_Process-Utility,1031.45,407.85,245443.81,3179606.97,100.0,0.2,100.2,indicative,yes,Plot Plan for Process & Utility,"Defaults: dash_m, gap_m, markings.",,medium
road-process-utility-05,,Concrete path beside DCP packages,road,Process-Utility,Area_Process-Utility,1174.85,507.3,245611.12,3179656.59,100.0,0.2,100.2,indicative,yes,Plot Plan for Process & Utility,"Defaults: dash_m, gap_m, markings.",,medium
road-process-utility-06,,Road north of BOG compressor shelter,road,Process-Utility,Area_Process-Utility,1139.5,527.7,245583.92,3179687.02,100.0,0.2,100.2,indicative,yes,Plot Plan for Process & Utility,"Kerb lines on drawing; width/extent checked against ortho (ortho appears offset ~+6 E / -11 N vs drawing grid).; Defaults: dash_m, gap_m, markings.",,low
road-pu-orv-n,,Access road between ORV B and C,road,Process-Utility,Area_Process-Utility,1027.95,365.3,245427.18,3179567.65,100.0,0.2,100.2,indicative,yes,Plot Plan for Process & Utility,"Hatched 4 m band with fillets to the west road.; Defaults: dash_m, gap_m, markings.",,medium
road-pu-orv-s,,Access road south of ORV A,road,Process-Utility,Area_Process-Utility,1027.95,323.5,245414.11,3179527.94,100.0,0.2,100.2,indicative,yes,Plot Plan for Process & Utility,"Defaults: dash_m, gap_m, markings.",,medium
road-pu-scv-1,,Access road north of SCV C,road,Process-Utility,Area_Process-Utility,1113.55,380.0,245513.09,3179554.84,100.0,0.2,100.2,indicative,yes,Plot Plan for Process & Utility,"Defaults: dash_m, gap_m, markings.",,medium
road-pu-scv-2,,Access road between SCV B and C,road,Process-Utility,Area_Process-Utility,1138.75,356.0,245529.52,3179524.17,100.0,0.2,100.2,indicative,yes,Plot Plan for Process & Utility,"Defaults: dash_m, gap_m, markings.",,medium
road-pu-scv-3,,Access road between SCV A and B,road,Process-Utility,Area_Process-Utility,1113.55,332.0,245498.08,3179509.25,100.0,0.2,100.2,indicative,yes,Plot Plan for Process & Utility,"Defaults: dash_m, gap_m, markings.",,medium
road-pu-scv-ns,,Access road N-S east of SCVs,road,Process-Utility,Area_Process-Utility,1143.2,346.8,245530.87,3179514.04,100.0,0.2,100.2,indicative,yes,Plot Plan for Process & Utility,"Defaults: dash_m, gap_m, markings.",,medium
road-pu-south,,Perimeter road south of process block,road,Process-Utility,Area_Process-Utility,1107.5,270.0,245472.95,3179452.25,100.0,0.2,100.2,indicative,yes,Plot Plan for Process & Utility,"Edges N266/N274 with centreline; curves north at the west end.; Defaults: dash_m, gap_m, markings.",,medium
road-jetty-1,,Primary road on E-W trestle (W=5400),road,Jetty,Area_Jetty,2142.25,500.55,246527.9,3179347.69,104.5,0.2,104.7,indicative,yes,Plot Plan for Jetty Area · p1,"Defaults: dash_m, gap_m, markings.",,medium
road-jetty-2,,Primary road on N-S trestle (W=5400),road,Jetty,Area_Jetty,2375.1,684.25,246806.51,3179449.37,104.5,0.2,104.7,indicative,yes,Plot Plan for Jetty Area · p1,"Defaults: dash_m, gap_m, markings.",,medium
revetment-pu-ne-001,,Shoreline revetment / slope (north of plant),revetment,Process-Utility,Area_Process-Utility,1098.5,679.2,245592.35,3179843.75,99.6,0.4,100.0,indicative,yes,Plot Plan for Process & Utility,"Bands with alternating long/short ticks read as slope hatching (ortho shows rock armour and sea here, not pipe sleepers). Diagonal lines crossing from SW toward battery limit N703 are likely subsea pipelines/outfalls - not modelled.",,low
revetment-pu-01,,Breakwater roundhead (rock armour),revetment,Process-Utility,Area_Process-Utility,864.1,157.5,245206.57,3179421.5,95.0,6.0,101.0,indicative,yes,Plot Plan for Process & Utility,"Drawing shows a J-shaped crest end with radial slope hatching and an outer toe ring (radius ~34.6 m, centre ~E864 N157); ortho confirms a rock-armoured breakwater roundhead. Diameter taken between crest slope and toe.",,low
revetment-pu-03,,"Breakwater / outfall mole (south leg, rock armour both sides)",revetment,Process-Utility,Area_Process-Utility,867.2,213.5,245227.03,3179473.72,95.0,6.0,101.0,indicative,yes,Plot Plan for Process & Utility,Crest strip E864.1-870.1 (road on top) with hatched armour slopes E854.7-879.7; ortho shows a rock breakwater. Interpreted as the sea water outfall mole; no open channel visible.,,medium
revetment-pu-04,,"Shoreline revetment, diagonal (SW of plant)",revetment,Process-Utility,Area_Process-Utility,820.02,277.5,245202.23,3179549.26,95.0,5.5,100.5,indicative,yes,Plot Plan for Process & Utility,Hatched slope band from the E770 battery limit SE to the breakwater root; ortho shows rock armour along this shore. Width approximate.,,low
revetment-pu-05,,"Shoreline revetment, east-west (south of utilities)",revetment,Process-Utility,Area_Process-Utility,936.0,239.0,245300.35,3179476.43,95.0,5.5,100.5,indicative,yes,Plot Plan for Process & Utility,Three hatched slope bands N249.5-N228.8 east of E884; ortho shows rock armour shoreline. Continues east beyond package edge.,,low
platform-process-utility-30v0001,,30-V-0001 recondenser platform structure,platform,Process-Utility,Area_Process-Utility,1093.0,420.1,245506.11,3179599.36,100.0,22.6,122.6,drawing,yes,Plot Plan for Process & Utility,"Platform plans PF EL 104.000/108.000/113.150/117.050/122.600, 10 m x 13 m (3 m stair bay on north side); local PF 116.2/118.85/119.6/124.0 not modelled.; Defaults: beam_depth_m, bracing, column_section_m, column_spacing_m, grating_m, handrail, post_spacing_m, stair, stair_side.",plan_offset;height_mismatch,high
platform-process-utility-hp-pump-n,,HP pump vent drum platform (north row),platform,Process-Utility,Area_Process-Utility,1124.0,436.5,245540.68,3179605.24,100.0,4.5,104.5,drawing,yes,Plot Plan for Process & Utility,"Section B-B: 4000 wide cantilever platform at PF EL 104.500 carrying vent drums 30-V-0002.; Defaults: beam_depth_m, bracing, column_section_m, column_spacing_m, grating_m, handrail, post_spacing_m, stair, stair_side.",height_mismatch,medium
platform-pu-orv-ab,,ORV A/B header / operating structure,platform,Process-Utility,Area_Process-Utility,1044.5,344.5,245436.4,3179542.71,104.18,8.62,112.8,cloud,yes,Plot Plan for Process & Utility,"Column grid between ORV A and B panel banks (header area); function and height not stated.; Defaults: beam_depth_m, bracing, column_section_m, column_spacing_m, grating_m, handrail, post_spacing_m, stair, stair_side.",plan_offset,low
platform-pu-orv-cd,,ORV C/D header / operating structure,platform,Process-Utility,Area_Process-Utility,1044.5,386.7,245449.59,3179582.8,103.43,8.54,111.97,cloud,yes,Plot Plan for Process & Utility,"Column grid between ORV C and D panel banks.; Defaults: beam_depth_m, bracing, column_section_m, column_spacing_m, grating_m, handrail, post_spacing_m, stair, stair_side.",plan_offset,low
platform-pu-scv-c,,SCV C west structure,platform,Process-Utility,Area_Process-Utility,1090.4,369.6,245487.85,3179552.2,104.13,17.79,121.92,cloud,yes,Plot Plan for Process & Utility,"Column frame with stairs on a pad west of SCV C; function unlabelled.; Defaults: beam_depth_m, bracing, column_section_m, column_spacing_m, grating_m, handrail, post_spacing_m, stair, stair_side.",plan_offset,low
platform-pu-scv-b,,SCV B west structure,platform,Process-Utility,Area_Process-Utility,1090.4,345.6,245480.34,3179529.41,104.47,17.5,121.97,cloud,yes,Plot Plan for Process & Utility,"Defaults: beam_depth_m, bracing, column_section_m, column_spacing_m, grating_m, handrail, post_spacing_m, stair, stair_side.",plan_offset,low
platform-pu-scv-a,,SCV A west structure,platform,Process-Utility,Area_Process-Utility,1090.4,321.6,245472.84,3179506.61,104.85,17.86,122.71,cloud,yes,Plot Plan for Process & Utility,"Defaults: beam_depth_m, bracing, column_section_m, column_spacing_m, grating_m, handrail, post_spacing_m, stair, stair_side.",plan_offset,low
platform-pu-30-pr-001-vd,,30-PR-001 vent drum platform (4 m bay),platform,Process-Utility,Area_Process-Utility,1119.05,400.55,245524.74,3179572.64,100.0,4.5,104.5,drawing,yes,Plot Plan for Process & Utility,"Section B-B 4000 bay north of rack: PF EL 102.500 and 104.500 carrying vent drums.; Defaults: beam_depth_m, bracing, column_section_m, column_spacing_m, grating_m, handrail, post_spacing_m, stair, stair_side.",plan_offset;height_mismatch,medium
platform-jetty-1,,Loading arms platform elevated deck (column grid),platform,Jetty,Area_Jetty,2395.5,839.2,246874.34,3179590.17,107.74,16.37,124.11,cloud,yes,Plot Plan for Jetty Area · p1,"5x4 column grid with stairs at N and S edges, west of the arm row; interpreted as an elevated piping/operating deck.; Defaults: beam_depth_m, bracing, column_section_m, column_spacing_m, grating_m, handrail, post_spacing_m, stair, stair_side.",plan_offset,medium
platform-jetty-ii-arms-01,,Elevated loading arm structure / upper deck on column grid,platform,Jetty,Area_Jetty,2455.0,274.4,246754.25,3179035.09,108.86,17.12,125.98,cloud,yes,Plot Plan for Jetty Area · p1,"Rectangle with 5x6 column grid inside the jetty head; cloud shows a level at z~+0.4 (EL ~121) over it with arm structures above. Could be a canopy rather than a deck.; Defaults: beam_depth_m, bracing, column_section_m, grating_m, handrail, post_spacing_m, stair, stair_side.",plan_offset,low
transformer-pu-01,,70-SS-01 transformer bays north-west (4 bays),transformer,Process-Utility,Area_Process-Utility,878.25,366.8,245285.46,3179615.88,103.28,3.02,106.3,cloud,yes,Plot Plan for Process & Utility,Fire-walled bays on north side of 70-SS-01.; Defaults: firewalls.,plan_offset,medium
transformer-pu-02,,70-SS-01 transformer bays north-east (4 bays),transformer,Process-Utility,Area_Process-Utility,918.6,366.8,245323.79,3179603.26,103.38,1.29,104.67,cloud,yes,Plot Plan for Process & Utility,Defaults: firewalls.,plan_offset,medium
transformer-pu-03,,70-SS-01 transformer bays south-west (8 bays),transformer,Process-Utility,Area_Process-Utility,869.75,328.05,245265.27,3179581.73,104.03,10.08,114.11,cloud,yes,Plot Plan for Process & Utility,Defaults: firewalls.,plan_offset,medium
transformer-pu-04,,"70-SS-01 south-east bays (8 cells, transformer/reactor)",transformer,Process-Utility,Area_Process-Utility,921.4,329.8,245314.88,3179567.24,113.32,4.95,118.27,cloud,yes,Plot Plan for Process & Utility,Smaller cells with square symbols; may be NERs/auxiliary transformers rather than main transformers.; Defaults: firewalls.,plan_offset,low
transformer-tank-01,,Transformer bays at 20-SS-02 (west annex),transformer,Tank,Area_Tank,1868.5,645.6,246313.23,3179571.06,100.28,4.22,104.5,cloud,yes,Plot Plan for Tank Area · p1,"Walled annex with two equipment boxes; interpreted as transformers, untagged.; Defaults: bays, firewalls.",plan_offset,low
generator-pu-01,,Emergency diesel generator (north) - probably 70-A-0012-G-01,generator,Process-Utility,Area_Process-Utility,824.1,363.95,245233.13,3179630.1,103.27,1.56,104.83,cloud,yes,Plot Plan for Process & Utility,G-01..03 not individually labelled on the drawing; numbering N->S assumed. Radiator fans at west end (drawing + ortho).; Defaults: exhaust.,missing_in_cloud,medium
generator-pu-02,,Emergency diesel generator (middle) - probably 70-A-0012-G-02,generator,Process-Utility,Area_Process-Utility,824.1,349.95,245228.76,3179616.81,103.41,4.28,107.69,cloud,yes,Plot Plan for Process & Utility,Defaults: exhaust.,plan_offset,medium
generator-pu-03,,Emergency diesel generator (south) - probably 70-A-0012-G-03,generator,Process-Utility,Area_Process-Utility,824.1,335.85,245224.35,3179603.41,103.69,4.24,107.93,cloud,yes,Plot Plan for Process & Utility,Defaults: exhaust.,plan_offset,medium
storage-tank-small-pu-01,,Generator day tank (north) - probably 70-A-0012-V-01,storage_tank_small,Process-Utility,Area_Process-Utility,828.95,370.35,245239.74,3179634.67,100.2,2.8,103.0,indicative,yes,Plot Plan for Process & Utility,"Unit with access stair north of each generator, interpreted as day tank; not individually labelled.; Defaults: bund_h_m, handrail, ladder, roof, roof_slope.",missing_in_cloud,low
storage-tank-small-pu-02,,Generator day tank (middle) - probably 70-A-0012-V-02,storage_tank_small,Process-Utility,Area_Process-Utility,828.95,356.3,245235.35,3179621.32,100.2,2.8,103.0,indicative,yes,Plot Plan for Process & Utility,"Defaults: bund_h_m, handrail, ladder, roof, roof_slope.",missing_in_cloud,low
storage-tank-small-pu-03,,Generator day tank (south) - probably 70-A-0012-V-03,storage_tank_small,Process-Utility,Area_Process-Utility,828.95,342.4,245231.0,3179608.12,103.65,5.85,109.5,cloud,yes,Plot Plan for Process & Utility,"Defaults: bund_h_m, handrail, ladder, roof, roof_slope.",plan_offset,low
storage-tank-small-pu-04,,Round tank on utilities pad (AOC / treatment),storage_tank_small,Process-Utility,Area_Process-Utility,911.0,271.5,245286.77,3179515.12,100.0,5.0,105.0,indicative,yes,Plot Plan for Process & Utility,"Defaults: bund_h_m, handrail, ladder, roof, roof_slope.",missing_in_cloud,medium
storage-tank-small-pu-05,,Neutralization storage tank with agitator (probably 50-A-0004-V-01 / M-01),storage_tank_small,Process-Utility,Area_Process-Utility,958.0,274.9,245332.47,3179503.65,100.2,3.8,104.0,indicative,yes,Plot Plan for Process & Utility,"Sub-tags not printed on drawing.; Defaults: bund_h_m, handrail, ladder, roof_slope.",missing_in_cloud,medium
shelter-pu-01,,Canopy east of 70-UB-07 (dashed roof outline),shelter,Process-Utility,Area_Process-Utility,921.1,276.05,245297.78,3179516.28,100.0,4.5,104.5,indicative,yes,Plot Plan for Process & Utility,"Defaults: bay, beam_d, column, roof_overhang, roof_t, slab_t.",missing_in_cloud,low
shelter-building-01,,Fire station shelter / carport,shelter,Building,Area_Building,801.2,615.8,245290.13,3179876.49,98.4,0.37,98.77,cloud,yes,Plot Plan for Building Area · p1,,plan_offset;builder_fallback,low
other-pu-02,,Agitator drive on neutralization tank (probably 50-A-0004-M-01),other,Process-Utility,Area_Process-Utility,958.0,274.9,245332.47,3179503.65,104.0,1.0,105.0,indicative,yes,Plot Plan for Process & Utility,,,low
other-jetty-1,,Spill trough to impounding basin,other,Jetty,Area_Jetty,2379.9,874.2,246870.47,3179628.29,101.0,7.67,108.67,cloud,yes,Plot Plan for Jetty Area · p1,Parallel multi-line element from loading platform north lobe to the basin platform; interpreted as spill collection trough.,plan_offset,low
other-jetty-2,,Life boat,other,Jetty,Area_Jetty,2271.5,529.7,246659.78,3179334.96,104.5,2.5,107.0,indicative,yes,Plot Plan for Jetty Area · p1,"Labelled LIFE BOAT, at east end of substation platform.",,medium
other-jetty-3,,Emergency exit stair/ladder,other,Jetty,Area_Jetty,2266.6,538.9,246658.01,3179345.23,100.0,4.5,104.5,indicative,yes,Plot Plan for Jetty Area · p1,Labelled EMERGENCY EXIT; hatched stair on north edge of substation platform.,,low
other-building-01,,Fire station yard structure (training tower / tank?),other,Building,Area_Building,842.1,623.1,245331.26,3179870.63,98.48,1.23,99.71,cloud,yes,Plot Plan for Building Area · p1,Untagged box east of fire station; function not legible.,plan_offset,low
other-offshore-intake-pl1,,Sea water intake pipeline 1 (northmost),other,Offshore intake,Area_Offshore intake,1679.53,899.06,246212.99,3179870.91,82.5,2.5,85.0,indicative,yes,Overall Plotplan · p1,"Subsea intake line labelled 'WATER INTAKE'; one of four in a parallel bundle from the north shore (continues west of package edge x=0.45 across the revetment into the process area). Fans out at ~E2125 N1041 to intake head 1. Elevation indicative (subsea, below MSL).",,medium
other-offshore-intake-pl2,,Sea water intake pipeline 2,other,Offshore intake,Area_Offshore intake,1685.63,896.11,246217.86,3179866.2,82.5,2.5,85.0,indicative,yes,Overall Plotplan · p1,"Subsea intake line 'WATER INTAKE', second from north; ends at intake head 2. Continues west of package edge. Elevation indicative.",,medium
other-offshore-intake-pl3,,Sea water intake pipeline 3,other,Offshore intake,Area_Offshore intake,1680.23,888.73,246210.43,3179860.87,82.5,2.5,85.0,indicative,yes,Overall Plotplan · p1,"Subsea intake line 'WATER INTAKE', third from north; ends at intake head 3. Continues west of package edge. Elevation indicative.",,medium
other-offshore-intake-pl4,,Sea water intake pipeline 4 (southmost),other,Offshore intake,Area_Offshore intake,1690.58,886.44,246219.55,3179855.46,82.5,2.5,85.0,indicative,yes,Overall Plotplan · p1,"Subsea intake line 'WATER INTAKE', southmost; ends at intake head 4. Continues west of package edge. Elevation indicative.",,medium
other-offshore-intake-head-1,,Sea water intake head 1,other,Offshore intake,Area_Offshore intake,2197.6,1106.4,246769.91,3179905.85,82.0,6.0,88.0,indicative,yes,Overall Plotplan · p1,"Square intake head structure (drawn ~11.5 m square, aligned to UTM grid) at end of intake pipeline 1. Subsea; heights indicative.",,medium
other-offshore-intake-head-2,,Sea water intake head 2,other,Offshore intake,Area_Offshore intake,2220.6,1086.8,246785.63,3179880.04,82.0,6.0,88.0,indicative,yes,Overall Plotplan · p1,Square intake head at end of intake pipeline 2. Subsea; heights indicative.,,medium
other-offshore-intake-head-3,,Sea water intake head 3,other,Offshore intake,Area_Offshore intake,2215.2,1055.7,246770.78,3179852.19,82.0,6.0,88.0,indicative,yes,Overall Plotplan · p1,Square intake head at end of intake pipeline 3. Subsea; heights indicative.,,medium
other-offshore-intake-head-4,,Sea water intake head 4,other,Offshore intake,Area_Offshore intake,2235.7,1034.5,246783.62,3179825.65,82.0,6.0,88.0,indicative,yes,Overall Plotplan · p1,Square intake head at end of intake pipeline 4. Subsea; heights indicative.,,medium
pump-group-pu-01,,Neutralization dosing pumps skid (probably 50-A-0004-P-01A~C),pump_group,Process-Utility,Area_Process-Utility,962.95,274.9,245337.18,3179502.1,100.2,1.3,101.5,indicative,yes,Plot Plan for Process & Utility,"Defaults: driver, kind, pitch_m.",missing_in_cloud,low
stack-pu-scv-c,,SCV C exhaust stack,stack,Process-Utility,Area_Process-Utility,1112.2,372.6,245509.49,3179548.24,105.08,16.44,121.52,cloud,yes,Plot Plan for Process & Utility,"Circle on the SCV bath read as the exhaust stack; height not given.; Defaults: bands, ladder, platform, top_d_ratio.",,medium
stack-pu-scv-b,,SCV B exhaust stack,stack,Process-Utility,Area_Process-Utility,1112.2,348.6,245501.99,3179525.44,104.49,6.97,111.46,cloud,yes,Plot Plan for Process & Utility,"Defaults: bands, ladder, platform, top_d_ratio.",,medium
stack-pu-scv-a,,SCV A exhaust stack,stack,Process-Utility,Area_Process-Utility,1112.2,324.6,245494.48,3179502.64,104.79,7.12,111.91,cloud,yes,Plot Plan for Process & Utility,"Defaults: bands, ladder, platform, top_d_ratio.",,medium
stair-tower-pu-ns-rack,,Stair tower at south end of N-S process rack,stair_tower,Process-Utility,Area_Process-Utility,1070.4,314.6,245451.65,3179506.21,100.0,16.2,116.2,drawing,yes,Plot Plan for Process & Utility,"3000 stair bay of Section C-C, PF EL 103.0/106.0/108.5/112.5/116.2.; Defaults: base_slab, column_section_m, flight_rise_m, landing_m.",plan_offset;height_mismatch,medium
overbridge-tank-a,,Overbridge Structure-A,overbridge,Tank,Area_Tank,1306.9,486.4,245730.01,3179595.45,110.94,51.82,162.76,cloud,yes,Plot Plan for Tank Area · p1,"Labelled OVERBRIDGE STRUCTURE-A; spans N-S over north corridor road from 20-T-0001 unloading area to pipe corridor.; Defaults: beam_depth_m, column_section_m, columns_across, lines, n_tiers, pipe_fill, tier_gap_m.",plan_offset,high
overbridge-tank-b,,Overbridge Structure-B,overbridge,Tank,Area_Tank,1452.9,486.2,245868.63,3179549.61,110.5,52.19,162.69,cloud,yes,Plot Plan for Tank Area · p1,"Labelled OVERBRIDGE STRUCTURE-B.; Defaults: beam_depth_m, column_section_m, columns_across, lines, n_tiers, pipe_fill, tier_gap_m.",plan_offset,high
overbridge-tank-e,,Overbridge Structure-E,overbridge,Tank,Area_Tank,1294.5,435.1,245702.19,3179550.6,103.09,12.3,115.39,cloud,yes,Plot Plan for Tank Area · p1,"Labelled OVERBRIDGE STRUCTURE-E.; Defaults: beam_depth_m, column_section_m, columns_across, lines, n_tiers, pipe_fill, tier_gap_m.",plan_offset,high
overbridge-tank-f,,Overbridge Structure-F,overbridge,Tank,Area_Tank,1440.0,435.0,245840.37,3179505.01,102.99,12.25,115.24,cloud,yes,Plot Plan for Tank Area · p1,"Labelled OVERBRIDGE STRUCTURE-F.; Defaults: beam_depth_m, column_section_m, columns_across, lines, n_tiers, pipe_fill, tier_gap_m.",plan_offset,high
overbridge-tank-c,,Overbridge Structure-C,overbridge,Tank,Area_Tank,1598.85,484.95,246006.87,3179502.78,108.56,52.4,160.96,cloud,yes,Plot Plan for Tank Area · p1,"Spans N-S over the E-W tank road from T-0003 pump container to the pipe sleeper; outline = stippled concrete pad, columns at E1592.3/1604.1.; Defaults: beam_depth_m, column_section_m, lines, pipe_fill, tier_gap_m.",plan_offset,high
overbridge-tank-d,,Overbridge Structure-D,overbridge,Tank,Area_Tank,1745.15,484.95,246145.83,3179457.04,107.52,53.06,160.58,cloud,yes,Plot Plan for Tank Area · p1,"Defaults: beam_depth_m, column_section_m, lines, pipe_fill, tier_gap_m.",plan_offset,high
overbridge-tank-g,,Overbridge Structure-G,overbridge,Tank,Area_Tank,1585.85,434.75,245978.82,3179459.17,102.78,12.41,115.19,cloud,yes,Plot Plan for Tank Area · p1,"West edge just outside the package boundary.; Defaults: beam_depth_m, column_section_m, lines, pipe_fill, tier_gap_m.",plan_offset,high
overbridge-tank-h,,Overbridge Structure-H,overbridge,Tank,Area_Tank,1732.2,434.75,246117.84,3179413.41,102.38,12.07,114.45,cloud,yes,Plot Plan for Tank Area · p1,"Defaults: beam_depth_m, column_section_m, lines, pipe_fill, tier_gap_m.",plan_offset,high
overbridge-tank-i,,Overbridge Structure-I,overbridge,Tank,Area_Tank,1779.85,477.45,246176.45,3179439.06,101.15,5.35,106.5,cloud,yes,Plot Plan for Tank Area · p1,"Columns at E1764.9/1774.9/1784.9/1794.8, N472.5/482.4, stair on the north side.; Defaults: beam_depth_m, column_section_m, lines, pipe_fill, tier_gap_m.",missing_in_cloud,high
parking-tank-01,,Fire truck parking area,parking,Tank,Area_Tank,1867.7,564.1,246286.99,3179493.9,102.1,0.4,102.5,indicative,yes,Plot Plan for Tank Area · p1,"FG EL 102.500 marker in this area.; Defaults: markings, stall_d, stall_w.",,high
parking-building-01,,Parking row south of administration building,parking,Building,Area_Building,711.0,479.5,245161.83,3179775.23,99.8,0.2,100.0,indicative,yes,Plot Plan for Building Area · p1,"Unlabelled stall row; probably part of 80-B-08.; Defaults: markings, stall_d, stall_w.",,medium
jetty-platform-jetty-1,,Jetty I (Berth #47) loading platform,jetty_platform,Jetty,Area_Jetty,2397.29,840.77,246876.54,3179591.1,107.0,18.23,125.23,cloud,yes,Plot Plan for Jetty Area · p1,"Loading arms platform with 4 m maintenance access corridor loop and ditch/curb H=200. Deck EL assumed = HPFS 104.5 at trestle shore end; pile base at datum 92.5.; Defaults: bay_spacing_m, bollard_spacing_m, bracing, handrail, headstock, pile_d_m, pile_inset_m, pile_spacing_m, post_spacing_m.",plan_offset,medium
jetty-platform-jetty-2,,Jetty I service platform (operator house deck),jetty_platform,Jetty,Area_Jetty,2366.1,836.98,246845.72,3179597.26,108.15,8.74,116.89,cloud,yes,Plot Plan for Jetty Area · p1,"West of loading platform; carries 10-B-11, 10-AH-0001, 10-HEF-001, 10-SC-D-01.; Defaults: bay_spacing_m, bollard_spacing_m, bracing, deck_thickness_m, handrail, headstock, pile_d_m, pile_inset_m, pile_spacing_m, post_spacing_m.",plan_offset,medium
jetty-platform-jetty-3,,Trestle head west deck extension,jetty_platform,Jetty,Area_Jetty,2346.32,805.02,246816.94,3179573.08,108.44,6.24,114.68,cloud,yes,Plot Plan for Jetty Area · p1,"Rack loop bay west of the N-S trestle at the jetty head.; Defaults: bay_spacing_m, bollard_spacing_m, bracing, deck_thickness_m, handrail, headstock, pile_d_m, pile_inset_m, pile_spacing_m, post_spacing_m.",plan_offset,medium
jetty-platform-jetty-4,,Impounding basin platform,jetty_platform,Jetty,Area_Jetty,2369.52,886.86,246864.56,3179643.57,92.5,12.0,104.5,indicative,yes,Plot Plan for Jetty Area · p1,"Rotated square deck NW of loading platform carrying 10-TC-01, 10-P-0001, 10-HEG-001; R11000 circle drawn round it.; Defaults: bay_spacing_m, bollard_spacing_m, bracing, deck_thickness_m, handrail, headstock, pile_d_m, pile_inset_m, pile_spacing_m, post_spacing_m.",,medium
jetty-platform-jetty-5,,Trestle rack loop bay (N700-727),jetty_platform,Jetty,Area_Jetty,2355.77,714.51,246797.62,3179484.15,109.93,5.03,114.96,cloud,yes,Plot Plan for Jetty Area · p1,"Defaults: bay_spacing_m, bollard_spacing_m, bracing, deck_thickness_m, handrail, headstock, pile_d_m, pile_inset_m, pile_spacing_m, post_spacing_m.",plan_offset,medium
jetty-platform-jetty-6,,Trestle rack loop bay (N611-637),jetty_platform,Jetty,Area_Jetty,2365.27,623.99,246778.33,3179395.2,109.09,6.16,115.25,cloud,yes,Plot Plan for Jetty Area · p1,"Defaults: bay_spacing_m, bollard_spacing_m, bracing, deck_thickness_m, handrail, headstock, pile_d_m, pile_inset_m, pile_spacing_m, post_spacing_m.",plan_offset,medium
jetty-platform-jetty-7,,Trestle junction platform,jetty_platform,Jetty,Area_Jetty,2379.3,527.11,246761.37,3179298.8,107.07,10.11,117.18,cloud,yes,Plot Plan for Jetty Area · p1,"Junction of E-W trestle from shore and N-S trestle (north to Jetty I, south to Jetty II).; Defaults: bay_spacing_m, bollard_spacing_m, bracing, deck_thickness_m, handrail, headstock, pile_d_m, pile_inset_m, pile_spacing_m, post_spacing_m.",plan_offset,medium
jetty-platform-jetty-8,,Jetty substation / generator platform,jetty_platform,Jetty,Area_Jetty,2251.69,525.2,246639.56,3179336.88,108.46,21.36,129.82,cloud,yes,Plot Plan for Jetty Area · p1,"Deck north of E-W trestle carrying 10-SS-03 and emergency generator 10-A-0003.; Defaults: bay_spacing_m, bollard_spacing_m, bracing, deck_thickness_m, handrail, headstock, pile_d_m, pile_inset_m, pile_spacing_m, post_spacing_m.",plan_offset,medium
jetty-platform-jetty-9,,E-W trestle rack loop bay at substation,jetty_platform,Jetty,Area_Jetty,2254.85,495.83,246633.37,3179308.0,108.15,11.27,119.42,cloud,yes,Plot Plan for Jetty Area · p1,"Defaults: bay_spacing_m, bollard_spacing_m, bracing, deck_thickness_m, handrail, headstock, pile_d_m, pile_inset_m, pile_spacing_m, post_spacing_m.",plan_offset,medium
jetty-platform-jetty-10,,E-W trestle rack loop bay near shore,jetty_platform,Jetty,Area_Jetty,1971.95,468.39,246356.08,3179370.4,101.78,12.55,114.33,cloud,yes,Plot Plan for Jetty Area · p1,"Defaults: bay_spacing_m, bollard_spacing_m, bracing, deck_thickness_m, handrail, headstock, pile_d_m, pile_inset_m, pile_spacing_m, post_spacing_m.",plan_offset,low
jetty-platform-jetty-ii-bay-01,,"Trestle widening bay (west side, N411-437)",jetty_platform,Jetty,Area_Jetty,2386.38,423.79,246735.79,3179198.44,102.69,10.03,112.72,cloud,yes,Plot Plan for Jetty Area · p1,"Widening of the trestle rack band on the west side (probably rack expansion-loop bay); purpose not labelled.; Defaults: bay_spacing_m, bollard_spacing_m, bracing, deck_thickness_m, handrail, headstock, pile_d_m, pile_inset_m, pile_spacing_m, post_spacing_m.",plan_offset,low
jetty-platform-jetty-ii-bay-02,,"Trestle widening bay (west side, N314-340)",jetty_platform,Jetty,Area_Jetty,2396.57,327.11,246715.24,3179103.42,101.79,11.12,112.91,cloud,yes,Plot Plan for Jetty Area · p1,"Widening of the trestle rack band on the west side (probably rack expansion-loop bay); purpose not labelled.; Defaults: bay_spacing_m, bollard_spacing_m, bracing, deck_thickness_m, handrail, headstock, pile_d_m, pile_inset_m, pile_spacing_m, post_spacing_m.",plan_offset,low
jetty-platform-jetty-ii-head,,Jetty 2 area loading arms platform (jetty head incl. west service area),jetty_platform,Jetty,Area_Jetty,2441.51,271.91,246740.67,3179036.94,108.12,17.5,125.62,cloud,yes,Plot Plan for Jetty Area · p1,"Label 'JETTY 2 AREA LOADING ARMS PLATFORM'. Deck top from cloud plane z=-12.69. Outline rotated ~6 deg CCW from plant N like the trestle. Curb H=200 and loop road drawn on the deck.; Defaults: bay_spacing_m, bollard_spacing_m, bracing, deck_thickness_m, handrail, headstock, pile_d_m, pile_inset_m, pile_spacing_m, post_spacing_m.",plan_offset,medium
jetty-platform-flare-01,,Offshore flare platform,jetty_platform,Jetty,Area_Jetty,1989.5,343.1,246333.58,3179245.9,96.16,12.21,108.37,cloud,yes,Plot Plan for Jetty Area · p1,"Diamond (45 deg) piled deck; deck from cloud plane z=-14.0.; Defaults: bay_spacing_m, bollard_spacing_m, bracing, deck_thickness_m, handrail, headstock, pile_d_m, pile_inset_m, pile_spacing_m, post_spacing_m.",plan_offset,high
trestle-jetty-1,,Approach trestle E-W (shore E1923 to junction) with trestle pipe rack,trestle,Jetty,Area_Jetty,2142.25,497.25,246526.87,3179344.56,100.26,38.23,138.49,cloud,yes,Plot Plan for Jetty Area · p1,"Bearing ~84 deg. Shore-end SW corner marked N467.881 E1925.910; HPFS EL 104.500 at the shore end (deck top assumed 104.5 throughout). Trestle pipe rack on the south side, primary road W=5400 on north side.; Defaults: bay_spacing_m, bracing, deck_thickness_m, handrail, headstock, pile_d_m, pile_inset_m, pile_spacing_m, post_spacing_m.",plan_offset,medium
trestle-jetty-2,,Approach trestle N-S (junction to Jetty I) with trestle pipe rack,trestle,Jetty,Area_Jetty,2371.8,684.1,246803.33,3179450.26,106.67,10.43,117.1,cloud,yes,Plot Plan for Jetty Area · p1,"Trestle at 5.999 deg to plant north (dimensioned). Rack on west side, primary road W=5400 on east side.; Defaults: bay_spacing_m, bracing, deck_thickness_m, handrail, headstock, pile_d_m, pile_inset_m, pile_spacing_m, post_spacing_m.",plan_offset,medium
trestle-jetty-ii-01,,"Jetty II approach trestle (N-S, with pipe rack band on west side and 4 m access road)",trestle,Jetty,Area_Jetty,2405.7,367.5,246736.54,3179138.93,103.04,12.78,115.82,cloud,yes,Plot Plan for Jetty Area · p1,"Trestle continues north beyond package edge (N449). Deck top from cloud plane z=-12.74 (EL = z + 120.8, see package notes). base_el = MSL approx (ACD+1.06 = EL 93.56).; Defaults: bay_spacing_m, bracing, deck_thickness_m, handrail, headstock, pile_d_m, pile_inset_m, pile_spacing_m, post_spacing_m, rack_pipes.",plan_offset,medium
dolphin-jetty-md8,,Mooring dolphin MD8,dolphin,Jetty,Area_Jetty,2353.2,1054.4,246901.45,3179807.81,92.5,11.5,104.0,indicative,yes,Plot Plan for Jetty Area · p1,"Label MD8; carries 10-MH-11B01, 10-NA-11V01, 10-SE-11B01/02.; Defaults: cap_thickness_m, fender_side, pile_d_m, pile_inset_m, piles_across, piles_along.",,high
dolphin-jetty-md7,,Mooring dolphin MD7,dolphin,Jetty,Area_Jetty,2358.9,1002.3,246890.58,3179756.54,92.5,11.5,104.0,indicative,yes,Plot Plan for Jetty Area · p1,"Defaults: cap_thickness_m, fender_side, pile_d_m, pile_inset_m, piles_across, piles_along.",plan_offset,high
dolphin-jetty-md6,,Mooring dolphin MD6,dolphin,Jetty,Area_Jetty,2363.6,958.1,246881.22,3179713.08,105.56,1.58,107.14,cloud,yes,Plot Plan for Jetty Area · p1,"Defaults: cap_thickness_m, fender_side, pile_d_m, pile_inset_m, piles_across, piles_along.",plan_offset,high
dolphin-jetty-md5,,Mooring dolphin MD5,dolphin,Jetty,Area_Jetty,2365.9,932.4,246875.37,3179687.95,99.8,7.11,106.91,cloud,yes,Plot Plan for Jetty Area · p1,"Defaults: cap_thickness_m, fender_side, pile_d_m, pile_inset_m, piles_across, piles_along.",plan_offset,high
dolphin-jetty-bd4,,Breasting dolphin BD4,dolphin,Jetty,Area_Jetty,2405.5,891.7,246900.26,3179636.91,92.5,11.5,104.0,indicative,yes,Plot Plan for Jetty Area · p1,"Fender panel on east (berth) face.; Defaults: cap_thickness_m, pile_d_m, pile_inset_m, piles_across, piles_along.",plan_offset,high
dolphin-jetty-bd3,,Breasting dolphin BD3,dolphin,Jetty,Area_Jetty,2408.2,864.4,246894.28,3179610.14,99.8,9.28,109.08,cloud,yes,Plot Plan for Jetty Area · p1,"Abuts NE corner of loading platform.; Defaults: cap_thickness_m, pile_d_m, pile_inset_m, piles_across, piles_along.",plan_offset,high
dolphin-jetty-bd2,,Breasting dolphin BD2,dolphin,Jetty,Area_Jetty,2411.4,817.3,246882.6,3179564.4,108.75,35.72,144.47,cloud,yes,Plot Plan for Jetty Area · p1,"Abuts SE corner of loading platform; carries gangway 10-A-0004.; Defaults: cap_thickness_m, pile_d_m, pile_inset_m, piles_across, piles_along.",plan_offset,high
dolphin-jetty-bd1,,Breasting dolphin BD1,dolphin,Jetty,Area_Jetty,2415.6,784.0,246876.17,3179531.45,107.5,6.72,114.22,cloud,yes,Plot Plan for Jetty Area · p1,"Defaults: cap_thickness_m, pile_d_m, pile_inset_m, piles_across, piles_along.",plan_offset,high
dolphin-jetty-md4,,Mooring dolphin MD4,dolphin,Jetty,Area_Jetty,2386.6,739.3,246834.65,3179498.06,92.5,11.5,104.0,indicative,yes,Plot Plan for Jetty Area · p1,"Defaults: cap_thickness_m, fender_side, pile_d_m, pile_inset_m, piles_across, piles_along.",plan_offset,high
dolphin-jetty-md3,,Mooring dolphin MD3,dolphin,Jetty,Area_Jetty,2390.7,699.9,246826.23,3179459.36,92.5,11.5,104.0,indicative,yes,Plot Plan for Jetty Area · p1,"Defaults: cap_thickness_m, fender_side, pile_d_m, pile_inset_m, piles_across, piles_along.",plan_offset,high
dolphin-jetty-md2,,Mooring dolphin MD2,dolphin,Jetty,Area_Jetty,2394.2,666.2,246819.01,3179426.25,92.5,11.5,104.0,indicative,yes,Plot Plan for Jetty Area · p1,"Defaults: cap_thickness_m, fender_side, pile_d_m, pile_inset_m, piles_across, piles_along.",plan_offset,high
dolphin-jetty-md1,,Mooring dolphin MD1,dolphin,Jetty,Area_Jetty,2399.9,612.0,246807.48,3179372.99,92.5,11.5,104.0,indicative,yes,Plot Plan for Jetty Area · p1,"Defaults: cap_thickness_m, fender_side, pile_d_m, pile_inset_m, piles_across, piles_along.",missing_in_cloud,high
dolphin-jetty-ii-md7,,Mooring dolphin MD7 (Jetty II),dolphin,Jetty,Area_Jetty,2418.2,436.6,246770.02,3179200.66,93.6,14.7,108.3,cloud,yes,Plot Plan for Jetty Area · p1,"Defaults: bollards, cap_thickness_m, fender_side, pile_d_m, pile_inset_m, piles_across, piles_along.",missing_in_cloud,high
dolphin-jetty-ii-md6,,Mooring dolphin MD6 (Jetty II),dolphin,Jetty,Area_Jetty,2422.0,393.2,246760.06,3179158.25,93.6,14.7,108.3,cloud,yes,Plot Plan for Jetty Area · p1,"Defaults: bollards, cap_thickness_m, fender_side, pile_d_m, pile_inset_m, piles_across, piles_along.",missing_in_cloud,high
dolphin-jetty-ii-md5,,Mooring dolphin MD5 (Jetty II),dolphin,Jetty,Area_Jetty,2425.7,367.0,246755.38,3179132.21,93.6,14.7,108.3,cloud,yes,Plot Plan for Jetty Area · p1,"Defaults: bollards, cap_thickness_m, fender_side, pile_d_m, pile_inset_m, piles_across, piles_along.",missing_in_cloud,high
dolphin-jetty-ii-bd4,,Breasting dolphin BD4 (Jetty II),dolphin,Jetty,Area_Jetty,2463.4,326.4,246778.49,3179081.85,101.85,10.04,111.89,cloud,yes,Plot Plan for Jetty Area · p1,"Fender panel on east (berth) face.; Defaults: bollards, cap_thickness_m, pile_d_m, pile_inset_m, piles_across, piles_along.",plan_offset,high
dolphin-jetty-ii-bd3,,Breasting dolphin BD3 (Jetty II),dolphin,Jetty,Area_Jetty,2467.8,299.4,246774.23,3179054.83,100.27,9.72,109.99,cloud,yes,Plot Plan for Jetty Area · p1,"Cap top approx z=-12.3 in cloud. Fender on east face.; Defaults: bollards, cap_thickness_m, pile_d_m, pile_inset_m, piles_across, piles_along.",plan_offset,high
dolphin-jetty-ii-bd2,,Breasting dolphin BD2 (Jetty II),dolphin,Jetty,Area_Jetty,2470.1,251.9,246761.56,3179008.99,109.26,27.62,136.88,cloud,yes,Plot Plan for Jetty Area · p1,"Defaults: bollards, cap_thickness_m, pile_d_m, pile_inset_m, piles_across, piles_along.",plan_offset,high
dolphin-jetty-ii-bd1,,Breasting dolphin BD1 (Jetty II),dolphin,Jetty,Area_Jetty,2474.9,218.7,246755.74,3178975.96,107.58,4.61,112.19,cloud,yes,Plot Plan for Jetty Area · p1,"Defaults: bollards, cap_thickness_m, pile_d_m, pile_inset_m, piles_across, piles_along.",plan_offset,high
dolphin-jetty-ii-md4,,Mooring dolphin MD4 (Jetty II),dolphin,Jetty,Area_Jetty,2446.1,174.7,246714.63,3178943.17,93.6,14.7,108.3,cloud,yes,Plot Plan for Jetty Area · p1,"Defaults: bollards, cap_thickness_m, fender_side, pile_d_m, pile_inset_m, piles_across, piles_along.",,high
dolphin-jetty-ii-md3,,Mooring dolphin MD3 (Jetty II),dolphin,Jetty,Area_Jetty,2449.9,134.3,246705.6,3178903.61,93.6,14.7,108.3,cloud,yes,Plot Plan for Jetty Area · p1,"Defaults: bollards, cap_thickness_m, fender_side, pile_d_m, pile_inset_m, piles_across, piles_along.",plan_offset,high
dolphin-jetty-ii-md2,,Mooring dolphin MD2 (Jetty II),dolphin,Jetty,Area_Jetty,2453.4,102.0,246698.83,3178871.83,93.6,14.7,108.3,cloud,yes,Plot Plan for Jetty Area · p1,"Defaults: bollards, cap_thickness_m, fender_side, pile_d_m, pile_inset_m, piles_across, piles_along.",,high
dolphin-jetty-ii-md1,,Mooring dolphin MD1 (Jetty II),dolphin,Jetty,Area_Jetty,2458.8,46.6,246686.63,3178817.52,93.6,14.7,108.3,cloud,yes,Plot Plan for Jetty Area · p1,"Defaults: bollards, cap_thickness_m, fender_side, pile_d_m, pile_inset_m, piles_across, piles_along.",,high
dolphin-jetty-ii-sup-01,,Catwalk intermediate support MD5-BD4,dolphin,Jetty,Area_Jetty,2443.4,346.4,246765.75,3179107.1,93.6,13.2,106.8,indicative,yes,Plot Plan for Jetty Area · p1,"Defaults: cap_thickness_m, fender_side, pile_d_m, pile_inset_m.",plan_offset,medium
dolphin-jetty-ii-sup-02,,Catwalk intermediate support BD1-MD4,dolphin,Jetty,Area_Jetty,2458.9,196.2,246733.51,3178959.59,93.6,13.2,106.8,indicative,yes,Plot Plan for Jetty Area · p1,"Defaults: cap_thickness_m, fender_side, pile_d_m, pile_inset_m.",,medium
dolphin-jetty-ii-sup-03,,Catwalk intermediate support MD2-MD1,dolphin,Jetty,Area_Jetty,2455.5,73.5,246691.91,3178844.1,93.6,13.2,106.8,indicative,yes,Plot Plan for Jetty Area · p1,"Defaults: cap_thickness_m, fender_side, pile_d_m, pile_inset_m.",,medium
catwalk-jetty-1,,Catwalk MD8-MD7,catwalk,Jetty,Area_Jetty,2356.05,1028.25,246895.98,3179782.08,102.5,1.5,104.0,indicative,yes,Plot Plan for Jetty Area · p1,"Intermediate support at E2354.2 N1028.2.; Defaults: chord_m, grating_m, handrail, panel_m, post_spacing_m.",plan_offset,high
catwalk-jetty-2,,Catwalk MD7-MD6,catwalk,Jetty,Area_Jetty,2361.25,980.25,246885.91,3179734.86,102.5,1.5,104.0,indicative,yes,Plot Plan for Jetty Area · p1,"Defaults: chord_m, grating_m, handrail, panel_m, post_spacing_m.",plan_offset,high
catwalk-jetty-3,,Catwalk MD6-MD5,catwalk,Jetty,Area_Jetty,2364.75,945.25,246878.29,3179700.52,102.5,1.5,104.0,indicative,yes,Plot Plan for Jetty Area · p1,"Defaults: chord_m, grating_m, handrail, panel_m, post_spacing_m.",plan_offset,high
catwalk-jetty-4,,Catwalk MD5-BD4,catwalk,Jetty,Area_Jetty,2385.65,911.55,246887.61,3179661.97,100.27,6.91,107.18,cloud,yes,Plot Plan for Jetty Area · p1,"Intermediate support at E2384.4 N911.0.; Defaults: chord_m, grating_m, handrail, panel_m, post_spacing_m.",plan_offset,high
catwalk-jetty-5,,Catwalk BD4-BD3,catwalk,Jetty,Area_Jetty,2404.35,878.1,246894.91,3179624.35,101.72,6.99,108.71,cloud,yes,Plot Plan for Jetty Area · p1,"Defaults: chord_m, grating_m, handrail, panel_m, post_spacing_m.",plan_offset,high
catwalk-jetty-6,,Catwalk BD2-BD1,catwalk,Jetty,Area_Jetty,2413.1,800.75,246879.04,3179548.15,107.56,14.0,121.56,cloud,yes,Plot Plan for Jetty Area · p1,"Defaults: chord_m, grating_m, handrail, panel_m, post_spacing_m.",plan_offset,high
catwalk-jetty-7,,Catwalk BD1-MD4,catwalk,Jetty,Area_Jetty,2401.25,761.5,246855.51,3179514.57,102.5,1.5,104.0,indicative,yes,Plot Plan for Jetty Area · p1,"Intermediate support at E2399.4 N761.0.; Defaults: chord_m, grating_m, handrail, panel_m, post_spacing_m.",,high
catwalk-jetty-8,,Catwalk MD4-MD3,catwalk,Jetty,Area_Jetty,2388.65,719.5,246830.41,3179478.62,102.5,1.5,104.0,indicative,yes,Plot Plan for Jetty Area · p1,"Defaults: chord_m, grating_m, handrail, panel_m, post_spacing_m.",plan_offset,high
catwalk-jetty-9,,Catwalk MD3-MD2,catwalk,Jetty,Area_Jetty,2392.45,683.0,246822.6,3179442.76,102.5,1.5,104.0,indicative,yes,Plot Plan for Jetty Area · p1,"Defaults: chord_m, grating_m, handrail, panel_m, post_spacing_m.",plan_offset,high
catwalk-jetty-10,,Catwalk MD2-MD1,catwalk,Jetty,Area_Jetty,2397.05,639.15,246813.26,3179399.67,102.5,1.5,104.0,indicative,yes,Plot Plan for Jetty Area · p1,"Intermediate support at E2395.2 N637.8.; Defaults: chord_m, grating_m, handrail, panel_m, post_spacing_m.",plan_offset,high
catwalk-jetty-11,,Catwalk MD1-trestle,catwalk,Jetty,Area_Jetty,2391.7,608.25,246798.52,3179371.99,108.89,1.13,110.02,cloud,yes,Plot Plan for Jetty Area · p1,"Defaults: chord_m, grating_m, handrail, panel_m, post_spacing_m.",missing_in_cloud,high
catwalk-jetty-12,,Catwalk impounding basin platform - loading platform,catwalk,Jetty,Area_Jetty,2377.63,870.23,246867.08,3179625.24,100.95,9.23,110.18,cloud,yes,Plot Plan for Jetty Area · p1,"Labelled CATWALK.; Defaults: chord_m, grating_m, handrail, panel_m, post_spacing_m.",plan_offset,high
catwalk-jetty-ii-north,,Catwalk MD8-MD7-MD6-MD5-BD4-BD3 (Jetty II north),catwalk,Jetty,Area_Jetty,2436.06,371.62,246766.66,3179133.36,102.38,9.37,111.75,cloud,yes,Plot Plan for Jetty Area · p1,"Continues north of package edge to MD8.; Defaults: chord_m, grating_m, handrail, panel_m, post_spacing_m.",plan_offset,high
catwalk-jetty-ii-south,,Catwalk BD2-BD1-MD4-MD3-MD2-MD1 (Jetty II south),catwalk,Jetty,Area_Jetty,2457.3,149.71,246717.45,3178915.93,101.44,21.48,122.92,cloud,yes,Plot Plan for Jetty Area · p1,"Defaults: chord_m, grating_m, handrail, panel_m, post_spacing_m.",plan_offset,high
catwalk-jetty-ii-basin,,Catwalk jetty head to impounding basin 10-TC-02,catwalk,Jetty,Area_Jetty,2444.07,240.62,246733.31,3179006.42,107.74,9.56,117.3,cloud,yes,Plot Plan for Jetty Area · p1,"Defaults: chord_m, grating_m, handrail, panel_m, post_spacing_m.",plan_offset,high
revetment-pu-nw-01,,North shore rock revetment (process area west part),revetment,Process-Utility,Area_Process-Utility,924.5,680.0,245427.32,3179898.91,97.5,2.5,100.0,indicative,yes,Plot Plan for Process & Utility,"Hatched slope band between battery limit N703 and the north fence; was traced as three pipe racks, corrected in review (ortho shows rock armour/sea).",,medium
cloud-tank-pipe-loops-west,,"Tank area pipe rack expansion-loop band (south side, west)",pipe_rack,Tank,Area_Tank,1361.5,432.5,245765.02,3179527.18,100.0,19.0,119.0,cloud,yes,,"Unregistered cloud cluster cand-010 (137x34 m, top EL 119.0) south of the central tank pipe rack; ortho shows pipe expansion loops. Not separately tagged on the tank plot plan (likely part of TANK AREA PIPE RACK / SLEEPER).; Defaults: beam_depth_m, bent_spacing_m, bracing, column_section_m, columns_across, lines, n_tiers, pipe_fill, tier_gap_m.",unregistered,low
cloud-tank-pipe-loops-east,,"Tank area pipe rack expansion-loop band (south side, east)",pipe_rack,Tank,Area_Tank,1507.0,432.5,245903.22,3179481.68,100.0,19.0,119.0,cloud,yes,,"Unregistered cloud cluster cand-009 (136x34 m, top EL 119.0); expansion loops beside the central tank pipe rack.; Defaults: beam_depth_m, bent_spacing_m, bracing, column_section_m, columns_across, lines, n_tiers, pipe_fill, tier_gap_m.",unregistered,low
